endpoint,family,model_source,method,key_type,mean_all_test_mae,mean_unexposed_only_mae,mean_unexposed_minus_all_mae,mean_fraction_exposed,min_unexposed_rows
asap_hlm,ASAP,ChemRasayan,frozen_mix,connectivity_inchikey,0.3081281061929475,0.31304252054149445,0.0049144143485469844,0.1286231884057971,19
asap_hlm,ASAP,ChemRasayan,frozen_mix,standardized_exact,0.3081281061929475,0.31072334921177774,0.00259524301883024,0.11413043478260869,19
asap_hlm,ASAP,ChemRasayan,frozen_mix,tanimoto_ge_0_70,0.3081281061929475,0.31895194404170046,0.010823837848752987,0.21376811594202896,18
asap_hlm,ASAP,ChemRasayan,frozen_mix,tanimoto_ge_0_80,0.3081281061929475,0.31657368184902607,0.008445575656078572,0.1535326086956522,18
asap_hlm,ASAP,ChemRasayan,frozen_mix,tanimoto_ge_0_90,0.3081281061929475,0.31304252054149445,0.0049144143485469844,0.1286231884057971,19
asap_hlm,ASAP,ChemRasayan,frozen_mix,tanimoto_ge_0_95,0.3081281061929475,0.31304252054149445,0.0049144143485469844,0.1286231884057971,19
asap_hlm,ASAP,ChemRasayan,full_mix,connectivity_inchikey,0.3547830398965573,0.3498462941805567,-0.004936745716000705,0.1286231884057971,19
asap_hlm,ASAP,ChemRasayan,full_mix,standardized_exact,0.3547830398965573,0.3535396448796981,-0.0012433950168592907,0.11413043478260869,19
asap_hlm,ASAP,ChemRasayan,full_mix,tanimoto_ge_0_70,0.3547830398965573,0.33036552301014216,-0.024417516886415174,0.21376811594202896,18
asap_hlm,ASAP,ChemRasayan,full_mix,tanimoto_ge_0_80,0.3547830398965573,0.3366996341029855,-0.01808340579357187,0.1535326086956522,18
asap_hlm,ASAP,ChemRasayan,full_mix,tanimoto_ge_0_90,0.3547830398965573,0.3498462941805567,-0.004936745716000705,0.1286231884057971,19
asap_hlm,ASAP,ChemRasayan,full_mix,tanimoto_ge_0_95,0.3547830398965573,0.3498462941805567,-0.004936745716000705,0.1286231884057971,19
asap_hlm,ASAP,ChemRasayan,lora_mix,connectivity_inchikey,0.3298516844109948,0.3386647819766089,0.00881309756561402,0.1286231884057971,19
asap_hlm,ASAP,ChemRasayan,lora_mix,standardized_exact,0.3298516844109948,0.33709176826771253,0.007240083856717659,0.11413043478260869,19
asap_hlm,ASAP,ChemRasayan,lora_mix,tanimoto_ge_0_70,0.3298516844109948,0.33399049110652107,0.004138806695526215,0.21376811594202896,18
asap_hlm,ASAP,ChemRasayan,lora_mix,tanimoto_ge_0_80,0.3298516844109948,0.3351555639569895,0.00530387954599464,0.1535326086956522,18
asap_hlm,ASAP,ChemRasayan,lora_mix,tanimoto_ge_0_90,0.3298516844109948,0.3386647819766089,0.00881309756561402,0.1286231884057971,19
asap_hlm,ASAP,ChemRasayan,lora_mix,tanimoto_ge_0_95,0.3298516844109948,0.3386647819766089,0.00881309756561402,0.1286231884057971,19
asap_hlm,ASAP,ChemRasayan,validation_selected,connectivity_inchikey,0.33835182181143425,0.3286878404741293,-0.009663981337304969,0.1286231884057971,19
asap_hlm,ASAP,ChemRasayan,validation_selected,standardized_exact,0.33835182181143425,0.33238119117327064,-0.005970630638163554,0.11413043478260869,19
asap_hlm,ASAP,ChemRasayan,validation_selected,tanimoto_ge_0_70,0.33835182181143425,0.32408977869452904,-0.01426204311690519,0.21376811594202896,18
asap_hlm,ASAP,ChemRasayan,validation_selected,tanimoto_ge_0_80,0.33835182181143425,0.3203047969671484,-0.01804702484428583,0.1535326086956522,18
asap_hlm,ASAP,ChemRasayan,validation_selected,tanimoto_ge_0_90,0.33835182181143425,0.3286878404741293,-0.009663981337304969,0.1286231884057971,19
asap_hlm,ASAP,ChemRasayan,validation_selected,tanimoto_ge_0_95,0.33835182181143425,0.3286878404741293,-0.009663981337304969,0.1286231884057971,19
asap_hlm,ASAP,classical,dummy_median,connectivity_inchikey,0.4684524756422946,0.4587214686749192,-0.009731006967375408,0.1286231884057971,19
asap_hlm,ASAP,classical,dummy_median,standardized_exact,0.4684524756422946,0.45917763402098216,-0.009274841621312405,0.11413043478260869,19
asap_hlm,ASAP,classical,dummy_median,tanimoto_ge_0_70,0.4684524756422946,0.45905059914523144,-0.009401876497063144,0.21376811594202896,18
asap_hlm,ASAP,classical,dummy_median,tanimoto_ge_0_80,0.4684524756422946,0.4686821148961009,0.0002296392538062945,0.1535326086956522,18
asap_hlm,ASAP,classical,dummy_median,tanimoto_ge_0_90,0.4684524756422946,0.4587214686749192,-0.009731006967375408,0.1286231884057971,19
asap_hlm,ASAP,classical,dummy_median,tanimoto_ge_0_95,0.4684524756422946,0.4587214686749192,-0.009731006967375408,0.1286231884057971,19
asap_hlm,ASAP,classical,ecfp4_lgbm,connectivity_inchikey,0.3309175404050379,0.3536382488004197,0.0227207083953818,0.1286231884057971,19
asap_hlm,ASAP,classical,ecfp4_lgbm,standardized_exact,0.3309175404050379,0.3522029503025272,0.021285409897489244,0.11413043478260869,19
asap_hlm,ASAP,classical,ecfp4_lgbm,tanimoto_ge_0_70,0.3309175404050379,0.34572135836833323,0.014803817963295385,0.21376811594202896,18
asap_hlm,ASAP,classical,ecfp4_lgbm,tanimoto_ge_0_80,0.3309175404050379,0.3520288333392277,0.021111292934189785,0.1535326086956522,18
asap_hlm,ASAP,classical,ecfp4_lgbm,tanimoto_ge_0_90,0.3309175404050379,0.3536382488004197,0.0227207083953818,0.1286231884057971,19
asap_hlm,ASAP,classical,ecfp4_lgbm,tanimoto_ge_0_95,0.3309175404050379,0.3536382488004197,0.0227207083953818,0.1286231884057971,19
asap_hlm,ASAP,classical,ecfp4_rf,connectivity_inchikey,0.344707772455096,0.36067991627656587,0.015972143821469897,0.1286231884057971,19
asap_hlm,ASAP,classical,ecfp4_rf,standardized_exact,0.344707772455096,0.3572884003698455,0.012580627914749481,0.11413043478260869,19
asap_hlm,ASAP,classical,ecfp4_rf,tanimoto_ge_0_70,0.344707772455096,0.3426443508898512,-0.002063421565244731,0.21376811594202896,18
asap_hlm,ASAP,classical,ecfp4_rf,tanimoto_ge_0_80,0.344707772455096,0.352554758426781,0.007846985971685058,0.1535326086956522,18
asap_hlm,ASAP,classical,ecfp4_rf,tanimoto_ge_0_90,0.344707772455096,0.36067991627656587,0.015972143821469897,0.1286231884057971,19
asap_hlm,ASAP,classical,ecfp4_rf,tanimoto_ge_0_95,0.344707772455096,0.36067991627656587,0.015972143821469897,0.1286231884057971,19
asap_hlm,ASAP,classical,rdkit_desc_lgbm,connectivity_inchikey,0.38002960077121467,0.38873351636474807,0.00870391559353336,0.1286231884057971,19
asap_hlm,ASAP,classical,rdkit_desc_lgbm,standardized_exact,0.38002960077121467,0.38691586395002314,0.006886263178808453,0.11413043478260869,19
asap_hlm,ASAP,classical,rdkit_desc_lgbm,tanimoto_ge_0_70,0.38002960077121467,0.38267593475193723,0.0026463339807225408,0.21376811594202896,18
asap_hlm,ASAP,classical,rdkit_desc_lgbm,tanimoto_ge_0_80,0.38002960077121467,0.38288830864908086,0.002858707877866203,0.1535326086956522,18
asap_hlm,ASAP,classical,rdkit_desc_lgbm,tanimoto_ge_0_90,0.38002960077121467,0.38873351636474807,0.00870391559353336,0.1286231884057971,19
asap_hlm,ASAP,classical,rdkit_desc_lgbm,tanimoto_ge_0_95,0.38002960077121467,0.38873351636474807,0.00870391559353336,0.1286231884057971,19
asap_hlm,ASAP,classical,rdkit_desc_rf,connectivity_inchikey,0.3952068716204444,0.3962925697919173,0.0010856981714728968,0.1286231884057971,19
asap_hlm,ASAP,classical,rdkit_desc_rf,standardized_exact,0.3952068716204444,0.39596922515999106,0.0007623535395466785,0.11413043478260869,19
asap_hlm,ASAP,classical,rdkit_desc_rf,tanimoto_ge_0_70,0.3952068716204444,0.38854657409453225,-0.006660297525912092,0.21376811594202896,18
asap_hlm,ASAP,classical,rdkit_desc_rf,tanimoto_ge_0_80,0.3952068716204444,0.39280772566733696,-0.002399145953107399,0.1535326086956522,18
asap_hlm,ASAP,classical,rdkit_desc_rf,tanimoto_ge_0_90,0.3952068716204444,0.3962925697919173,0.0010856981714728968,0.1286231884057971,19
asap_hlm,ASAP,classical,rdkit_desc_rf,tanimoto_ge_0_95,0.3952068716204444,0.3962925697919173,0.0010856981714728968,0.1286231884057971,19
asap_ksol,ASAP,ChemRasayan,frozen_mix,connectivity_inchikey,0.3305562340804426,0.34774151380751106,0.017185279727068476,0.05293501048218029,44
asap_ksol,ASAP,ChemRasayan,frozen_mix,standardized_exact,0.3305562340804426,0.34774151380751106,0.017185279727068476,0.05293501048218029,44
asap_ksol,ASAP,ChemRasayan,frozen_mix,tanimoto_ge_0_70,0.3305562340804426,0.34609902275929105,0.015542788678848488,0.07180293501048218,44
asap_ksol,ASAP,ChemRasayan,frozen_mix,tanimoto_ge_0_80,0.3305562340804426,0.3474996698439303,0.01694343576348774,0.06551362683438156,44
asap_ksol,ASAP,ChemRasayan,frozen_mix,tanimoto_ge_0_90,0.3305562340804426,0.34774151380751106,0.017185279727068476,0.05293501048218029,44
asap_ksol,ASAP,ChemRasayan,frozen_mix,tanimoto_ge_0_95,0.3305562340804426,0.34774151380751106,0.017185279727068476,0.05293501048218029,44
asap_ksol,ASAP,ChemRasayan,full_mix,connectivity_inchikey,0.31485952673219836,0.3285514258634319,0.01369189913123355,0.05293501048218029,44
asap_ksol,ASAP,ChemRasayan,full_mix,standardized_exact,0.31485952673219836,0.3285514258634319,0.01369189913123355,0.05293501048218029,44
asap_ksol,ASAP,ChemRasayan,full_mix,tanimoto_ge_0_70,0.31485952673219836,0.32601966980014924,0.011160143067950878,0.07180293501048218,44
asap_ksol,ASAP,ChemRasayan,full_mix,tanimoto_ge_0_80,0.31485952673219836,0.32770064704225527,0.01284112031005689,0.06551362683438156,44
asap_ksol,ASAP,ChemRasayan,full_mix,tanimoto_ge_0_90,0.31485952673219836,0.3285514258634319,0.01369189913123355,0.05293501048218029,44
asap_ksol,ASAP,ChemRasayan,full_mix,tanimoto_ge_0_95,0.31485952673219836,0.3285514258634319,0.01369189913123355,0.05293501048218029,44
asap_ksol,ASAP,ChemRasayan,lora_mix,connectivity_inchikey,0.33437967074669733,0.352949801492509,0.01857013074581158,0.05293501048218029,44
asap_ksol,ASAP,ChemRasayan,lora_mix,standardized_exact,0.33437967074669733,0.352949801492509,0.01857013074581158,0.05293501048218029,44
asap_ksol,ASAP,ChemRasayan,lora_mix,tanimoto_ge_0_70,0.33437967074669733,0.35168507786872777,0.017305407122030398,0.07180293501048218,44
asap_ksol,ASAP,ChemRasayan,lora_mix,tanimoto_ge_0_80,0.33437967074669733,0.352411359806778,0.018031689060080697,0.06551362683438156,44
asap_ksol,ASAP,ChemRasayan,lora_mix,tanimoto_ge_0_90,0.33437967074669733,0.352949801492509,0.01857013074581158,0.05293501048218029,44
asap_ksol,ASAP,ChemRasayan,lora_mix,tanimoto_ge_0_95,0.33437967074669733,0.352949801492509,0.01857013074581158,0.05293501048218029,44
asap_ksol,ASAP,ChemRasayan,validation_selected,connectivity_inchikey,0.33604862607232727,0.35461875681813887,0.01857013074581158,0.05293501048218029,44
asap_ksol,ASAP,ChemRasayan,validation_selected,standardized_exact,0.33604862607232727,0.35461875681813887,0.01857013074581158,0.05293501048218029,44
asap_ksol,ASAP,ChemRasayan,validation_selected,tanimoto_ge_0_70,0.33604862607232727,0.3533540331943577,0.017305407122030398,0.07180293501048218,44
asap_ksol,ASAP,ChemRasayan,validation_selected,tanimoto_ge_0_80,0.33604862607232727,0.35408031513240806,0.018031689060080697,0.06551362683438156,44
asap_ksol,ASAP,ChemRasayan,validation_selected,tanimoto_ge_0_90,0.33604862607232727,0.35461875681813887,0.01857013074581158,0.05293501048218029,44
asap_ksol,ASAP,ChemRasayan,validation_selected,tanimoto_ge_0_95,0.33604862607232727,0.35461875681813887,0.01857013074581158,0.05293501048218029,44
asap_ksol,ASAP,classical,dummy_median,connectivity_inchikey,0.5299373124672027,0.5566583686122869,0.026721056145084243,0.05293501048218029,44
asap_ksol,ASAP,classical,dummy_median,standardized_exact,0.5299373124672027,0.5566583686122869,0.026721056145084243,0.05293501048218029,44
asap_ksol,ASAP,classical,dummy_median,tanimoto_ge_0_70,0.5299373124672027,0.5560243419851069,0.026087029517904297,0.07180293501048218,44
asap_ksol,ASAP,classical,dummy_median,tanimoto_ge_0_80,0.5299373124672027,0.5573638107883412,0.027426498321138564,0.06551362683438156,44
asap_ksol,ASAP,classical,dummy_median,tanimoto_ge_0_90,0.5299373124672027,0.5566583686122869,0.026721056145084243,0.05293501048218029,44
asap_ksol,ASAP,classical,dummy_median,tanimoto_ge_0_95,0.5299373124672027,0.5566583686122869,0.026721056145084243,0.05293501048218029,44
asap_ksol,ASAP,classical,ecfp4_lgbm,connectivity_inchikey,0.32890923796552857,0.34440251949805617,0.015493281532527547,0.05293501048218029,44
asap_ksol,ASAP,classical,ecfp4_lgbm,standardized_exact,0.32890923796552857,0.34440251949805617,0.015493281532527547,0.05293501048218029,44
asap_ksol,ASAP,classical,ecfp4_lgbm,tanimoto_ge_0_70,0.32890923796552857,0.3424104404459091,0.013501202480380503,0.07180293501048218,44
asap_ksol,ASAP,classical,ecfp4_lgbm,tanimoto_ge_0_80,0.32890923796552857,0.3443543825017099,0.015445144536181362,0.06551362683438156,44
asap_ksol,ASAP,classical,ecfp4_lgbm,tanimoto_ge_0_90,0.32890923796552857,0.34440251949805617,0.015493281532527547,0.05293501048218029,44
asap_ksol,ASAP,classical,ecfp4_lgbm,tanimoto_ge_0_95,0.32890923796552857,0.34440251949805617,0.015493281532527547,0.05293501048218029,44
asap_ksol,ASAP,classical,ecfp4_rf,connectivity_inchikey,0.39275791808473687,0.4088067125803361,0.01604879449559928,0.05293501048218029,44
asap_ksol,ASAP,classical,ecfp4_rf,standardized_exact,0.39275791808473687,0.4088067125803361,0.01604879449559928,0.05293501048218029,44
asap_ksol,ASAP,classical,ecfp4_rf,tanimoto_ge_0_70,0.39275791808473687,0.40876069887024985,0.016002780785513055,0.07180293501048218,44
asap_ksol,ASAP,classical,ecfp4_rf,tanimoto_ge_0_80,0.39275791808473687,0.4088158483127701,0.016057930228033274,0.06551362683438156,44
asap_ksol,ASAP,classical,ecfp4_rf,tanimoto_ge_0_90,0.39275791808473687,0.4088067125803361,0.01604879449559928,0.05293501048218029,44
asap_ksol,ASAP,classical,ecfp4_rf,tanimoto_ge_0_95,0.39275791808473687,0.4088067125803361,0.01604879449559928,0.05293501048218029,44
asap_ksol,ASAP,classical,rdkit_desc_lgbm,connectivity_inchikey,0.35853694332089736,0.37832088837365196,0.019783945052754586,0.05293501048218029,44
asap_ksol,ASAP,classical,rdkit_desc_lgbm,standardized_exact,0.35853694332089736,0.37832088837365196,0.019783945052754586,0.05293501048218029,44
asap_ksol,ASAP,classical,rdkit_desc_lgbm,tanimoto_ge_0_70,0.35853694332089736,0.37675018723540116,0.018213243914503758,0.07180293501048218,44
asap_ksol,ASAP,classical,rdkit_desc_lgbm,tanimoto_ge_0_80,0.35853694332089736,0.37784517532880413,0.01930823200790673,0.06551362683438156,44
asap_ksol,ASAP,classical,rdkit_desc_lgbm,tanimoto_ge_0_90,0.35853694332089736,0.37832088837365196,0.019783945052754586,0.05293501048218029,44
asap_ksol,ASAP,classical,rdkit_desc_lgbm,tanimoto_ge_0_95,0.35853694332089736,0.37832088837365196,0.019783945052754586,0.05293501048218029,44
asap_ksol,ASAP,classical,rdkit_desc_rf,connectivity_inchikey,0.40450358611767095,0.4222183522242353,0.017714766106564344,0.05293501048218029,44
asap_ksol,ASAP,classical,rdkit_desc_rf,standardized_exact,0.40450358611767095,0.4222183522242353,0.017714766106564344,0.05293501048218029,44
asap_ksol,ASAP,classical,rdkit_desc_rf,tanimoto_ge_0_70,0.40450358611767095,0.4218655469789881,0.01736196086131714,0.07180293501048218,44
asap_ksol,ASAP,classical,rdkit_desc_rf,tanimoto_ge_0_80,0.40450358611767095,0.4215022098287719,0.016998623711100964,0.06551362683438156,44
asap_ksol,ASAP,classical,rdkit_desc_rf,tanimoto_ge_0_90,0.40450358611767095,0.4222183522242353,0.017714766106564344,0.05293501048218029,44
asap_ksol,ASAP,classical,rdkit_desc_rf,tanimoto_ge_0_95,0.40450358611767095,0.4222183522242353,0.017714766106564344,0.05293501048218029,44
asap_logd,ASAP,ChemRasayan,frozen_mix,connectivity_inchikey,0.45722961319035105,0.46144641607204423,0.004216802881693238,0.13944753355217615,51
asap_logd,ASAP,ChemRasayan,frozen_mix,standardized_exact,0.45722961319035105,0.46144641607204423,0.004216802881693238,0.13944753355217615,51
asap_logd,ASAP,ChemRasayan,frozen_mix,tanimoto_ge_0_70,0.45722961319035105,0.4603330522919819,0.003103439101630856,0.1672911874827866,48
asap_logd,ASAP,ChemRasayan,frozen_mix,tanimoto_ge_0_80,0.45722961319035105,0.456947308110943,-0.0002823050794080369,0.1563996635477844,49
asap_logd,ASAP,ChemRasayan,frozen_mix,tanimoto_ge_0_90,0.45722961319035105,0.46144641607204423,0.004216802881693238,0.13944753355217615,51
asap_logd,ASAP,ChemRasayan,frozen_mix,tanimoto_ge_0_95,0.45722961319035105,0.46144641607204423,0.004216802881693238,0.13944753355217615,51
asap_logd,ASAP,ChemRasayan,full_mix,connectivity_inchikey,0.4714980384860095,0.4605497490448543,-0.010948289441155187,0.13944753355217615,51
asap_logd,ASAP,ChemRasayan,full_mix,standardized_exact,0.4714980384860095,0.4605497490448543,-0.010948289441155187,0.13944753355217615,51
asap_logd,ASAP,ChemRasayan,full_mix,tanimoto_ge_0_70,0.4714980384860095,0.4569982956816896,-0.014499742804319945,0.1672911874827866,48
asap_logd,ASAP,ChemRasayan,full_mix,tanimoto_ge_0_80,0.4714980384860095,0.4579300200390242,-0.013568018446985278,0.1563996635477844,49
asap_logd,ASAP,ChemRasayan,full_mix,tanimoto_ge_0_90,0.4714980384860095,0.4605497490448543,-0.010948289441155187,0.13944753355217615,51
asap_logd,ASAP,ChemRasayan,full_mix,tanimoto_ge_0_95,0.4714980384860095,0.4605497490448543,-0.010948289441155187,0.13944753355217615,51
asap_logd,ASAP,ChemRasayan,lora_mix,connectivity_inchikey,0.4537624833443948,0.4588856636686825,0.005123180324287768,0.13944753355217615,51
asap_logd,ASAP,ChemRasayan,lora_mix,standardized_exact,0.4537624833443948,0.4588856636686825,0.005123180324287768,0.13944753355217615,51
asap_logd,ASAP,ChemRasayan,lora_mix,tanimoto_ge_0_70,0.4537624833443948,0.458662173294524,0.00489968995012922,0.1672911874827866,48
asap_logd,ASAP,ChemRasayan,lora_mix,tanimoto_ge_0_80,0.4537624833443948,0.45917062401437336,0.005408140669978523,0.1563996635477844,49
asap_logd,ASAP,ChemRasayan,lora_mix,tanimoto_ge_0_90,0.4537624833443948,0.4588856636686825,0.005123180324287768,0.13944753355217615,51
asap_logd,ASAP,ChemRasayan,lora_mix,tanimoto_ge_0_95,0.4537624833443948,0.4588856636686825,0.005123180324287768,0.13944753355217615,51
asap_logd,ASAP,ChemRasayan,validation_selected,connectivity_inchikey,0.4671828490412602,0.4690193349325364,0.0018364858912761812,0.13944753355217615,51
asap_logd,ASAP,ChemRasayan,validation_selected,standardized_exact,0.4671828490412602,0.4690193349325364,0.0018364858912761812,0.13944753355217615,51
asap_logd,ASAP,ChemRasayan,validation_selected,tanimoto_ge_0_70,0.4671828490412602,0.4699027520819887,0.002719903040728574,0.1672911874827866,48
asap_logd,ASAP,ChemRasayan,validation_selected,tanimoto_ge_0_80,0.4671828490412602,0.46806668560126097,0.0008838365600008687,0.1563996635477844,49
asap_logd,ASAP,ChemRasayan,validation_selected,tanimoto_ge_0_90,0.4671828490412602,0.4690193349325364,0.0018364858912761812,0.13944753355217615,51
asap_logd,ASAP,ChemRasayan,validation_selected,tanimoto_ge_0_95,0.4671828490412602,0.4690193349325364,0.0018364858912761812,0.13944753355217615,51
asap_logd,ASAP,classical,dummy_median,connectivity_inchikey,1.0970180805847718,1.1119099491648512,0.01489186858007944,0.13944753355217615,51
asap_logd,ASAP,classical,dummy_median,standardized_exact,1.0970180805847718,1.1119099491648512,0.01489186858007944,0.13944753355217615,51
asap_logd,ASAP,classical,dummy_median,tanimoto_ge_0_70,1.0970180805847718,1.1172006487780297,0.020182568193257994,0.1672911874827866,48
asap_logd,ASAP,classical,dummy_median,tanimoto_ge_0_80,1.0970180805847718,1.1175276895943564,0.02050960900958454,0.1563996635477844,49
asap_logd,ASAP,classical,dummy_median,tanimoto_ge_0_90,1.0970180805847718,1.1119099491648512,0.01489186858007944,0.13944753355217615,51
asap_logd,ASAP,classical,dummy_median,tanimoto_ge_0_95,1.0970180805847718,1.1119099491648512,0.01489186858007944,0.13944753355217615,51
asap_logd,ASAP,classical,ecfp4_lgbm,connectivity_inchikey,0.6994915711907185,0.7016090684023317,0.002117497211613214,0.13944753355217615,51
asap_logd,ASAP,classical,ecfp4_lgbm,standardized_exact,0.6994915711907185,0.7016090684023317,0.002117497211613214,0.13944753355217615,51
asap_logd,ASAP,classical,ecfp4_lgbm,tanimoto_ge_0_70,0.6994915711907185,0.7054154420748743,0.005923870884155802,0.1672911874827866,48
asap_logd,ASAP,classical,ecfp4_lgbm,tanimoto_ge_0_80,0.6994915711907185,0.7027005493778011,0.0032089781870826193,0.1563996635477844,49
asap_logd,ASAP,classical,ecfp4_lgbm,tanimoto_ge_0_90,0.6994915711907185,0.7016090684023317,0.002117497211613214,0.13944753355217615,51
asap_logd,ASAP,classical,ecfp4_lgbm,tanimoto_ge_0_95,0.6994915711907185,0.7016090684023317,0.002117497211613214,0.13944753355217615,51
asap_logd,ASAP,classical,ecfp4_rf,connectivity_inchikey,0.7697301842298395,0.7748147878411684,0.00508460361132886,0.13944753355217615,51
asap_logd,ASAP,classical,ecfp4_rf,standardized_exact,0.7697301842298395,0.7748147878411684,0.00508460361132886,0.13944753355217615,51
asap_logd,ASAP,classical,ecfp4_rf,tanimoto_ge_0_70,0.7697301842298395,0.7768075242750276,0.007077340045188156,0.1672911874827866,48
asap_logd,ASAP,classical,ecfp4_rf,tanimoto_ge_0_80,0.7697301842298395,0.7790472194658817,0.00931703523604227,0.1563996635477844,49
asap_logd,ASAP,classical,ecfp4_rf,tanimoto_ge_0_90,0.7697301842298395,0.7748147878411684,0.00508460361132886,0.13944753355217615,51
asap_logd,ASAP,classical,ecfp4_rf,tanimoto_ge_0_95,0.7697301842298395,0.7748147878411684,0.00508460361132886,0.13944753355217615,51
asap_logd,ASAP,classical,rdkit_desc_lgbm,connectivity_inchikey,0.6623314185857798,0.6654456506462281,0.0031142320604482707,0.13944753355217615,51
asap_logd,ASAP,classical,rdkit_desc_lgbm,standardized_exact,0.6623314185857798,0.6654456506462281,0.0031142320604482707,0.13944753355217615,51
asap_logd,ASAP,classical,rdkit_desc_lgbm,tanimoto_ge_0_70,0.6623314185857798,0.6599569959010376,-0.0023744226847421577,0.1672911874827866,48
asap_logd,ASAP,classical,rdkit_desc_lgbm,tanimoto_ge_0_80,0.6623314185857798,0.6591195154352812,-0.0032119031504984443,0.1563996635477844,49
asap_logd,ASAP,classical,rdkit_desc_lgbm,tanimoto_ge_0_90,0.6623314185857798,0.6654456506462281,0.0031142320604482707,0.13944753355217615,51
asap_logd,ASAP,classical,rdkit_desc_lgbm,tanimoto_ge_0_95,0.6623314185857798,0.6654456506462281,0.0031142320604482707,0.13944753355217615,51
asap_logd,ASAP,classical,rdkit_desc_rf,connectivity_inchikey,0.6845799432412015,0.6897416480520039,0.005161704810802303,0.13944753355217615,51
asap_logd,ASAP,classical,rdkit_desc_rf,standardized_exact,0.6845799432412015,0.6897416480520039,0.005161704810802303,0.13944753355217615,51
asap_logd,ASAP,classical,rdkit_desc_rf,tanimoto_ge_0_70,0.6845799432412015,0.6940868690125318,0.009506925771330202,0.1672911874827866,48
asap_logd,ASAP,classical,rdkit_desc_rf,tanimoto_ge_0_80,0.6845799432412015,0.6922620130872824,0.007682069846080867,0.1563996635477844,49
asap_logd,ASAP,classical,rdkit_desc_rf,tanimoto_ge_0_90,0.6845799432412015,0.6897416480520039,0.005161704810802303,0.13944753355217615,51
asap_logd,ASAP,classical,rdkit_desc_rf,tanimoto_ge_0_95,0.6845799432412015,0.6897416480520039,0.005161704810802303,0.13944753355217615,51
asap_mdr1,ASAP,ChemRasayan,frozen_mix,connectivity_inchikey,0.3461567495497821,0.3452313353141317,-0.0009254142356503089,0.1067639876463406,46
asap_mdr1,ASAP,ChemRasayan,frozen_mix,standardized_exact,0.3461567495497821,0.3447422066934845,-0.0014145428562975144,0.10081160669395962,46
asap_mdr1,ASAP,ChemRasayan,frozen_mix,tanimoto_ge_0_70,0.3461567495497821,0.3518969824952361,0.005740232945454078,0.18267973856209152,42
asap_mdr1,ASAP,ChemRasayan,frozen_mix,tanimoto_ge_0_80,0.3461567495497821,0.3505347654987762,0.004378015948994137,0.14430977519212815,45
asap_mdr1,ASAP,ChemRasayan,frozen_mix,tanimoto_ge_0_90,0.3461567495497821,0.3452313353141317,-0.0009254142356503089,0.1067639876463406,46
asap_mdr1,ASAP,ChemRasayan,frozen_mix,tanimoto_ge_0_95,0.3461567495497821,0.3452313353141317,-0.0009254142356503089,0.1067639876463406,46
asap_mdr1,ASAP,ChemRasayan,full_mix,connectivity_inchikey,0.3234527083299592,0.3317308043375144,0.008278096007555191,0.1067639876463406,46
asap_mdr1,ASAP,ChemRasayan,full_mix,standardized_exact,0.3234527083299592,0.32940780632360095,0.0059550979936417075,0.10081160669395962,46
asap_mdr1,ASAP,ChemRasayan,full_mix,tanimoto_ge_0_70,0.3234527083299592,0.33673328255156815,0.013280574221608924,0.18267973856209152,42
asap_mdr1,ASAP,ChemRasayan,full_mix,tanimoto_ge_0_80,0.3234527083299592,0.3334155840640729,0.009962875734113677,0.14430977519212815,45
asap_mdr1,ASAP,ChemRasayan,full_mix,tanimoto_ge_0_90,0.3234527083299592,0.3317308043375144,0.008278096007555191,0.1067639876463406,46
asap_mdr1,ASAP,ChemRasayan,full_mix,tanimoto_ge_0_95,0.3234527083299592,0.3317308043375144,0.008278096007555191,0.1067639876463406,46
asap_mdr1,ASAP,ChemRasayan,lora_mix,connectivity_inchikey,0.3332412286156811,0.3385830231934637,0.005341794577782555,0.1067639876463406,46
asap_mdr1,ASAP,ChemRasayan,lora_mix,standardized_exact,0.3332412286156811,0.33732259585039537,0.0040813672347142504,0.10081160669395962,46
asap_mdr1,ASAP,ChemRasayan,lora_mix,tanimoto_ge_0_70,0.3332412286156811,0.34648941627888535,0.01324818766320418,0.18267973856209152,42
asap_mdr1,ASAP,ChemRasayan,lora_mix,tanimoto_ge_0_80,0.3332412286156811,0.3432256539618908,0.00998442534620971,0.14430977519212815,45
asap_mdr1,ASAP,ChemRasayan,lora_mix,tanimoto_ge_0_90,0.3332412286156811,0.3385830231934637,0.005341794577782555,0.1067639876463406,46
asap_mdr1,ASAP,ChemRasayan,lora_mix,tanimoto_ge_0_95,0.3332412286156811,0.3385830231934637,0.005341794577782555,0.1067639876463406,46
asap_mdr1,ASAP,ChemRasayan,validation_selected,connectivity_inchikey,0.3414363407046495,0.3476792035823612,0.006242862877711641,0.1067639876463406,46
asap_mdr1,ASAP,ChemRasayan,validation_selected,standardized_exact,0.3414363407046495,0.3464187762392929,0.004982435534643337,0.10081160669395962,46
asap_mdr1,ASAP,ChemRasayan,validation_selected,tanimoto_ge_0_70,0.3414363407046495,0.3546517446080051,0.013215403903355516,0.18267973856209152,42
asap_mdr1,ASAP,ChemRasayan,validation_selected,tanimoto_ge_0_80,0.3414363407046495,0.3511480305433799,0.009711689838730367,0.14430977519212815,45
asap_mdr1,ASAP,ChemRasayan,validation_selected,tanimoto_ge_0_90,0.3414363407046495,0.3476792035823612,0.006242862877711641,0.1067639876463406,46
asap_mdr1,ASAP,ChemRasayan,validation_selected,tanimoto_ge_0_95,0.3414363407046495,0.3476792035823612,0.006242862877711641,0.1067639876463406,46
asap_mdr1,ASAP,classical,dummy_median,connectivity_inchikey,0.4890160637123433,0.4872712765577372,-0.001744787154606094,0.1067639876463406,46
asap_mdr1,ASAP,classical,dummy_median,standardized_exact,0.4890160637123433,0.48491088465818327,-0.004105179054160117,0.10081160669395962,46
asap_mdr1,ASAP,classical,dummy_median,tanimoto_ge_0_70,0.4890160637123433,0.5032913841571132,0.014275320444769849,0.18267973856209152,42
asap_mdr1,ASAP,classical,dummy_median,tanimoto_ge_0_80,0.4890160637123433,0.49523332089561306,0.006217257183269764,0.14430977519212815,45
asap_mdr1,ASAP,classical,dummy_median,tanimoto_ge_0_90,0.4890160637123433,0.4872712765577372,-0.001744787154606094,0.1067639876463406,46
asap_mdr1,ASAP,classical,dummy_median,tanimoto_ge_0_95,0.4890160637123433,0.4872712765577372,-0.001744787154606094,0.1067639876463406,46
asap_mdr1,ASAP,classical,ecfp4_lgbm,connectivity_inchikey,0.34392982915130393,0.3406895199142396,-0.003240309237064254,0.1067639876463406,46
asap_mdr1,ASAP,classical,ecfp4_lgbm,standardized_exact,0.34392982915130393,0.3385946498286352,-0.00533517932266873,0.10081160669395962,46
asap_mdr1,ASAP,classical,ecfp4_lgbm,tanimoto_ge_0_70,0.34392982915130393,0.3511541741911457,0.007224345039841817,0.18267973856209152,42
asap_mdr1,ASAP,classical,ecfp4_lgbm,tanimoto_ge_0_80,0.34392982915130393,0.3473013497743164,0.0033715206230125285,0.14430977519212815,45
asap_mdr1,ASAP,classical,ecfp4_lgbm,tanimoto_ge_0_90,0.34392982915130393,0.3406895199142396,-0.003240309237064254,0.1067639876463406,46
asap_mdr1,ASAP,classical,ecfp4_lgbm,tanimoto_ge_0_95,0.34392982915130393,0.3406895199142396,-0.003240309237064254,0.1067639876463406,46
asap_mdr1,ASAP,classical,ecfp4_rf,connectivity_inchikey,0.3341180714633855,0.32701144823803535,-0.007106623225350106,0.1067639876463406,46
asap_mdr1,ASAP,classical,ecfp4_rf,standardized_exact,0.3341180714633855,0.324786960453999,-0.009331111009386495,0.10081160669395962,46
asap_mdr1,ASAP,classical,ecfp4_rf,tanimoto_ge_0_70,0.3341180714633855,0.3378370897448872,0.0037190182815016737,0.18267973856209152,42
asap_mdr1,ASAP,classical,ecfp4_rf,tanimoto_ge_0_80,0.3341180714633855,0.33391139146051946,-0.00020668000286601837,0.14430977519212815,45
asap_mdr1,ASAP,classical,ecfp4_rf,tanimoto_ge_0_90,0.3341180714633855,0.32701144823803535,-0.007106623225350106,0.1067639876463406,46
asap_mdr1,ASAP,classical,ecfp4_rf,tanimoto_ge_0_95,0.3341180714633855,0.32701144823803535,-0.007106623225350106,0.1067639876463406,46
asap_mdr1,ASAP,classical,rdkit_desc_lgbm,connectivity_inchikey,0.37725617594126576,0.38596000103059397,0.008703825089328229,0.1067639876463406,46
asap_mdr1,ASAP,classical,rdkit_desc_lgbm,standardized_exact,0.37725617594126576,0.3844457042831528,0.0071895283418870375,0.10081160669395962,46
asap_mdr1,ASAP,classical,rdkit_desc_lgbm,tanimoto_ge_0_70,0.37725617594126576,0.4069306143198809,0.029674438378615164,0.18267973856209152,42
asap_mdr1,ASAP,classical,rdkit_desc_lgbm,tanimoto_ge_0_80,0.37725617594126576,0.3996423066498808,0.02238613070861502,0.14430977519212815,45
asap_mdr1,ASAP,classical,rdkit_desc_lgbm,tanimoto_ge_0_90,0.37725617594126576,0.38596000103059397,0.008703825089328229,0.1067639876463406,46
asap_mdr1,ASAP,classical,rdkit_desc_lgbm,tanimoto_ge_0_95,0.37725617594126576,0.38596000103059397,0.008703825089328229,0.1067639876463406,46
asap_mdr1,ASAP,classical,rdkit_desc_rf,connectivity_inchikey,0.399266790556503,0.40528268877710777,0.006015898220604869,0.1067639876463406,46
asap_mdr1,ASAP,classical,rdkit_desc_rf,standardized_exact,0.399266790556503,0.4033785550393436,0.004111764482840656,0.10081160669395962,46
asap_mdr1,ASAP,classical,rdkit_desc_rf,tanimoto_ge_0_70,0.399266790556503,0.4242082141191122,0.024941423562609293,0.18267973856209152,42
asap_mdr1,ASAP,classical,rdkit_desc_rf,tanimoto_ge_0_80,0.399266790556503,0.4162275183600224,0.016960727803519482,0.14430977519212815,45
asap_mdr1,ASAP,classical,rdkit_desc_rf,tanimoto_ge_0_90,0.399266790556503,0.40528268877710777,0.006015898220604869,0.1067639876463406,46
asap_mdr1,ASAP,classical,rdkit_desc_rf,tanimoto_ge_0_95,0.399266790556503,0.40528268877710777,0.006015898220604869,0.1067639876463406,46
asap_mers,ASAP,ChemRasayan,frozen_mix,connectivity_inchikey,0.6088470871325291,0.6088470871325291,0.0,0.0,81
asap_mers,ASAP,ChemRasayan,frozen_mix,standardized_exact,0.6088470871325291,0.6088470871325291,0.0,0.0,81
asap_mers,ASAP,ChemRasayan,frozen_mix,tanimoto_ge_0_70,0.6088470871325291,0.6040106666640236,-0.004836420468505576,0.005649717514124294,81
asap_mers,ASAP,ChemRasayan,frozen_mix,tanimoto_ge_0_80,0.6088470871325291,0.6088470871325291,0.0,0.0,81
asap_mers,ASAP,ChemRasayan,frozen_mix,tanimoto_ge_0_90,0.6088470871325291,0.6088470871325291,0.0,0.0,81
asap_mers,ASAP,ChemRasayan,frozen_mix,tanimoto_ge_0_95,0.6088470871325291,0.6088470871325291,0.0,0.0,81
asap_mers,ASAP,ChemRasayan,full_mix,connectivity_inchikey,0.5569048724301217,0.5569048724301217,0.0,0.0,81
asap_mers,ASAP,ChemRasayan,full_mix,standardized_exact,0.5569048724301217,0.5569048724301217,0.0,0.0,81
asap_mers,ASAP,ChemRasayan,full_mix,tanimoto_ge_0_70,0.5569048724301217,0.554267961256402,-0.0026369111737196507,0.005649717514124294,81
asap_mers,ASAP,ChemRasayan,full_mix,tanimoto_ge_0_80,0.5569048724301217,0.5569048724301217,0.0,0.0,81
asap_mers,ASAP,ChemRasayan,full_mix,tanimoto_ge_0_90,0.5569048724301217,0.5569048724301217,0.0,0.0,81
asap_mers,ASAP,ChemRasayan,full_mix,tanimoto_ge_0_95,0.5569048724301217,0.5569048724301217,0.0,0.0,81
asap_mers,ASAP,ChemRasayan,lora_mix,connectivity_inchikey,0.5758404609419824,0.5758404609419824,0.0,0.0,81
asap_mers,ASAP,ChemRasayan,lora_mix,standardized_exact,0.5758404609419824,0.5758404609419824,0.0,0.0,81
asap_mers,ASAP,ChemRasayan,lora_mix,tanimoto_ge_0_70,0.5758404609419824,0.5716289270256212,-0.0042115339163611805,0.005649717514124294,81
asap_mers,ASAP,ChemRasayan,lora_mix,tanimoto_ge_0_80,0.5758404609419824,0.5758404609419824,0.0,0.0,81
asap_mers,ASAP,ChemRasayan,lora_mix,tanimoto_ge_0_90,0.5758404609419824,0.5758404609419824,0.0,0.0,81
asap_mers,ASAP,ChemRasayan,lora_mix,tanimoto_ge_0_95,0.5758404609419824,0.5758404609419824,0.0,0.0,81
asap_mers,ASAP,ChemRasayan,validation_selected,connectivity_inchikey,0.5569048724301217,0.5569048724301217,0.0,0.0,81
asap_mers,ASAP,ChemRasayan,validation_selected,standardized_exact,0.5569048724301217,0.5569048724301217,0.0,0.0,81
asap_mers,ASAP,ChemRasayan,validation_selected,tanimoto_ge_0_70,0.5569048724301217,0.554267961256402,-0.0026369111737196507,0.005649717514124294,81
asap_mers,ASAP,ChemRasayan,validation_selected,tanimoto_ge_0_80,0.5569048724301217,0.5569048724301217,0.0,0.0,81
asap_mers,ASAP,ChemRasayan,validation_selected,tanimoto_ge_0_90,0.5569048724301217,0.5569048724301217,0.0,0.0,81
asap_mers,ASAP,ChemRasayan,validation_selected,tanimoto_ge_0_95,0.5569048724301217,0.5569048724301217,0.0,0.0,81
asap_mers,ASAP,classical,dummy_median,connectivity_inchikey,0.5911581920903954,0.5911581920903954,0.0,0.0,81
asap_mers,ASAP,classical,dummy_median,standardized_exact,0.5911581920903954,0.5911581920903954,0.0,0.0,81
asap_mers,ASAP,classical,dummy_median,tanimoto_ge_0_70,0.5911581920903954,0.5875355542567698,-0.003622637833625523,0.005649717514124294,81
asap_mers,ASAP,classical,dummy_median,tanimoto_ge_0_80,0.5911581920903954,0.5911581920903954,0.0,0.0,81
asap_mers,ASAP,classical,dummy_median,tanimoto_ge_0_90,0.5911581920903954,0.5911581920903954,0.0,0.0,81
asap_mers,ASAP,classical,dummy_median,tanimoto_ge_0_95,0.5911581920903954,0.5911581920903954,0.0,0.0,81
asap_mers,ASAP,classical,ecfp4_lgbm,connectivity_inchikey,0.5539200799403343,0.5539200799403343,0.0,0.0,81
asap_mers,ASAP,classical,ecfp4_lgbm,standardized_exact,0.5539200799403343,0.5539200799403343,0.0,0.0,81
asap_mers,ASAP,classical,ecfp4_lgbm,tanimoto_ge_0_70,0.5539200799403343,0.5491054132709857,-0.004814666669348618,0.005649717514124294,81
asap_mers,ASAP,classical,ecfp4_lgbm,tanimoto_ge_0_80,0.5539200799403343,0.5539200799403343,0.0,0.0,81
asap_mers,ASAP,classical,ecfp4_lgbm,tanimoto_ge_0_90,0.5539200799403343,0.5539200799403343,0.0,0.0,81
asap_mers,ASAP,classical,ecfp4_lgbm,tanimoto_ge_0_95,0.5539200799403343,0.5539200799403343,0.0,0.0,81
asap_mers,ASAP,classical,ecfp4_rf,connectivity_inchikey,0.5814431609103518,0.5814431609103518,0.0,0.0,81
asap_mers,ASAP,classical,ecfp4_rf,standardized_exact,0.5814431609103518,0.5814431609103518,0.0,0.0,81
asap_mers,ASAP,classical,ecfp4_rf,tanimoto_ge_0_70,0.5814431609103518,0.5774798548746742,-0.003963306035677554,0.005649717514124294,81
asap_mers,ASAP,classical,ecfp4_rf,tanimoto_ge_0_80,0.5814431609103518,0.5814431609103518,0.0,0.0,81
asap_mers,ASAP,classical,ecfp4_rf,tanimoto_ge_0_90,0.5814431609103518,0.5814431609103518,0.0,0.0,81
asap_mers,ASAP,classical,ecfp4_rf,tanimoto_ge_0_95,0.5814431609103518,0.5814431609103518,0.0,0.0,81
asap_mers,ASAP,classical,rdkit_desc_lgbm,connectivity_inchikey,0.568435247755658,0.568435247755658,0.0,0.0,81
asap_mers,ASAP,classical,rdkit_desc_lgbm,standardized_exact,0.568435247755658,0.568435247755658,0.0,0.0,81
asap_mers,ASAP,classical,rdkit_desc_lgbm,tanimoto_ge_0_70,0.568435247755658,0.5630350448342782,-0.005400202921379808,0.005649717514124294,81
asap_mers,ASAP,classical,rdkit_desc_lgbm,tanimoto_ge_0_80,0.568435247755658,0.568435247755658,0.0,0.0,81
asap_mers,ASAP,classical,rdkit_desc_lgbm,tanimoto_ge_0_90,0.568435247755658,0.568435247755658,0.0,0.0,81
asap_mers,ASAP,classical,rdkit_desc_lgbm,tanimoto_ge_0_95,0.568435247755658,0.568435247755658,0.0,0.0,81
asap_mers,ASAP,classical,rdkit_desc_rf,connectivity_inchikey,0.5810766147861244,0.5810766147861244,0.0,0.0,81
asap_mers,ASAP,classical,rdkit_desc_rf,standardized_exact,0.5810766147861244,0.5810766147861244,0.0,0.0,81
asap_mers,ASAP,classical,rdkit_desc_rf,tanimoto_ge_0_70,0.5810766147861244,0.5761888287985166,-0.0048877859876077885,0.005649717514124294,81
asap_mers,ASAP,classical,rdkit_desc_rf,tanimoto_ge_0_80,0.5810766147861244,0.5810766147861244,0.0,0.0,81
asap_mers,ASAP,classical,rdkit_desc_rf,tanimoto_ge_0_90,0.5810766147861244,0.5810766147861244,0.0,0.0,81
asap_mers,ASAP,classical,rdkit_desc_rf,tanimoto_ge_0_95,0.5810766147861244,0.5810766147861244,0.0,0.0,81
asap_mlm,ASAP,ChemRasayan,frozen_mix,connectivity_inchikey,0.43310116007218213,0.4367338694183362,0.003632709346154043,0.04879371103280022,48
asap_mlm,ASAP,ChemRasayan,frozen_mix,standardized_exact,0.43310116007218213,0.4367338694183362,0.003632709346154043,0.04879371103280022,48
asap_mlm,ASAP,ChemRasayan,frozen_mix,tanimoto_ge_0_70,0.43310116007218213,0.4375230658934007,0.004421905821218579,0.053555615794704976,48
asap_mlm,ASAP,ChemRasayan,frozen_mix,tanimoto_ge_0_80,0.43310116007218213,0.4375230658934007,0.004421905821218579,0.053555615794704976,48
asap_mlm,ASAP,ChemRasayan,frozen_mix,tanimoto_ge_0_90,0.43310116007218213,0.4367338694183362,0.003632709346154043,0.04879371103280022,48
asap_mlm,ASAP,ChemRasayan,frozen_mix,tanimoto_ge_0_95,0.43310116007218213,0.4367338694183362,0.003632709346154043,0.04879371103280022,48
asap_mlm,ASAP,ChemRasayan,full_mix,connectivity_inchikey,0.491328038734875,0.4904463174047875,-0.0008817213300874593,0.04879371103280022,48
asap_mlm,ASAP,ChemRasayan,full_mix,standardized_exact,0.491328038734875,0.4904463174047875,-0.0008817213300874593,0.04879371103280022,48
asap_mlm,ASAP,ChemRasayan,full_mix,tanimoto_ge_0_70,0.491328038734875,0.4910401192403633,-0.0002879194945116237,0.053555615794704976,48
asap_mlm,ASAP,ChemRasayan,full_mix,tanimoto_ge_0_80,0.491328038734875,0.4910401192403633,-0.0002879194945116237,0.053555615794704976,48
asap_mlm,ASAP,ChemRasayan,full_mix,tanimoto_ge_0_90,0.491328038734875,0.4904463174047875,-0.0008817213300874593,0.04879371103280022,48
asap_mlm,ASAP,ChemRasayan,full_mix,tanimoto_ge_0_95,0.491328038734875,0.4904463174047875,-0.0008817213300874593,0.04879371103280022,48
asap_mlm,ASAP,ChemRasayan,lora_mix,connectivity_inchikey,0.4769449654636575,0.4764431197753707,-0.0005018456882868357,0.04879371103280022,48
asap_mlm,ASAP,ChemRasayan,lora_mix,standardized_exact,0.4769449654636575,0.4764431197753707,-0.0005018456882868357,0.04879371103280022,48
asap_mlm,ASAP,ChemRasayan,lora_mix,tanimoto_ge_0_70,0.4769449654636575,0.4735450223103803,-0.0033999431532771296,0.053555615794704976,48
asap_mlm,ASAP,ChemRasayan,lora_mix,tanimoto_ge_0_80,0.4769449654636575,0.4735450223103803,-0.0033999431532771296,0.053555615794704976,48
asap_mlm,ASAP,ChemRasayan,lora_mix,tanimoto_ge_0_90,0.4769449654636575,0.4764431197753707,-0.0005018456882868357,0.04879371103280022,48
asap_mlm,ASAP,ChemRasayan,lora_mix,tanimoto_ge_0_95,0.4769449654636575,0.4764431197753707,-0.0005018456882868357,0.04879371103280022,48
asap_mlm,ASAP,ChemRasayan,validation_selected,connectivity_inchikey,0.43310116007218213,0.4367338694183362,0.003632709346154043,0.04879371103280022,48
asap_mlm,ASAP,ChemRasayan,validation_selected,standardized_exact,0.43310116007218213,0.4367338694183362,0.003632709346154043,0.04879371103280022,48
asap_mlm,ASAP,ChemRasayan,validation_selected,tanimoto_ge_0_70,0.43310116007218213,0.4375230658934007,0.004421905821218579,0.053555615794704976,48
asap_mlm,ASAP,ChemRasayan,validation_selected,tanimoto_ge_0_80,0.43310116007218213,0.4375230658934007,0.004421905821218579,0.053555615794704976,48
asap_mlm,ASAP,ChemRasayan,validation_selected,tanimoto_ge_0_90,0.43310116007218213,0.4367338694183362,0.003632709346154043,0.04879371103280022,48
asap_mlm,ASAP,ChemRasayan,validation_selected,tanimoto_ge_0_95,0.43310116007218213,0.4367338694183362,0.003632709346154043,0.04879371103280022,48
asap_mlm,ASAP,classical,dummy_median,connectivity_inchikey,0.503994385735472,0.5078337047099443,0.003839318974472372,0.04879371103280022,48
asap_mlm,ASAP,classical,dummy_median,standardized_exact,0.503994385735472,0.5078337047099443,0.003839318974472372,0.04879371103280022,48
asap_mlm,ASAP,classical,dummy_median,tanimoto_ge_0_70,0.503994385735472,0.5049795287089767,0.0009851429735047712,0.053555615794704976,48
asap_mlm,ASAP,classical,dummy_median,tanimoto_ge_0_80,0.503994385735472,0.5049795287089767,0.0009851429735047712,0.053555615794704976,48
asap_mlm,ASAP,classical,dummy_median,tanimoto_ge_0_90,0.503994385735472,0.5078337047099443,0.003839318974472372,0.04879371103280022,48
asap_mlm,ASAP,classical,dummy_median,tanimoto_ge_0_95,0.503994385735472,0.5078337047099443,0.003839318974472372,0.04879371103280022,48
asap_mlm,ASAP,classical,ecfp4_lgbm,connectivity_inchikey,0.48310457847906235,0.49224725344167103,0.009142674962608677,0.04879371103280022,48
asap_mlm,ASAP,classical,ecfp4_lgbm,standardized_exact,0.48310457847906235,0.49224725344167103,0.009142674962608677,0.04879371103280022,48
asap_mlm,ASAP,classical,ecfp4_lgbm,tanimoto_ge_0_70,0.48310457847906235,0.4933264896862874,0.010221911207225043,0.053555615794704976,48
asap_mlm,ASAP,classical,ecfp4_lgbm,tanimoto_ge_0_80,0.48310457847906235,0.4933264896862874,0.010221911207225043,0.053555615794704976,48
asap_mlm,ASAP,classical,ecfp4_lgbm,tanimoto_ge_0_90,0.48310457847906235,0.49224725344167103,0.009142674962608677,0.04879371103280022,48
asap_mlm,ASAP,classical,ecfp4_lgbm,tanimoto_ge_0_95,0.48310457847906235,0.49224725344167103,0.009142674962608677,0.04879371103280022,48
asap_mlm,ASAP,classical,ecfp4_rf,connectivity_inchikey,0.4787299357327945,0.4866235833193236,0.00789364758652907,0.04879371103280022,48
asap_mlm,ASAP,classical,ecfp4_rf,standardized_exact,0.4787299357327945,0.4866235833193236,0.00789364758652907,0.04879371103280022,48
asap_mlm,ASAP,classical,ecfp4_rf,tanimoto_ge_0_70,0.4787299357327945,0.48750380287151934,0.008773867138724837,0.053555615794704976,48
asap_mlm,ASAP,classical,ecfp4_rf,tanimoto_ge_0_80,0.4787299357327945,0.48750380287151934,0.008773867138724837,0.053555615794704976,48
asap_mlm,ASAP,classical,ecfp4_rf,tanimoto_ge_0_90,0.4787299357327945,0.4866235833193236,0.00789364758652907,0.04879371103280022,48
asap_mlm,ASAP,classical,ecfp4_rf,tanimoto_ge_0_95,0.4787299357327945,0.4866235833193236,0.00789364758652907,0.04879371103280022,48
asap_mlm,ASAP,classical,rdkit_desc_lgbm,connectivity_inchikey,0.4588279623338556,0.46039653179260104,0.0015685694587454873,0.04879371103280022,48
asap_mlm,ASAP,classical,rdkit_desc_lgbm,standardized_exact,0.4588279623338556,0.46039653179260104,0.0015685694587454873,0.04879371103280022,48
asap_mlm,ASAP,classical,rdkit_desc_lgbm,tanimoto_ge_0_70,0.4588279623338556,0.46086479210692266,0.0020368297730671094,0.053555615794704976,48
asap_mlm,ASAP,classical,rdkit_desc_lgbm,tanimoto_ge_0_80,0.4588279623338556,0.46086479210692266,0.0020368297730671094,0.053555615794704976,48
asap_mlm,ASAP,classical,rdkit_desc_lgbm,tanimoto_ge_0_90,0.4588279623338556,0.46039653179260104,0.0015685694587454873,0.04879371103280022,48
asap_mlm,ASAP,classical,rdkit_desc_lgbm,tanimoto_ge_0_95,0.4588279623338556,0.46039653179260104,0.0015685694587454873,0.04879371103280022,48
asap_mlm,ASAP,classical,rdkit_desc_rf,connectivity_inchikey,0.4759059752345827,0.47508292371875566,-0.0008230515158271038,0.04879371103280022,48
asap_mlm,ASAP,classical,rdkit_desc_rf,standardized_exact,0.4759059752345827,0.47508292371875566,-0.0008230515158271038,0.04879371103280022,48
asap_mlm,ASAP,classical,rdkit_desc_rf,tanimoto_ge_0_70,0.4759059752345827,0.47659929806142004,0.0006933228268372801,0.053555615794704976,48
asap_mlm,ASAP,classical,rdkit_desc_rf,tanimoto_ge_0_80,0.4759059752345827,0.47659929806142004,0.0006933228268372801,0.053555615794704976,48
asap_mlm,ASAP,classical,rdkit_desc_rf,tanimoto_ge_0_90,0.4759059752345827,0.47508292371875566,-0.0008230515158271038,0.04879371103280022,48
asap_mlm,ASAP,classical,rdkit_desc_rf,tanimoto_ge_0_95,0.4759059752345827,0.47508292371875566,-0.0008230515158271038,0.04879371103280022,48
asap_sars,ASAP,ChemRasayan,frozen_mix,connectivity_inchikey,0.610631174778847,0.6113530969022012,0.0007219221233542017,0.004830917874396135,50
asap_sars,ASAP,ChemRasayan,frozen_mix,standardized_exact,0.610631174778847,0.610631174778847,0.0,0.0,50
asap_sars,ASAP,ChemRasayan,frozen_mix,tanimoto_ge_0_70,0.610631174778847,0.608085775128289,-0.002545399650558,0.00770448109278694,50
asap_sars,ASAP,ChemRasayan,frozen_mix,tanimoto_ge_0_80,0.610631174778847,0.6113530969022012,0.0007219221233542017,0.004830917874396135,50
asap_sars,ASAP,ChemRasayan,frozen_mix,tanimoto_ge_0_90,0.610631174778847,0.6113530969022012,0.0007219221233542017,0.004830917874396135,50
asap_sars,ASAP,ChemRasayan,frozen_mix,tanimoto_ge_0_95,0.610631174778847,0.6113530969022012,0.0007219221233542017,0.004830917874396135,50
asap_sars,ASAP,ChemRasayan,full_mix,connectivity_inchikey,0.6174334515493273,0.6139627415675742,-0.0034707099817530285,0.004830917874396135,50
asap_sars,ASAP,ChemRasayan,full_mix,standardized_exact,0.6174334515493273,0.6174334515493273,0.0,0.0,50
asap_sars,ASAP,ChemRasayan,full_mix,tanimoto_ge_0_70,0.6174334515493273,0.6129638087291344,-0.004469642820192947,0.00770448109278694,50
asap_sars,ASAP,ChemRasayan,full_mix,tanimoto_ge_0_80,0.6174334515493273,0.6139627415675742,-0.0034707099817530285,0.004830917874396135,50
asap_sars,ASAP,ChemRasayan,full_mix,tanimoto_ge_0_90,0.6174334515493273,0.6139627415675742,-0.0034707099817530285,0.004830917874396135,50
asap_sars,ASAP,ChemRasayan,full_mix,tanimoto_ge_0_95,0.6174334515493273,0.6139627415675742,-0.0034707099817530285,0.004830917874396135,50
asap_sars,ASAP,ChemRasayan,lora_mix,connectivity_inchikey,0.6306912241931759,0.629400347763433,-0.0012908764297429043,0.004830917874396135,50
asap_sars,ASAP,ChemRasayan,lora_mix,standardized_exact,0.6306912241931759,0.6306912241931759,0.0,0.0,50
asap_sars,ASAP,ChemRasayan,lora_mix,tanimoto_ge_0_70,0.6306912241931759,0.6283173101778022,-0.002373914015373605,0.00770448109278694,50
asap_sars,ASAP,ChemRasayan,lora_mix,tanimoto_ge_0_80,0.6306912241931759,0.629400347763433,-0.0012908764297429043,0.004830917874396135,50
asap_sars,ASAP,ChemRasayan,lora_mix,tanimoto_ge_0_90,0.6306912241931759,0.629400347763433,-0.0012908764297429043,0.004830917874396135,50
asap_sars,ASAP,ChemRasayan,lora_mix,tanimoto_ge_0_95,0.6306912241931759,0.629400347763433,-0.0012908764297429043,0.004830917874396135,50
asap_sars,ASAP,ChemRasayan,validation_selected,connectivity_inchikey,0.6403147554637153,0.6368440454819623,-0.0034707099817530285,0.004830917874396135,50
asap_sars,ASAP,ChemRasayan,validation_selected,standardized_exact,0.6403147554637153,0.6403147554637153,0.0,0.0,50
asap_sars,ASAP,ChemRasayan,validation_selected,tanimoto_ge_0_70,0.6403147554637153,0.6358451126435224,-0.004469642820192947,0.00770448109278694,50
asap_sars,ASAP,ChemRasayan,validation_selected,tanimoto_ge_0_80,0.6403147554637153,0.6368440454819623,-0.0034707099817530285,0.004830917874396135,50
asap_sars,ASAP,ChemRasayan,validation_selected,tanimoto_ge_0_90,0.6403147554637153,0.6368440454819623,-0.0034707099817530285,0.004830917874396135,50
asap_sars,ASAP,ChemRasayan,validation_selected,tanimoto_ge_0_95,0.6403147554637153,0.6368440454819623,-0.0034707099817530285,0.004830917874396135,50
asap_sars,ASAP,classical,dummy_median,connectivity_inchikey,0.7275200566383475,0.7253006761325221,-0.0022193805058255225,0.004830917874396135,50
asap_sars,ASAP,classical,dummy_median,standardized_exact,0.7275200566383475,0.7275200566383475,0.0,0.0,50
asap_sars,ASAP,classical,dummy_median,tanimoto_ge_0_70,0.7275200566383475,0.7248511508951406,-0.0026689057432068473,0.00770448109278694,50
asap_sars,ASAP,classical,dummy_median,tanimoto_ge_0_80,0.7275200566383475,0.7253006761325221,-0.0022193805058255225,0.004830917874396135,50
asap_sars,ASAP,classical,dummy_median,tanimoto_ge_0_90,0.7275200566383475,0.7253006761325221,-0.0022193805058255225,0.004830917874396135,50
asap_sars,ASAP,classical,dummy_median,tanimoto_ge_0_95,0.7275200566383475,0.7253006761325221,-0.0022193805058255225,0.004830917874396135,50
asap_sars,ASAP,classical,ecfp4_lgbm,connectivity_inchikey,0.5483310470189696,0.5419492540668874,-0.006381792952082114,0.004830917874396135,50
asap_sars,ASAP,classical,ecfp4_lgbm,standardized_exact,0.5483310470189696,0.5483310470189696,0.0,0.0,50
asap_sars,ASAP,classical,ecfp4_lgbm,tanimoto_ge_0_70,0.5483310470189696,0.5423496365113828,-0.0059814105075868635,0.00770448109278694,50
asap_sars,ASAP,classical,ecfp4_lgbm,tanimoto_ge_0_80,0.5483310470189696,0.5419492540668874,-0.006381792952082114,0.004830917874396135,50
asap_sars,ASAP,classical,ecfp4_lgbm,tanimoto_ge_0_90,0.5483310470189696,0.5419492540668874,-0.006381792952082114,0.004830917874396135,50
asap_sars,ASAP,classical,ecfp4_lgbm,tanimoto_ge_0_95,0.5483310470189696,0.5419492540668874,-0.006381792952082114,0.004830917874396135,50
asap_sars,ASAP,classical,ecfp4_rf,connectivity_inchikey,0.6014447695776196,0.5976228366716252,-0.0038219329059943443,0.004830917874396135,50
asap_sars,ASAP,classical,ecfp4_rf,standardized_exact,0.6014447695776196,0.6014447695776196,0.0,0.0,50
asap_sars,ASAP,classical,ecfp4_rf,tanimoto_ge_0_70,0.6014447695776196,0.5972091802091458,-0.00423558936847368,0.00770448109278694,50
asap_sars,ASAP,classical,ecfp4_rf,tanimoto_ge_0_80,0.6014447695776196,0.5976228366716252,-0.0038219329059943443,0.004830917874396135,50
asap_sars,ASAP,classical,ecfp4_rf,tanimoto_ge_0_90,0.6014447695776196,0.5976228366716252,-0.0038219329059943443,0.004830917874396135,50
asap_sars,ASAP,classical,ecfp4_rf,tanimoto_ge_0_95,0.6014447695776196,0.5976228366716252,-0.0038219329059943443,0.004830917874396135,50
asap_sars,ASAP,classical,rdkit_desc_lgbm,connectivity_inchikey,0.5808709234200422,0.5766287161062214,-0.004242207313820856,0.004830917874396135,50
asap_sars,ASAP,classical,rdkit_desc_lgbm,standardized_exact,0.5808709234200422,0.5808709234200422,0.0,0.0,50
asap_sars,ASAP,classical,rdkit_desc_lgbm,tanimoto_ge_0_70,0.5808709234200422,0.5756690784089565,-0.005201845011085671,0.00770448109278694,50
asap_sars,ASAP,classical,rdkit_desc_lgbm,tanimoto_ge_0_80,0.5808709234200422,0.5766287161062214,-0.004242207313820856,0.004830917874396135,50
asap_sars,ASAP,classical,rdkit_desc_lgbm,tanimoto_ge_0_90,0.5808709234200422,0.5766287161062214,-0.004242207313820856,0.004830917874396135,50
asap_sars,ASAP,classical,rdkit_desc_lgbm,tanimoto_ge_0_95,0.5808709234200422,0.5766287161062214,-0.004242207313820856,0.004830917874396135,50
asap_sars,ASAP,classical,rdkit_desc_rf,connectivity_inchikey,0.57425042905499,0.5716538898393039,-0.0025965392156862186,0.004830917874396135,50
asap_sars,ASAP,classical,rdkit_desc_rf,standardized_exact,0.57425042905499,0.57425042905499,0.0,0.0,50
asap_sars,ASAP,classical,rdkit_desc_rf,tanimoto_ge_0_70,0.57425042905499,0.5686725131441759,-0.005577915910814209,0.00770448109278694,50
asap_sars,ASAP,classical,rdkit_desc_rf,tanimoto_ge_0_80,0.57425042905499,0.5716538898393039,-0.0025965392156862186,0.004830917874396135,50
asap_sars,ASAP,classical,rdkit_desc_rf,tanimoto_ge_0_90,0.57425042905499,0.5716538898393039,-0.0025965392156862186,0.004830917874396135,50
asap_sars,ASAP,classical,rdkit_desc_rf,tanimoto_ge_0_95,0.57425042905499,0.5716538898393039,-0.0025965392156862186,0.004830917874396135,50
biogen_hlm,Biogen,classical,dummy_median,connectivity_inchikey,0.508126856073547,0.5115507270972871,0.003423871023740218,0.0764957264957265,69
biogen_hlm,Biogen,classical,dummy_median,standardized_exact,0.508126856073547,0.5114129722748535,0.0032861162013064584,0.0732905982905983,69
biogen_hlm,Biogen,classical,dummy_median,tanimoto_ge_0_70,0.508126856073547,0.5030674930692755,-0.005059363004271529,0.14978632478632478,64
biogen_hlm,Biogen,classical,dummy_median,tanimoto_ge_0_80,0.508126856073547,0.5067413323564933,-0.0013855237170537122,0.09623931623931625,68
biogen_hlm,Biogen,classical,dummy_median,tanimoto_ge_0_90,0.508126856073547,0.511726434232766,0.003599578159219056,0.08094017094017095,68
biogen_hlm,Biogen,classical,dummy_median,tanimoto_ge_0_95,0.508126856073547,0.511726434232766,0.003599578159219056,0.08094017094017095,68
biogen_hlm,Biogen,classical,ecfp4_lgbm,connectivity_inchikey,0.36088179595086806,0.3549935935417712,-0.005888202409096803,0.0764957264957265,69
biogen_hlm,Biogen,classical,ecfp4_lgbm,standardized_exact,0.36088179595086806,0.3538776545541806,-0.007004141396687498,0.0732905982905983,69
biogen_hlm,Biogen,classical,ecfp4_lgbm,tanimoto_ge_0_70,0.36088179595086806,0.3566684677115001,-0.004213328239367912,0.14978632478632478,64
biogen_hlm,Biogen,classical,ecfp4_lgbm,tanimoto_ge_0_80,0.36088179595086806,0.3562585380807047,-0.004623257870163304,0.09623931623931625,68
biogen_hlm,Biogen,classical,ecfp4_lgbm,tanimoto_ge_0_90,0.36088179595086806,0.35404046457076443,-0.006841331380103584,0.08094017094017095,68
biogen_hlm,Biogen,classical,ecfp4_lgbm,tanimoto_ge_0_95,0.36088179595086806,0.35404046457076443,-0.006841331380103584,0.08094017094017095,68
biogen_hlm,Biogen,classical,ecfp4_rf,connectivity_inchikey,0.4274323856997337,0.4294995591248685,0.0020671734251348495,0.0764957264957265,69
biogen_hlm,Biogen,classical,ecfp4_rf,standardized_exact,0.4274323856997337,0.4288480863525322,0.0014157006527985572,0.0732905982905983,69
biogen_hlm,Biogen,classical,ecfp4_rf,tanimoto_ge_0_70,0.4274323856997337,0.42014793426376834,-0.007284451435965326,0.14978632478632478,64
biogen_hlm,Biogen,classical,ecfp4_rf,tanimoto_ge_0_80,0.4274323856997337,0.4242692462267363,-0.0031631394729973263,0.09623931623931625,68
biogen_hlm,Biogen,classical,ecfp4_rf,tanimoto_ge_0_90,0.4274323856997337,0.42788254117785324,0.0004501554781196071,0.08094017094017095,68
biogen_hlm,Biogen,classical,ecfp4_rf,tanimoto_ge_0_95,0.4274323856997337,0.42788254117785324,0.0004501554781196071,0.08094017094017095,68
biogen_hlm,Biogen,classical,rdkit_desc_lgbm,connectivity_inchikey,0.3458510602236707,0.34094680171914815,-0.004904258504522548,0.0764957264957265,69
biogen_hlm,Biogen,classical,rdkit_desc_lgbm,standardized_exact,0.3458510602236707,0.3405413453488039,-0.005309714874866811,0.0732905982905983,69
biogen_hlm,Biogen,classical,rdkit_desc_lgbm,tanimoto_ge_0_70,0.3458510602236707,0.3465969999072424,0.0007459396835716725,0.14978632478632478,64
biogen_hlm,Biogen,classical,rdkit_desc_lgbm,tanimoto_ge_0_80,0.3458510602236707,0.3429116514432244,-0.0029394087804463323,0.09623931623931625,68
biogen_hlm,Biogen,classical,rdkit_desc_lgbm,tanimoto_ge_0_90,0.3458510602236707,0.3406928266569092,-0.005158233566761465,0.08094017094017095,68
biogen_hlm,Biogen,classical,rdkit_desc_lgbm,tanimoto_ge_0_95,0.3458510602236707,0.3406928266569092,-0.005158233566761465,0.08094017094017095,68
biogen_hlm,Biogen,classical,rdkit_desc_rf,connectivity_inchikey,0.37278019432937465,0.3695049809781343,-0.003275213351240369,0.0764957264957265,69
biogen_hlm,Biogen,classical,rdkit_desc_rf,standardized_exact,0.37278019432937465,0.3685800911499674,-0.004200103179407222,0.0732905982905983,69
biogen_hlm,Biogen,classical,rdkit_desc_rf,tanimoto_ge_0_70,0.37278019432937465,0.37189487092427526,-0.0008853234050993919,0.14978632478632478,64
biogen_hlm,Biogen,classical,rdkit_desc_rf,tanimoto_ge_0_80,0.37278019432937465,0.36997960883946074,-0.0028005854899138907,0.09623931623931625,68
biogen_hlm,Biogen,classical,rdkit_desc_rf,tanimoto_ge_0_90,0.37278019432937465,0.36916094480622363,-0.003619249523150995,0.08094017094017095,68
biogen_hlm,Biogen,classical,rdkit_desc_rf,tanimoto_ge_0_95,0.37278019432937465,0.36916094480622363,-0.003619249523150995,0.08094017094017095,68
biogen_hlm,Biogen ADME,ChemRasayan,frozen_mix,connectivity_inchikey,0.32712858611440987,0.3198033055845065,-0.007325280529903351,0.0764957264957265,69
biogen_hlm,Biogen ADME,ChemRasayan,frozen_mix,standardized_exact,0.32712858611440987,0.31861623277218404,-0.008512353342225812,0.0732905982905983,69
biogen_hlm,Biogen ADME,ChemRasayan,frozen_mix,tanimoto_ge_0_70,0.32712858611440987,0.32180398953393696,-0.005324596580472907,0.14978632478632478,64
biogen_hlm,Biogen ADME,ChemRasayan,frozen_mix,tanimoto_ge_0_80,0.32712858611440987,0.32253096969208556,-0.004597616422324313,0.09623931623931625,68
biogen_hlm,Biogen ADME,ChemRasayan,frozen_mix,tanimoto_ge_0_90,0.32712858611440987,0.31868482881241506,-0.008443757301994814,0.08094017094017095,68
biogen_hlm,Biogen ADME,ChemRasayan,frozen_mix,tanimoto_ge_0_95,0.32712858611440987,0.31868482881241506,-0.008443757301994814,0.08094017094017095,68
biogen_hlm,Biogen ADME,ChemRasayan,full_mix,connectivity_inchikey,0.32730746806259425,0.31574291200332866,-0.011564556059265577,0.0764957264957265,69
biogen_hlm,Biogen ADME,ChemRasayan,full_mix,standardized_exact,0.32730746806259425,0.3166228215059285,-0.01068464655666577,0.0732905982905983,69
biogen_hlm,Biogen ADME,ChemRasayan,full_mix,tanimoto_ge_0_70,0.32730746806259425,0.3140062198384503,-0.013301248224143969,0.14978632478632478,64
biogen_hlm,Biogen ADME,ChemRasayan,full_mix,tanimoto_ge_0_80,0.32730746806259425,0.3163028954336115,-0.011004572628982764,0.09623931623931625,68
biogen_hlm,Biogen ADME,ChemRasayan,full_mix,tanimoto_ge_0_90,0.32730746806259425,0.31510832735005284,-0.012199140712541431,0.08094017094017095,68
biogen_hlm,Biogen ADME,ChemRasayan,full_mix,tanimoto_ge_0_95,0.32730746806259425,0.31510832735005284,-0.012199140712541431,0.08094017094017095,68
biogen_hlm,Biogen ADME,ChemRasayan,lora_mix,connectivity_inchikey,0.3334996933786649,0.31567936481611186,-0.017820328562552983,0.0764957264957265,69
biogen_hlm,Biogen ADME,ChemRasayan,lora_mix,standardized_exact,0.3334996933786649,0.3161806302800307,-0.01731906309863418,0.0732905982905983,69
biogen_hlm,Biogen ADME,ChemRasayan,lora_mix,tanimoto_ge_0_70,0.3334996933786649,0.31449150773943463,-0.019008185639230273,0.14978632478632478,64
biogen_hlm,Biogen ADME,ChemRasayan,lora_mix,tanimoto_ge_0_80,0.3334996933786649,0.3158024899262649,-0.017697203452399963,0.09623931623931625,68
biogen_hlm,Biogen ADME,ChemRasayan,lora_mix,tanimoto_ge_0_90,0.3334996933786649,0.31478175359002825,-0.018717939788636635,0.08094017094017095,68
biogen_hlm,Biogen ADME,ChemRasayan,lora_mix,tanimoto_ge_0_95,0.3334996933786649,0.31478175359002825,-0.018717939788636635,0.08094017094017095,68
biogen_hlm,Biogen ADME,ChemRasayan,validation_selected,connectivity_inchikey,0.329832762259336,0.31906100234000817,-0.010771759919327847,0.0764957264957265,69
biogen_hlm,Biogen ADME,ChemRasayan,validation_selected,standardized_exact,0.329832762259336,0.31956226780392694,-0.010270494455409044,0.0732905982905983,69
biogen_hlm,Biogen ADME,ChemRasayan,validation_selected,tanimoto_ge_0_70,0.329832762259336,0.3175185443199993,-0.01231421793933668,0.14978632478632478,64
biogen_hlm,Biogen ADME,ChemRasayan,validation_selected,tanimoto_ge_0_80,0.329832762259336,0.31980751578671246,-0.01002524647262352,0.09623931623931625,68
biogen_hlm,Biogen ADME,ChemRasayan,validation_selected,tanimoto_ge_0_90,0.329832762259336,0.31842641768673224,-0.0114063445726037,0.08094017094017095,68
biogen_hlm,Biogen ADME,ChemRasayan,validation_selected,tanimoto_ge_0_95,0.329832762259336,0.31842641768673224,-0.0114063445726037,0.08094017094017095,68
biogen_hppb,Biogen,classical,dummy_median,connectivity_inchikey,0.7055621352038095,0.6664927669115497,-0.0390693682922599,0.06174603174603174,19
biogen_hppb,Biogen,classical,dummy_median,standardized_exact,0.7055621352038095,0.6664927669115497,-0.0390693682922599,0.06174603174603174,19
biogen_hppb,Biogen,classical,dummy_median,tanimoto_ge_0_70,0.7055621352038095,0.6126260711079922,-0.0929360640958174,0.13095238095238096,18
biogen_hppb,Biogen,classical,dummy_median,tanimoto_ge_0_80,0.7055621352038095,0.6375051823774366,-0.06805695282637296,0.07761904761904762,18
biogen_hppb,Biogen,classical,dummy_median,tanimoto_ge_0_90,0.7055621352038095,0.6664927669115497,-0.0390693682922599,0.06174603174603174,19
biogen_hppb,Biogen,classical,dummy_median,tanimoto_ge_0_95,0.7055621352038095,0.6664927669115497,-0.0390693682922599,0.06174603174603174,19
biogen_hppb,Biogen,classical,ecfp4_lgbm,connectivity_inchikey,0.48196273076338453,0.45208348117139163,-0.029879249591992896,0.06174603174603174,19
biogen_hppb,Biogen,classical,ecfp4_lgbm,standardized_exact,0.48196273076338453,0.45208348117139163,-0.029879249591992896,0.06174603174603174,19
biogen_hppb,Biogen,classical,ecfp4_lgbm,tanimoto_ge_0_70,0.48196273076338453,0.43248522024731395,-0.04947751051607056,0.13095238095238096,18
biogen_hppb,Biogen,classical,ecfp4_lgbm,tanimoto_ge_0_80,0.48196273076338453,0.4321803843483685,-0.04978234641501598,0.07761904761904762,18
biogen_hppb,Biogen,classical,ecfp4_lgbm,tanimoto_ge_0_90,0.48196273076338453,0.45208348117139163,-0.029879249591992896,0.06174603174603174,19
biogen_hppb,Biogen,classical,ecfp4_lgbm,tanimoto_ge_0_95,0.48196273076338453,0.45208348117139163,-0.029879249591992896,0.06174603174603174,19
biogen_hppb,Biogen,classical,ecfp4_rf,connectivity_inchikey,0.5545061913489393,0.5266863665407252,-0.027819824808214006,0.06174603174603174,19
biogen_hppb,Biogen,classical,ecfp4_rf,standardized_exact,0.5545061913489393,0.5266863665407252,-0.027819824808214006,0.06174603174603174,19
biogen_hppb,Biogen,classical,ecfp4_rf,tanimoto_ge_0_70,0.5545061913489393,0.48374102728942386,-0.07076516405951538,0.13095238095238096,18
biogen_hppb,Biogen,classical,ecfp4_rf,tanimoto_ge_0_80,0.5545061913489393,0.4996781477394016,-0.054828043609537615,0.07761904761904762,18
biogen_hppb,Biogen,classical,ecfp4_rf,tanimoto_ge_0_90,0.5545061913489393,0.5266863665407252,-0.027819824808214006,0.06174603174603174,19
biogen_hppb,Biogen,classical,ecfp4_rf,tanimoto_ge_0_95,0.5545061913489393,0.5266863665407252,-0.027819824808214006,0.06174603174603174,19
biogen_hppb,Biogen,classical,rdkit_desc_lgbm,connectivity_inchikey,0.4769194016967977,0.4319052263001972,-0.0450141753966005,0.06174603174603174,19
biogen_hppb,Biogen,classical,rdkit_desc_lgbm,standardized_exact,0.4769194016967977,0.4319052263001972,-0.0450141753966005,0.06174603174603174,19
biogen_hppb,Biogen,classical,rdkit_desc_lgbm,tanimoto_ge_0_70,0.4769194016967977,0.3977166383741997,-0.079202763322598,0.13095238095238096,18
biogen_hppb,Biogen,classical,rdkit_desc_lgbm,tanimoto_ge_0_80,0.4769194016967977,0.4075316085354162,-0.06938779316138145,0.07761904761904762,18
biogen_hppb,Biogen,classical,rdkit_desc_lgbm,tanimoto_ge_0_90,0.4769194016967977,0.4319052263001972,-0.0450141753966005,0.06174603174603174,19
biogen_hppb,Biogen,classical,rdkit_desc_lgbm,tanimoto_ge_0_95,0.4769194016967977,0.4319052263001972,-0.0450141753966005,0.06174603174603174,19
biogen_hppb,Biogen,classical,rdkit_desc_rf,connectivity_inchikey,0.5180797434486341,0.47119409339111823,-0.04688565005751577,0.06174603174603174,19
biogen_hppb,Biogen,classical,rdkit_desc_rf,standardized_exact,0.5180797434486341,0.47119409339111823,-0.04688565005751577,0.06174603174603174,19
biogen_hppb,Biogen,classical,rdkit_desc_rf,tanimoto_ge_0_70,0.5180797434486341,0.42571242548758786,-0.09236731796104619,0.13095238095238096,18
biogen_hppb,Biogen,classical,rdkit_desc_rf,tanimoto_ge_0_80,0.5180797434486341,0.44862470899084345,-0.0694550344577906,0.07761904761904762,18
biogen_hppb,Biogen,classical,rdkit_desc_rf,tanimoto_ge_0_90,0.5180797434486341,0.47119409339111823,-0.04688565005751577,0.06174603174603174,19
biogen_hppb,Biogen,classical,rdkit_desc_rf,tanimoto_ge_0_95,0.5180797434486341,0.47119409339111823,-0.04688565005751577,0.06174603174603174,19
biogen_hppb,Biogen ADME,ChemRasayan,frozen_mix,connectivity_inchikey,0.476300947666525,0.43519852664286934,-0.04110242102365558,0.06174603174603174,19
biogen_hppb,Biogen ADME,ChemRasayan,frozen_mix,standardized_exact,0.476300947666525,0.43519852664286934,-0.04110242102365558,0.06174603174603174,19
biogen_hppb,Biogen ADME,ChemRasayan,frozen_mix,tanimoto_ge_0_70,0.476300947666525,0.4259567745396975,-0.050344173126827464,0.13095238095238096,18
biogen_hppb,Biogen ADME,ChemRasayan,frozen_mix,tanimoto_ge_0_80,0.476300947666525,0.42476427356616736,-0.051536674100357636,0.07761904761904762,18
biogen_hppb,Biogen ADME,ChemRasayan,frozen_mix,tanimoto_ge_0_90,0.476300947666525,0.43519852664286934,-0.04110242102365558,0.06174603174603174,19
biogen_hppb,Biogen ADME,ChemRasayan,frozen_mix,tanimoto_ge_0_95,0.476300947666525,0.43519852664286934,-0.04110242102365558,0.06174603174603174,19
biogen_hppb,Biogen ADME,ChemRasayan,full_mix,connectivity_inchikey,0.468815638473143,0.4322120399274934,-0.03660359854564956,0.06174603174603174,19
biogen_hppb,Biogen ADME,ChemRasayan,full_mix,standardized_exact,0.468815638473143,0.4322120399274934,-0.03660359854564956,0.06174603174603174,19
biogen_hppb,Biogen ADME,ChemRasayan,full_mix,tanimoto_ge_0_70,0.468815638473143,0.3951069130839912,-0.0737087253891518,0.13095238095238096,18
biogen_hppb,Biogen ADME,ChemRasayan,full_mix,tanimoto_ge_0_80,0.468815638473143,0.41166319005023927,-0.057152448422903734,0.07761904761904762,18
biogen_hppb,Biogen ADME,ChemRasayan,full_mix,tanimoto_ge_0_90,0.468815638473143,0.4322120399274934,-0.03660359854564956,0.06174603174603174,19
biogen_hppb,Biogen ADME,ChemRasayan,full_mix,tanimoto_ge_0_95,0.468815638473143,0.4322120399274934,-0.03660359854564956,0.06174603174603174,19
biogen_hppb,Biogen ADME,ChemRasayan,lora_mix,connectivity_inchikey,0.45030679733456513,0.4097607126078309,-0.04054608472673419,0.06174603174603174,19
biogen_hppb,Biogen ADME,ChemRasayan,lora_mix,standardized_exact,0.45030679733456513,0.4097607126078309,-0.04054608472673419,0.06174603174603174,19
biogen_hppb,Biogen ADME,ChemRasayan,lora_mix,tanimoto_ge_0_70,0.45030679733456513,0.39607615345358543,-0.054230643880979666,0.13095238095238096,18
biogen_hppb,Biogen ADME,ChemRasayan,lora_mix,tanimoto_ge_0_80,0.45030679733456513,0.3929321107495886,-0.05737468658497654,0.07761904761904762,18
biogen_hppb,Biogen ADME,ChemRasayan,lora_mix,tanimoto_ge_0_90,0.45030679733456513,0.4097607126078309,-0.04054608472673419,0.06174603174603174,19
biogen_hppb,Biogen ADME,ChemRasayan,lora_mix,tanimoto_ge_0_95,0.45030679733456513,0.4097607126078309,-0.04054608472673419,0.06174603174603174,19
biogen_hppb,Biogen ADME,ChemRasayan,validation_selected,connectivity_inchikey,0.4722551969225009,0.4389617788696734,-0.033293418052827504,0.06174603174603174,19
biogen_hppb,Biogen ADME,ChemRasayan,validation_selected,standardized_exact,0.4722551969225009,0.4389617788696734,-0.033293418052827504,0.06174603174603174,19
biogen_hppb,Biogen ADME,ChemRasayan,validation_selected,tanimoto_ge_0_70,0.4722551969225009,0.41960542996594946,-0.05264976695655151,0.13095238095238096,18
biogen_hppb,Biogen ADME,ChemRasayan,validation_selected,tanimoto_ge_0_80,0.4722551969225009,0.4184129289924193,-0.05384226793008168,0.07761904761904762,18
biogen_hppb,Biogen ADME,ChemRasayan,validation_selected,tanimoto_ge_0_90,0.4722551969225009,0.4389617788696734,-0.033293418052827504,0.06174603174603174,19
biogen_hppb,Biogen ADME,ChemRasayan,validation_selected,tanimoto_ge_0_95,0.4722551969225009,0.4389617788696734,-0.033293418052827504,0.06174603174603174,19
biogen_mdr1,Biogen,classical,dummy_median,connectivity_inchikey,0.6152968327995133,0.6096797213219177,-0.005617111477595508,0.039362800941748315,73
biogen_mdr1,Biogen,classical,dummy_median,standardized_exact,0.6152968327995133,0.6108726549504718,-0.00442417784904144,0.03070479228373965,73
biogen_mdr1,Biogen,classical,dummy_median,tanimoto_ge_0_70,0.6152968327995133,0.6247525694669147,0.009455736667401404,0.10920103288524341,64
biogen_mdr1,Biogen,classical,dummy_median,tanimoto_ge_0_80,0.6152968327995133,0.6089786281282977,-0.00631820467121554,0.048193210298473455,72
biogen_mdr1,Biogen,classical,dummy_median,tanimoto_ge_0_90,0.6152968327995133,0.6111454386704718,-0.00415139412904153,0.04380724538619276,72
biogen_mdr1,Biogen,classical,dummy_median,tanimoto_ge_0_95,0.6152968327995133,0.6096797213219177,-0.005617111477595508,0.039362800941748315,73
biogen_mdr1,Biogen,classical,ecfp4_lgbm,connectivity_inchikey,0.372551859386673,0.37796640722362757,0.0054145478369546085,0.039362800941748315,73
biogen_mdr1,Biogen,classical,ecfp4_lgbm,standardized_exact,0.372551859386673,0.3781140508677227,0.005562191481049694,0.03070479228373965,73
biogen_mdr1,Biogen,classical,ecfp4_lgbm,tanimoto_ge_0_70,0.372551859386673,0.3905566238705516,0.01800476448387865,0.10920103288524341,64
biogen_mdr1,Biogen,classical,ecfp4_lgbm,tanimoto_ge_0_80,0.372551859386673,0.37494217707799166,0.002390317691318681,0.048193210298473455,72
biogen_mdr1,Biogen,classical,ecfp4_lgbm,tanimoto_ge_0_90,0.372551859386673,0.37582173137264135,0.003269871985968398,0.04380724538619276,72
biogen_mdr1,Biogen,classical,ecfp4_lgbm,tanimoto_ge_0_95,0.372551859386673,0.37796640722362757,0.0054145478369546085,0.039362800941748315,73
biogen_mdr1,Biogen,classical,ecfp4_rf,connectivity_inchikey,0.4499355464562785,0.4488308500944321,-0.0011046963618463652,0.039362800941748315,73
biogen_mdr1,Biogen,classical,ecfp4_rf,standardized_exact,0.4499355464562785,0.449602252895442,-0.00033329356083648215,0.03070479228373965,73
biogen_mdr1,Biogen,classical,ecfp4_rf,tanimoto_ge_0_70,0.4499355464562785,0.46602152120202284,0.01608597474574432,0.10920103288524341,64
biogen_mdr1,Biogen,classical,ecfp4_rf,tanimoto_ge_0_80,0.4499355464562785,0.4501658516539813,0.0002303051977028403,0.048193210298473455,72
biogen_mdr1,Biogen,classical,ecfp4_rf,tanimoto_ge_0_90,0.4499355464562785,0.448631317426115,-0.001304229030163473,0.04380724538619276,72
biogen_mdr1,Biogen,classical,ecfp4_rf,tanimoto_ge_0_95,0.4499355464562785,0.4488308500944321,-0.0011046963618463652,0.039362800941748315,73
biogen_mdr1,Biogen,classical,rdkit_desc_lgbm,connectivity_inchikey,0.36615695755369476,0.3716875908048893,0.005530633251194461,0.039362800941748315,73
biogen_mdr1,Biogen,classical,rdkit_desc_lgbm,standardized_exact,0.36615695755369476,0.37015852536449084,0.004001567810796062,0.03070479228373965,73
biogen_mdr1,Biogen,classical,rdkit_desc_lgbm,tanimoto_ge_0_70,0.36615695755369476,0.38953453784646347,0.02337758029276865,0.10920103288524341,64
biogen_mdr1,Biogen,classical,rdkit_desc_lgbm,tanimoto_ge_0_80,0.36615695755369476,0.3701926081905356,0.004035650636840822,0.048193210298473455,72
biogen_mdr1,Biogen,classical,rdkit_desc_lgbm,tanimoto_ge_0_90,0.36615695755369476,0.3709807111479679,0.00482375359427308,0.04380724538619276,72
biogen_mdr1,Biogen,classical,rdkit_desc_lgbm,tanimoto_ge_0_95,0.36615695755369476,0.3716875908048893,0.005530633251194461,0.039362800941748315,73
biogen_mdr1,Biogen,classical,rdkit_desc_rf,connectivity_inchikey,0.40403376013608844,0.4105523033028853,0.006518543166796786,0.039362800941748315,73
biogen_mdr1,Biogen,classical,rdkit_desc_rf,standardized_exact,0.40403376013608844,0.4092492056397752,0.005215445503686689,0.03070479228373965,73
biogen_mdr1,Biogen,classical,rdkit_desc_rf,tanimoto_ge_0_70,0.40403376013608844,0.42891990169388267,0.024886141557794172,0.10920103288524341,64
biogen_mdr1,Biogen,classical,rdkit_desc_rf,tanimoto_ge_0_80,0.40403376013608844,0.4113720814273223,0.007338321291233796,0.048193210298473455,72
biogen_mdr1,Biogen,classical,rdkit_desc_rf,tanimoto_ge_0_90,0.40403376013608844,0.4112351838153321,0.007201423679243628,0.04380724538619276,72
biogen_mdr1,Biogen,classical,rdkit_desc_rf,tanimoto_ge_0_95,0.40403376013608844,0.4105523033028853,0.006518543166796786,0.039362800941748315,73
biogen_mdr1,Biogen ADME,ChemRasayan,frozen_mix,connectivity_inchikey,0.37960896387235676,0.3803097891264166,0.0007008252540597707,0.039362800941748315,73
biogen_mdr1,Biogen ADME,ChemRasayan,frozen_mix,standardized_exact,0.37960896387235676,0.3833158711117212,0.0037069072393644356,0.03070479228373965,73
biogen_mdr1,Biogen ADME,ChemRasayan,frozen_mix,tanimoto_ge_0_70,0.37960896387235676,0.39331740569297896,0.01370844182062216,0.10920103288524341,64
biogen_mdr1,Biogen ADME,ChemRasayan,frozen_mix,tanimoto_ge_0_80,0.37960896387235676,0.3770171173313643,-0.0025918465409925373,0.048193210298473455,72
biogen_mdr1,Biogen ADME,ChemRasayan,frozen_mix,tanimoto_ge_0_90,0.37960896387235676,0.37949930960554196,-0.00010965426681482555,0.04380724538619276,72
biogen_mdr1,Biogen ADME,ChemRasayan,frozen_mix,tanimoto_ge_0_95,0.37960896387235676,0.3803097891264166,0.0007008252540597707,0.039362800941748315,73
biogen_mdr1,Biogen ADME,ChemRasayan,full_mix,connectivity_inchikey,0.3350535976103169,0.33728328016282644,0.002229682552509493,0.039362800941748315,73
biogen_mdr1,Biogen ADME,ChemRasayan,full_mix,standardized_exact,0.3350535976103169,0.34059039824221554,0.005536800631898579,0.03070479228373965,73
biogen_mdr1,Biogen ADME,ChemRasayan,full_mix,tanimoto_ge_0_70,0.3350535976103169,0.34720455455405713,0.012150956943740188,0.10920103288524341,64
biogen_mdr1,Biogen ADME,ChemRasayan,full_mix,tanimoto_ge_0_80,0.3350535976103169,0.33438065729944527,-0.0006729403108715984,0.048193210298473455,72
biogen_mdr1,Biogen ADME,ChemRasayan,full_mix,tanimoto_ge_0_90,0.3350535976103169,0.33502081470119754,-3.2782909119362845e-05,0.04380724538619276,72
biogen_mdr1,Biogen ADME,ChemRasayan,full_mix,tanimoto_ge_0_95,0.3350535976103169,0.33728328016282644,0.002229682552509493,0.039362800941748315,73
biogen_mdr1,Biogen ADME,ChemRasayan,lora_mix,connectivity_inchikey,0.32904630579235133,0.3318687348545297,0.0028224290621784074,0.039362800941748315,73
biogen_mdr1,Biogen ADME,ChemRasayan,lora_mix,standardized_exact,0.32904630579235133,0.33385050822243273,0.004804202430081339,0.03070479228373965,73
biogen_mdr1,Biogen ADME,ChemRasayan,lora_mix,tanimoto_ge_0_70,0.32904630579235133,0.33949871568133067,0.010452409888979294,0.10920103288524341,64
biogen_mdr1,Biogen ADME,ChemRasayan,lora_mix,tanimoto_ge_0_80,0.32904630579235133,0.3302961103411147,0.001249804548763389,0.048193210298473455,72
biogen_mdr1,Biogen ADME,ChemRasayan,lora_mix,tanimoto_ge_0_90,0.32904630579235133,0.33043440218126346,0.0013880963889121116,0.04380724538619276,72
biogen_mdr1,Biogen ADME,ChemRasayan,lora_mix,tanimoto_ge_0_95,0.32904630579235133,0.3318687348545297,0.0028224290621784074,0.039362800941748315,73
biogen_mdr1,Biogen ADME,ChemRasayan,validation_selected,connectivity_inchikey,0.3350535976103169,0.33728328016282644,0.002229682552509493,0.039362800941748315,73
biogen_mdr1,Biogen ADME,ChemRasayan,validation_selected,standardized_exact,0.3350535976103169,0.34059039824221554,0.005536800631898579,0.03070479228373965,73
biogen_mdr1,Biogen ADME,ChemRasayan,validation_selected,tanimoto_ge_0_70,0.3350535976103169,0.34720455455405713,0.012150956943740188,0.10920103288524341,64
biogen_mdr1,Biogen ADME,ChemRasayan,validation_selected,tanimoto_ge_0_80,0.3350535976103169,0.33438065729944527,-0.0006729403108715984,0.048193210298473455,72
biogen_mdr1,Biogen ADME,ChemRasayan,validation_selected,tanimoto_ge_0_90,0.3350535976103169,0.33502081470119754,-3.2782909119362845e-05,0.04380724538619276,72
biogen_mdr1,Biogen ADME,ChemRasayan,validation_selected,tanimoto_ge_0_95,0.3350535976103169,0.33728328016282644,0.002229682552509493,0.039362800941748315,73
biogen_rlm,Biogen,classical,dummy_median,connectivity_inchikey,0.6399962876934083,0.645611209980606,0.0056149222871976585,0.038385202878721124,99
biogen_rlm,Biogen,classical,dummy_median,standardized_exact,0.6399962876934083,0.6432847134646033,0.003288425771194999,0.03249190263058216,100
biogen_rlm,Biogen,classical,dummy_median,tanimoto_ge_0_70,0.6399962876934083,0.6493440677649275,0.009347780071519226,0.08446194043118975,92
biogen_rlm,Biogen,classical,dummy_median,tanimoto_ge_0_80,0.6399962876934083,0.6473166344863601,0.00732034679295183,0.05111585229161353,96
biogen_rlm,Biogen,classical,dummy_median,tanimoto_ge_0_90,0.6399962876934083,0.645611209980606,0.0056149222871976585,0.038385202878721124,99
biogen_rlm,Biogen,classical,dummy_median,tanimoto_ge_0_95,0.6399962876934083,0.645611209980606,0.0056149222871976585,0.038385202878721124,99
biogen_rlm,Biogen,classical,ecfp4_lgbm,connectivity_inchikey,0.46481517978685544,0.46543998774173634,0.0006248079548809201,0.038385202878721124,99
biogen_rlm,Biogen,classical,ecfp4_lgbm,standardized_exact,0.46481517978685544,0.46462543916577986,-0.00018974062107561066,0.03249190263058216,100
biogen_rlm,Biogen,classical,ecfp4_lgbm,tanimoto_ge_0_70,0.46481517978685544,0.46462488979638333,-0.00019028999047214037,0.08446194043118975,92
biogen_rlm,Biogen,classical,ecfp4_lgbm,tanimoto_ge_0_80,0.46481517978685544,0.46814484554684205,0.003329665759986611,0.05111585229161353,96
biogen_rlm,Biogen,classical,ecfp4_lgbm,tanimoto_ge_0_90,0.46481517978685544,0.46543998774173634,0.0006248079548809201,0.038385202878721124,99
biogen_rlm,Biogen,classical,ecfp4_lgbm,tanimoto_ge_0_95,0.46481517978685544,0.46543998774173634,0.0006248079548809201,0.038385202878721124,99
biogen_rlm,Biogen,classical,ecfp4_rf,connectivity_inchikey,0.5323736807160726,0.5391242104406465,0.0067505297245738505,0.038385202878721124,99
biogen_rlm,Biogen,classical,ecfp4_rf,standardized_exact,0.5323736807160726,0.5370220518728884,0.004648371156815841,0.03249190263058216,100
biogen_rlm,Biogen,classical,ecfp4_rf,tanimoto_ge_0_70,0.5323736807160726,0.5395654703769653,0.007191789660892641,0.08446194043118975,92
biogen_rlm,Biogen,classical,ecfp4_rf,tanimoto_ge_0_80,0.5323736807160726,0.5407591253349664,0.008385444618893734,0.05111585229161353,96
biogen_rlm,Biogen,classical,ecfp4_rf,tanimoto_ge_0_90,0.5323736807160726,0.5391242104406465,0.0067505297245738505,0.038385202878721124,99
biogen_rlm,Biogen,classical,ecfp4_rf,tanimoto_ge_0_95,0.5323736807160726,0.5391242104406465,0.0067505297245738505,0.038385202878721124,99
biogen_rlm,Biogen,classical,rdkit_desc_lgbm,connectivity_inchikey,0.42284090823142245,0.42440205406155257,0.0015611458301301173,0.038385202878721124,99
biogen_rlm,Biogen,classical,rdkit_desc_lgbm,standardized_exact,0.42284090823142245,0.4231378498961684,0.000296941664745957,0.03249190263058216,100
biogen_rlm,Biogen,classical,rdkit_desc_lgbm,tanimoto_ge_0_70,0.42284090823142245,0.4246637692385007,0.0018228610070781988,0.08446194043118975,92
biogen_rlm,Biogen,classical,rdkit_desc_lgbm,tanimoto_ge_0_80,0.42284090823142245,0.4232830363978079,0.00044212816638541,0.05111585229161353,96
biogen_rlm,Biogen,classical,rdkit_desc_lgbm,tanimoto_ge_0_90,0.42284090823142245,0.42440205406155257,0.0015611458301301173,0.038385202878721124,99
biogen_rlm,Biogen,classical,rdkit_desc_lgbm,tanimoto_ge_0_95,0.42284090823142245,0.42440205406155257,0.0015611458301301173,0.038385202878721124,99
biogen_rlm,Biogen,classical,rdkit_desc_rf,connectivity_inchikey,0.45115325421662966,0.4532375230109076,0.0020842687942779956,0.038385202878721124,99
biogen_rlm,Biogen,classical,rdkit_desc_rf,standardized_exact,0.45115325421662966,0.45222371705307624,0.0010704628364465913,0.03249190263058216,100
biogen_rlm,Biogen,classical,rdkit_desc_rf,tanimoto_ge_0_70,0.45115325421662966,0.4550620417616484,0.003908787545018777,0.08446194043118975,92
biogen_rlm,Biogen,classical,rdkit_desc_rf,tanimoto_ge_0_80,0.45115325421662966,0.4534056344538231,0.0022523802371934667,0.05111585229161353,96
biogen_rlm,Biogen,classical,rdkit_desc_rf,tanimoto_ge_0_90,0.45115325421662966,0.4532375230109076,0.0020842687942779956,0.038385202878721124,99
biogen_rlm,Biogen,classical,rdkit_desc_rf,tanimoto_ge_0_95,0.45115325421662966,0.4532375230109076,0.0020842687942779956,0.038385202878721124,99
biogen_rlm,Biogen ADME,ChemRasayan,frozen_mix,connectivity_inchikey,0.4011619499909567,0.4062703574678148,0.0051084074768580345,0.038385202878721124,99
biogen_rlm,Biogen ADME,ChemRasayan,frozen_mix,standardized_exact,0.4011619499909567,0.40509009544933305,0.003928145458376294,0.03249190263058216,100
biogen_rlm,Biogen ADME,ChemRasayan,frozen_mix,tanimoto_ge_0_70,0.4011619499909567,0.4063734115168723,0.005211461525915506,0.08446194043118975,92
biogen_rlm,Biogen ADME,ChemRasayan,frozen_mix,tanimoto_ge_0_80,0.4011619499909567,0.41004996639160546,0.008888016400648716,0.05111585229161353,96
biogen_rlm,Biogen ADME,ChemRasayan,frozen_mix,tanimoto_ge_0_90,0.4011619499909567,0.4062703574678148,0.0051084074768580345,0.038385202878721124,99
biogen_rlm,Biogen ADME,ChemRasayan,frozen_mix,tanimoto_ge_0_95,0.4011619499909567,0.4062703574678148,0.0051084074768580345,0.038385202878721124,99
biogen_rlm,Biogen ADME,ChemRasayan,full_mix,connectivity_inchikey,0.3761720849398928,0.3789794932714008,0.002807408331507999,0.038385202878721124,99
biogen_rlm,Biogen ADME,ChemRasayan,full_mix,standardized_exact,0.3761720849398928,0.3784970126212445,0.0023249276813517294,0.03249190263058216,100
biogen_rlm,Biogen ADME,ChemRasayan,full_mix,tanimoto_ge_0_70,0.3761720849398928,0.38161071696917936,0.005438632029286609,0.08446194043118975,92
biogen_rlm,Biogen ADME,ChemRasayan,full_mix,tanimoto_ge_0_80,0.3761720849398928,0.3819879379214837,0.005815852981590967,0.05111585229161353,96
biogen_rlm,Biogen ADME,ChemRasayan,full_mix,tanimoto_ge_0_90,0.3761720849398928,0.3789794932714008,0.002807408331507999,0.038385202878721124,99
biogen_rlm,Biogen ADME,ChemRasayan,full_mix,tanimoto_ge_0_95,0.3761720849398928,0.3789794932714008,0.002807408331507999,0.038385202878721124,99
biogen_rlm,Biogen ADME,ChemRasayan,lora_mix,connectivity_inchikey,0.3768046887049814,0.38039594859086917,0.0035912598858877467,0.038385202878721124,99
biogen_rlm,Biogen ADME,ChemRasayan,lora_mix,standardized_exact,0.3768046887049814,0.3793856286121285,0.002580939907147047,0.03249190263058216,100
biogen_rlm,Biogen ADME,ChemRasayan,lora_mix,tanimoto_ge_0_70,0.3768046887049814,0.38420600514421493,0.007401316439233511,0.08446194043118975,92
biogen_rlm,Biogen ADME,ChemRasayan,lora_mix,tanimoto_ge_0_80,0.3768046887049814,0.38268285891601433,0.005878170211032911,0.05111585229161353,96
biogen_rlm,Biogen ADME,ChemRasayan,lora_mix,tanimoto_ge_0_90,0.3768046887049814,0.38039594859086917,0.0035912598858877467,0.038385202878721124,99
biogen_rlm,Biogen ADME,ChemRasayan,lora_mix,tanimoto_ge_0_95,0.3768046887049814,0.38039594859086917,0.0035912598858877467,0.038385202878721124,99
biogen_rlm,Biogen ADME,ChemRasayan,validation_selected,connectivity_inchikey,0.36866666903561546,0.37106892005117237,0.002402251015556948,0.038385202878721124,99
biogen_rlm,Biogen ADME,ChemRasayan,validation_selected,standardized_exact,0.36866666903561546,0.3701323160606993,0.0014656470250839122,0.03249190263058216,100
biogen_rlm,Biogen ADME,ChemRasayan,validation_selected,tanimoto_ge_0_70,0.36866666903561546,0.3739102706603783,0.005243601624762895,0.08446194043118975,92
biogen_rlm,Biogen ADME,ChemRasayan,validation_selected,tanimoto_ge_0_80,0.36866666903561546,0.37369581234120247,0.005029143305587051,0.05111585229161353,96
biogen_rlm,Biogen ADME,ChemRasayan,validation_selected,tanimoto_ge_0_90,0.36866666903561546,0.37106892005117237,0.002402251015556948,0.038385202878721124,99
biogen_rlm,Biogen ADME,ChemRasayan,validation_selected,tanimoto_ge_0_95,0.36866666903561546,0.37106892005117237,0.002402251015556948,0.038385202878721124,99
biogen_rppb,Biogen,classical,dummy_median,connectivity_inchikey,0.5855758793,0.548430900635112,-0.03714497866488794,0.11666666666666665,16
biogen_rppb,Biogen,classical,dummy_median,standardized_exact,0.5855758793,0.548430900635112,-0.03714497866488794,0.11666666666666665,16
biogen_rppb,Biogen,classical,dummy_median,tanimoto_ge_0_70,0.5855758793,0.54755378068061,-0.03802209861938999,0.16666666666666666,15
biogen_rppb,Biogen,classical,dummy_median,tanimoto_ge_0_80,0.5855758793,0.5389242791884072,-0.046651600111592716,0.15,15
biogen_rppb,Biogen,classical,dummy_median,tanimoto_ge_0_90,0.5855758793,0.5376638663670565,-0.04791201293294348,0.13333333333333333,15
biogen_rppb,Biogen,classical,dummy_median,tanimoto_ge_0_95,0.5855758793,0.548430900635112,-0.03714497866488794,0.11666666666666665,16
biogen_rppb,Biogen,classical,ecfp4_lgbm,connectivity_inchikey,0.4702412227589409,0.4373550223417761,-0.032886200417164835,0.11666666666666665,16
biogen_rppb,Biogen,classical,ecfp4_lgbm,standardized_exact,0.4702412227589409,0.4373550223417761,-0.032886200417164835,0.11666666666666665,16
biogen_rppb,Biogen,classical,ecfp4_lgbm,tanimoto_ge_0_70,0.4702412227589409,0.44808012139436926,-0.02216110136457161,0.16666666666666666,15
biogen_rppb,Biogen,classical,ecfp4_lgbm,tanimoto_ge_0_80,0.4702412227589409,0.4422723283586401,-0.02796889440030072,0.15,15
biogen_rppb,Biogen,classical,ecfp4_lgbm,tanimoto_ge_0_90,0.4702412227589409,0.4356658316290971,-0.03457539112984379,0.13333333333333333,15
biogen_rppb,Biogen,classical,ecfp4_lgbm,tanimoto_ge_0_95,0.4702412227589409,0.4373550223417761,-0.032886200417164835,0.11666666666666665,16
biogen_rppb,Biogen,classical,ecfp4_rf,connectivity_inchikey,0.5004253381221125,0.4809064505674141,-0.019518887554698383,0.11666666666666665,16
biogen_rppb,Biogen,classical,ecfp4_rf,standardized_exact,0.5004253381221125,0.4809064505674141,-0.019518887554698383,0.11666666666666665,16
biogen_rppb,Biogen,classical,ecfp4_rf,tanimoto_ge_0_70,0.5004253381221125,0.4961146093087894,-0.004310728813323135,0.16666666666666666,15
biogen_rppb,Biogen,classical,ecfp4_rf,tanimoto_ge_0_80,0.5004253381221125,0.4899304513972241,-0.010494886724888427,0.15,15
biogen_rppb,Biogen,classical,ecfp4_rf,tanimoto_ge_0_90,0.5004253381221125,0.4821666993584289,-0.018258638763683627,0.13333333333333333,15
biogen_rppb,Biogen,classical,ecfp4_rf,tanimoto_ge_0_95,0.5004253381221125,0.4809064505674141,-0.019518887554698383,0.11666666666666665,16
biogen_rppb,Biogen,classical,rdkit_desc_lgbm,connectivity_inchikey,0.5004063862292581,0.48634041361877217,-0.014065972610485903,0.11666666666666665,16
biogen_rppb,Biogen,classical,rdkit_desc_lgbm,standardized_exact,0.5004063862292581,0.48634041361877217,-0.014065972610485903,0.11666666666666665,16
biogen_rppb,Biogen,classical,rdkit_desc_lgbm,tanimoto_ge_0_70,0.5004063862292581,0.49955578666700146,-0.0008505995622566376,0.16666666666666666,15
biogen_rppb,Biogen,classical,rdkit_desc_lgbm,tanimoto_ge_0_80,0.5004063862292581,0.49717044515821857,-0.0032359410710396017,0.15,15
biogen_rppb,Biogen,classical,rdkit_desc_lgbm,tanimoto_ge_0_90,0.5004063862292581,0.49717482742906105,-0.0032315588001970244,0.13333333333333333,15
biogen_rppb,Biogen,classical,rdkit_desc_lgbm,tanimoto_ge_0_95,0.5004063862292581,0.48634041361877217,-0.014065972610485903,0.11666666666666665,16
biogen_rppb,Biogen,classical,rdkit_desc_rf,connectivity_inchikey,0.4667280482342318,0.4433338943761393,-0.023394153858092532,0.11666666666666665,16
biogen_rppb,Biogen,classical,rdkit_desc_rf,standardized_exact,0.4667280482342318,0.4433338943761393,-0.023394153858092532,0.11666666666666665,16
biogen_rppb,Biogen,classical,rdkit_desc_rf,tanimoto_ge_0_70,0.4667280482342318,0.44597342691285796,-0.02075462132137379,0.16666666666666666,15
biogen_rppb,Biogen,classical,rdkit_desc_rf,tanimoto_ge_0_80,0.4667280482342318,0.44270569755170985,-0.024022350682521936,0.15,15
biogen_rppb,Biogen,classical,rdkit_desc_rf,tanimoto_ge_0_90,0.4667280482342318,0.44950905110598866,-0.017218997128243135,0.13333333333333333,15
biogen_rppb,Biogen,classical,rdkit_desc_rf,tanimoto_ge_0_95,0.4667280482342318,0.4433338943761393,-0.023394153858092532,0.11666666666666665,16
biogen_rppb,Biogen ADME,ChemRasayan,frozen_mix,connectivity_inchikey,0.48568492869903657,0.47836627745751464,-0.007318651241521905,0.11666666666666665,16
biogen_rppb,Biogen ADME,ChemRasayan,frozen_mix,standardized_exact,0.48568492869903657,0.47836627745751464,-0.007318651241521905,0.11666666666666665,16
biogen_rppb,Biogen ADME,ChemRasayan,frozen_mix,tanimoto_ge_0_70,0.48568492869903657,0.4882650796527366,0.002580150953700011,0.16666666666666666,15
biogen_rppb,Biogen ADME,ChemRasayan,frozen_mix,tanimoto_ge_0_80,0.48568492869903657,0.4900375503866232,0.0043526216875866735,0.15,15
biogen_rppb,Biogen ADME,ChemRasayan,frozen_mix,tanimoto_ge_0_90,0.48568492869903657,0.4908715948071703,0.005186666108133786,0.13333333333333333,15
biogen_rppb,Biogen ADME,ChemRasayan,frozen_mix,tanimoto_ge_0_95,0.48568492869903657,0.47836627745751464,-0.007318651241521905,0.11666666666666665,16
biogen_rppb,Biogen ADME,ChemRasayan,full_mix,connectivity_inchikey,0.4447904006968128,0.4593426181804951,0.014552217483682295,0.11666666666666665,16
biogen_rppb,Biogen ADME,ChemRasayan,full_mix,standardized_exact,0.4447904006968128,0.4593426181804951,0.014552217483682295,0.11666666666666665,16
biogen_rppb,Biogen ADME,ChemRasayan,full_mix,tanimoto_ge_0_70,0.4447904006968128,0.466641876192264,0.021851475495451207,0.16666666666666666,15
biogen_rppb,Biogen ADME,ChemRasayan,full_mix,tanimoto_ge_0_80,0.4447904006968128,0.4661235979592135,0.021333197262400683,0.15,15
biogen_rppb,Biogen ADME,ChemRasayan,full_mix,tanimoto_ge_0_90,0.4447904006968128,0.46923018490821383,0.024439784211401028,0.13333333333333333,15
biogen_rppb,Biogen ADME,ChemRasayan,full_mix,tanimoto_ge_0_95,0.4447904006968128,0.4593426181804951,0.014552217483682295,0.11666666666666665,16
biogen_rppb,Biogen ADME,ChemRasayan,lora_mix,connectivity_inchikey,0.479726164840055,0.487187873715923,0.007461708875868019,0.11666666666666665,16
biogen_rppb,Biogen ADME,ChemRasayan,lora_mix,standardized_exact,0.479726164840055,0.487187873715923,0.007461708875868019,0.11666666666666665,16
biogen_rppb,Biogen ADME,ChemRasayan,lora_mix,tanimoto_ge_0_70,0.479726164840055,0.4925728352812005,0.012846670441145605,0.16666666666666666,15
biogen_rppb,Biogen ADME,ChemRasayan,lora_mix,tanimoto_ge_0_80,0.479726164840055,0.49023850922681556,0.010512344386760575,0.15,15
biogen_rppb,Biogen ADME,ChemRasayan,lora_mix,tanimoto_ge_0_90,0.479726164840055,0.4977963910680245,0.0180702262279695,0.13333333333333333,15
biogen_rppb,Biogen ADME,ChemRasayan,lora_mix,tanimoto_ge_0_95,0.479726164840055,0.487187873715923,0.007461708875868019,0.11666666666666665,16
biogen_rppb,Biogen ADME,ChemRasayan,validation_selected,connectivity_inchikey,0.49321754091416503,0.49962441095675514,0.006406870042590144,0.11666666666666665,16
biogen_rppb,Biogen ADME,ChemRasayan,validation_selected,standardized_exact,0.49321754091416503,0.49962441095675514,0.006406870042590144,0.11666666666666665,16
biogen_rppb,Biogen ADME,ChemRasayan,validation_selected,tanimoto_ge_0_70,0.49321754091416503,0.5110122593183118,0.017794718404146797,0.16666666666666666,15
biogen_rppb,Biogen ADME,ChemRasayan,validation_selected,tanimoto_ge_0_80,0.49321754091416503,0.5086779332639267,0.015460392349761765,0.15,15
biogen_rppb,Biogen ADME,ChemRasayan,validation_selected,tanimoto_ge_0_90,0.49321754091416503,0.509511977684474,0.016294436770308878,0.13333333333333333,15
biogen_rppb,Biogen ADME,ChemRasayan,validation_selected,tanimoto_ge_0_95,0.49321754091416503,0.49962441095675514,0.006406870042590144,0.11666666666666665,16
biogen_solubility,Biogen,classical,dummy_median,connectivity_inchikey,0.46263661017808994,0.45995903134090704,-0.002677578837182911,0.06647306002046836,92
biogen_solubility,Biogen,classical,dummy_median,standardized_exact,0.46263661017808994,0.4574946423038557,-0.005141967874234228,0.05717199446150142,93
biogen_solubility,Biogen,classical,dummy_median,tanimoto_ge_0_70,0.46263661017808994,0.44312988294329547,-0.019506727234794463,0.14271290108963938,87
biogen_solubility,Biogen,classical,dummy_median,tanimoto_ge_0_80,0.46263661017808994,0.4514489923149008,-0.011187617863189114,0.08513972668713503,92
biogen_solubility,Biogen,classical,dummy_median,tanimoto_ge_0_90,0.46263661017808994,0.4578680677191978,-0.004768542458892115,0.06885654084642706,92
biogen_solubility,Biogen,classical,dummy_median,tanimoto_ge_0_95,0.46263661017808994,0.4578680677191978,-0.004768542458892115,0.06885654084642706,92
biogen_solubility,Biogen,classical,ecfp4_lgbm,connectivity_inchikey,0.382200586336969,0.37364110195709954,-0.008559484379869456,0.06647306002046836,92
biogen_solubility,Biogen,classical,ecfp4_lgbm,standardized_exact,0.382200586336969,0.37187833271513543,-0.010322253621833552,0.05717199446150142,93
biogen_solubility,Biogen,classical,ecfp4_lgbm,tanimoto_ge_0_70,0.382200586336969,0.3585342053419598,-0.02366638099500923,0.14271290108963938,87
biogen_solubility,Biogen,classical,ecfp4_lgbm,tanimoto_ge_0_80,0.382200586336969,0.3695860388675512,-0.012614547469417814,0.08513972668713503,92
biogen_solubility,Biogen,classical,ecfp4_lgbm,tanimoto_ge_0_90,0.382200586336969,0.37284621200217766,-0.009354374334791304,0.06885654084642706,92
biogen_solubility,Biogen,classical,ecfp4_lgbm,tanimoto_ge_0_95,0.382200586336969,0.37284621200217766,-0.009354374334791304,0.06885654084642706,92
biogen_solubility,Biogen,classical,ecfp4_rf,connectivity_inchikey,0.420348953763009,0.4124766424335738,-0.007872311329435186,0.06647306002046836,92
biogen_solubility,Biogen,classical,ecfp4_rf,standardized_exact,0.420348953763009,0.41167316092979317,-0.008675792833215845,0.05717199446150142,93
biogen_solubility,Biogen,classical,ecfp4_rf,tanimoto_ge_0_70,0.420348953763009,0.40088573678437806,-0.01946321697863096,0.14271290108963938,87
biogen_solubility,Biogen,classical,ecfp4_rf,tanimoto_ge_0_80,0.420348953763009,0.4112613805731375,-0.009087573189871504,0.08513972668713503,92
biogen_solubility,Biogen,classical,ecfp4_rf,tanimoto_ge_0_90,0.420348953763009,0.41319284143758184,-0.0071561123254271775,0.06885654084642706,92
biogen_solubility,Biogen,classical,ecfp4_rf,tanimoto_ge_0_95,0.420348953763009,0.41319284143758184,-0.0071561123254271775,0.06885654084642706,92
biogen_solubility,Biogen,classical,rdkit_desc_lgbm,connectivity_inchikey,0.38718073376167855,0.38050110172768736,-0.00667963203399119,0.06647306002046836,92
biogen_solubility,Biogen,classical,rdkit_desc_lgbm,standardized_exact,0.38718073376167855,0.3787787095593733,-0.008402024202305272,0.05717199446150142,93
biogen_solubility,Biogen,classical,rdkit_desc_lgbm,tanimoto_ge_0_70,0.38718073376167855,0.37168017562005234,-0.015500558141626208,0.14271290108963938,87
biogen_solubility,Biogen,classical,rdkit_desc_lgbm,tanimoto_ge_0_80,0.38718073376167855,0.3787664826389215,-0.008414251122757047,0.08513972668713503,92
biogen_solubility,Biogen,classical,rdkit_desc_lgbm,tanimoto_ge_0_90,0.38718073376167855,0.3789052946494366,-0.008275439112241953,0.06885654084642706,92
biogen_solubility,Biogen,classical,rdkit_desc_lgbm,tanimoto_ge_0_95,0.38718073376167855,0.3789052946494366,-0.008275439112241953,0.06885654084642706,92
biogen_solubility,Biogen,classical,rdkit_desc_rf,connectivity_inchikey,0.41230185930619806,0.4067639699732076,-0.005537889332990487,0.06647306002046836,92
biogen_solubility,Biogen,classical,rdkit_desc_rf,standardized_exact,0.41230185930619806,0.4059551353090453,-0.006346723997152766,0.05717199446150142,93
biogen_solubility,Biogen,classical,rdkit_desc_rf,tanimoto_ge_0_70,0.41230185930619806,0.39629691085114266,-0.016004948455055457,0.14271290108963938,87
biogen_solubility,Biogen,classical,rdkit_desc_rf,tanimoto_ge_0_80,0.41230185930619806,0.4047473948516614,-0.007554464454536669,0.08513972668713503,92
biogen_solubility,Biogen,classical,rdkit_desc_rf,tanimoto_ge_0_90,0.41230185930619806,0.40525986062549024,-0.007041998680707817,0.06885654084642706,92
biogen_solubility,Biogen,classical,rdkit_desc_rf,tanimoto_ge_0_95,0.41230185930619806,0.40525986062549024,-0.007041998680707817,0.06885654084642706,92
biogen_solubility,Biogen ADME,ChemRasayan,frozen_mix,connectivity_inchikey,0.38545469732536203,0.3807912045039994,-0.004663492821362636,0.06647306002046836,92
biogen_solubility,Biogen ADME,ChemRasayan,frozen_mix,standardized_exact,0.38545469732536203,0.37884942587430664,-0.006605271451055383,0.05717199446150142,93
biogen_solubility,Biogen ADME,ChemRasayan,frozen_mix,tanimoto_ge_0_70,0.38545469732536203,0.3736681116566258,-0.011786585668736305,0.14271290108963938,87
biogen_solubility,Biogen ADME,ChemRasayan,frozen_mix,tanimoto_ge_0_80,0.38545469732536203,0.3795653151569709,-0.005889382168391115,0.08513972668713503,92
biogen_solubility,Biogen ADME,ChemRasayan,frozen_mix,tanimoto_ge_0_90,0.38545469732536203,0.38023498552383495,-0.005219711801527083,0.06885654084642706,92
biogen_solubility,Biogen ADME,ChemRasayan,frozen_mix,tanimoto_ge_0_95,0.38545469732536203,0.38023498552383495,-0.005219711801527083,0.06885654084642706,92
biogen_solubility,Biogen ADME,ChemRasayan,full_mix,connectivity_inchikey,0.3734467526171638,0.3639947062470747,-0.009452046370089081,0.06647306002046836,92
biogen_solubility,Biogen ADME,ChemRasayan,full_mix,standardized_exact,0.3734467526171638,0.36134565893387327,-0.012101093683290542,0.05717199446150142,93
biogen_solubility,Biogen ADME,ChemRasayan,full_mix,tanimoto_ge_0_70,0.3734467526171638,0.3510621928999422,-0.02238455971722157,0.14271290108963938,87
biogen_solubility,Biogen ADME,ChemRasayan,full_mix,tanimoto_ge_0_80,0.3734467526171638,0.36058204872611777,-0.012864703891046011,0.08513972668713503,92
biogen_solubility,Biogen ADME,ChemRasayan,full_mix,tanimoto_ge_0_90,0.3734467526171638,0.364510006595741,-0.008936746021422729,0.06885654084642706,92
biogen_solubility,Biogen ADME,ChemRasayan,full_mix,tanimoto_ge_0_95,0.3734467526171638,0.364510006595741,-0.008936746021422729,0.06885654084642706,92
biogen_solubility,Biogen ADME,ChemRasayan,lora_mix,connectivity_inchikey,0.36896722327730364,0.36418423616408946,-0.004782987113214177,0.06647306002046836,92
biogen_solubility,Biogen ADME,ChemRasayan,lora_mix,standardized_exact,0.36896722327730364,0.3622144307412007,-0.006752792536103021,0.05717199446150142,93
biogen_solubility,Biogen ADME,ChemRasayan,lora_mix,tanimoto_ge_0_70,0.36896722327730364,0.3600122682758757,-0.008954955001427975,0.14271290108963938,87
biogen_solubility,Biogen ADME,ChemRasayan,lora_mix,tanimoto_ge_0_80,0.36896722327730364,0.36605301482186015,-0.0029142084554435086,0.08513972668713503,92
biogen_solubility,Biogen ADME,ChemRasayan,lora_mix,tanimoto_ge_0_90,0.36896722327730364,0.3648188401555281,-0.004148383121775549,0.06885654084642706,92
biogen_solubility,Biogen ADME,ChemRasayan,lora_mix,tanimoto_ge_0_95,0.36896722327730364,0.3648188401555281,-0.004148383121775549,0.06885654084642706,92
biogen_solubility,Biogen ADME,ChemRasayan,validation_selected,connectivity_inchikey,0.3818043401299008,0.3750542787274325,-0.00675006140246831,0.06647306002046836,92
biogen_solubility,Biogen ADME,ChemRasayan,validation_selected,standardized_exact,0.3818043401299008,0.37240523141423104,-0.009399108715669771,0.05717199446150142,93
biogen_solubility,Biogen ADME,ChemRasayan,validation_selected,tanimoto_ge_0_70,0.3818043401299008,0.37042976774356556,-0.011374572386335232,0.14271290108963938,87
biogen_solubility,Biogen ADME,ChemRasayan,validation_selected,tanimoto_ge_0_80,0.3818043401299008,0.37634997151142185,-0.0054543686184789775,0.08513972668713503,92
biogen_solubility,Biogen ADME,ChemRasayan,validation_selected,tanimoto_ge_0_90,0.3818043401299008,0.375348138669409,-0.006456201460491806,0.06885654084642706,92
biogen_solubility,Biogen ADME,ChemRasayan,validation_selected,tanimoto_ge_0_95,0.3818043401299008,0.375348138669409,-0.006456201460491806,0.06885654084642706,92
expansion_caco2_efflux,ExpansionRx,ChemRasayan,frozen_mix,connectivity_inchikey,0.23285125810556442,0.23285125810556442,0.0,0.0,208
expansion_caco2_efflux,ExpansionRx,ChemRasayan,frozen_mix,standardized_exact,0.23285125810556442,0.23285125810556442,0.0,0.0,208
expansion_caco2_efflux,ExpansionRx,ChemRasayan,frozen_mix,tanimoto_ge_0_70,0.23285125810556442,0.2335935820401727,0.0007423239346082874,0.004188412374253082,206
expansion_caco2_efflux,ExpansionRx,ChemRasayan,frozen_mix,tanimoto_ge_0_80,0.23285125810556442,0.23285125810556442,0.0,0.0,208
expansion_caco2_efflux,ExpansionRx,ChemRasayan,frozen_mix,tanimoto_ge_0_90,0.23285125810556442,0.23285125810556442,0.0,0.0,208
expansion_caco2_efflux,ExpansionRx,ChemRasayan,frozen_mix,tanimoto_ge_0_95,0.23285125810556442,0.23285125810556442,0.0,0.0,208
expansion_caco2_efflux,ExpansionRx,ChemRasayan,full_mix,connectivity_inchikey,0.23266723191154093,0.23266723191154093,0.0,0.0,208
expansion_caco2_efflux,ExpansionRx,ChemRasayan,full_mix,standardized_exact,0.23266723191154093,0.23266723191154093,0.0,0.0,208
expansion_caco2_efflux,ExpansionRx,ChemRasayan,full_mix,tanimoto_ge_0_70,0.23266723191154093,0.23345205535082011,0.0007848234392791679,0.004188412374253082,206
expansion_caco2_efflux,ExpansionRx,ChemRasayan,full_mix,tanimoto_ge_0_80,0.23266723191154093,0.23266723191154093,0.0,0.0,208
expansion_caco2_efflux,ExpansionRx,ChemRasayan,full_mix,tanimoto_ge_0_90,0.23266723191154093,0.23266723191154093,0.0,0.0,208
expansion_caco2_efflux,ExpansionRx,ChemRasayan,full_mix,tanimoto_ge_0_95,0.23266723191154093,0.23266723191154093,0.0,0.0,208
expansion_caco2_efflux,ExpansionRx,ChemRasayan,lora_mix,connectivity_inchikey,0.23105335523619427,0.23105335523619427,0.0,0.0,208
expansion_caco2_efflux,ExpansionRx,ChemRasayan,lora_mix,standardized_exact,0.23105335523619427,0.23105335523619427,0.0,0.0,208
expansion_caco2_efflux,ExpansionRx,ChemRasayan,lora_mix,tanimoto_ge_0_70,0.23105335523619427,0.23156634850730798,0.0005129932711137412,0.004188412374253082,206
expansion_caco2_efflux,ExpansionRx,ChemRasayan,lora_mix,tanimoto_ge_0_80,0.23105335523619427,0.23105335523619427,0.0,0.0,208
expansion_caco2_efflux,ExpansionRx,ChemRasayan,lora_mix,tanimoto_ge_0_90,0.23105335523619427,0.23105335523619427,0.0,0.0,208
expansion_caco2_efflux,ExpansionRx,ChemRasayan,lora_mix,tanimoto_ge_0_95,0.23105335523619427,0.23105335523619427,0.0,0.0,208
expansion_caco2_efflux,ExpansionRx,ChemRasayan,validation_selected,connectivity_inchikey,0.23203107941665393,0.23203107941665393,0.0,0.0,208
expansion_caco2_efflux,ExpansionRx,ChemRasayan,validation_selected,standardized_exact,0.23203107941665393,0.23203107941665393,0.0,0.0,208
expansion_caco2_efflux,ExpansionRx,ChemRasayan,validation_selected,tanimoto_ge_0_70,0.23203107941665393,0.23238817918152477,0.0003570997648708237,0.004188412374253082,206
expansion_caco2_efflux,ExpansionRx,ChemRasayan,validation_selected,tanimoto_ge_0_80,0.23203107941665393,0.23203107941665393,0.0,0.0,208
expansion_caco2_efflux,ExpansionRx,ChemRasayan,validation_selected,tanimoto_ge_0_90,0.23203107941665393,0.23203107941665393,0.0,0.0,208
expansion_caco2_efflux,ExpansionRx,ChemRasayan,validation_selected,tanimoto_ge_0_95,0.23203107941665393,0.23203107941665393,0.0,0.0,208
expansion_caco2_efflux,ExpansionRx,classical,dummy_median,connectivity_inchikey,0.31785821291299776,0.31785821291299776,0.0,0.0,208
expansion_caco2_efflux,ExpansionRx,classical,dummy_median,standardized_exact,0.31785821291299776,0.31785821291299776,0.0,0.0,208
expansion_caco2_efflux,ExpansionRx,classical,dummy_median,tanimoto_ge_0_70,0.31785821291299776,0.3180482370462166,0.0001900241332188727,0.004188412374253082,206
expansion_caco2_efflux,ExpansionRx,classical,dummy_median,tanimoto_ge_0_80,0.31785821291299776,0.31785821291299776,0.0,0.0,208
expansion_caco2_efflux,ExpansionRx,classical,dummy_median,tanimoto_ge_0_90,0.31785821291299776,0.31785821291299776,0.0,0.0,208
expansion_caco2_efflux,ExpansionRx,classical,dummy_median,tanimoto_ge_0_95,0.31785821291299776,0.31785821291299776,0.0,0.0,208
expansion_caco2_efflux,ExpansionRx,classical,ecfp4_lgbm,connectivity_inchikey,0.23017013717294313,0.23017013717294313,0.0,0.0,208
expansion_caco2_efflux,ExpansionRx,classical,ecfp4_lgbm,standardized_exact,0.23017013717294313,0.23017013717294313,0.0,0.0,208
expansion_caco2_efflux,ExpansionRx,classical,ecfp4_lgbm,tanimoto_ge_0_70,0.23017013717294313,0.23078514321887286,0.000615006045929715,0.004188412374253082,206
expansion_caco2_efflux,ExpansionRx,classical,ecfp4_lgbm,tanimoto_ge_0_80,0.23017013717294313,0.23017013717294313,0.0,0.0,208
expansion_caco2_efflux,ExpansionRx,classical,ecfp4_lgbm,tanimoto_ge_0_90,0.23017013717294313,0.23017013717294313,0.0,0.0,208
expansion_caco2_efflux,ExpansionRx,classical,ecfp4_lgbm,tanimoto_ge_0_95,0.23017013717294313,0.23017013717294313,0.0,0.0,208
expansion_caco2_efflux,ExpansionRx,classical,ecfp4_rf,connectivity_inchikey,0.24576457164451948,0.24576457164451948,0.0,0.0,208
expansion_caco2_efflux,ExpansionRx,classical,ecfp4_rf,standardized_exact,0.24576457164451948,0.24576457164451948,0.0,0.0,208
expansion_caco2_efflux,ExpansionRx,classical,ecfp4_rf,tanimoto_ge_0_70,0.24576457164451948,0.24636648341286635,0.0006019117683468781,0.004188412374253082,206
expansion_caco2_efflux,ExpansionRx,classical,ecfp4_rf,tanimoto_ge_0_80,0.24576457164451948,0.24576457164451948,0.0,0.0,208
expansion_caco2_efflux,ExpansionRx,classical,ecfp4_rf,tanimoto_ge_0_90,0.24576457164451948,0.24576457164451948,0.0,0.0,208
expansion_caco2_efflux,ExpansionRx,classical,ecfp4_rf,tanimoto_ge_0_95,0.24576457164451948,0.24576457164451948,0.0,0.0,208
expansion_caco2_efflux,ExpansionRx,classical,rdkit_desc_lgbm,connectivity_inchikey,0.23306638321723416,0.23306638321723416,0.0,0.0,208
expansion_caco2_efflux,ExpansionRx,classical,rdkit_desc_lgbm,standardized_exact,0.23306638321723416,0.23306638321723416,0.0,0.0,208
expansion_caco2_efflux,ExpansionRx,classical,rdkit_desc_lgbm,tanimoto_ge_0_70,0.23306638321723416,0.23315970619583623,9.332297860205803e-05,0.004188412374253082,206
expansion_caco2_efflux,ExpansionRx,classical,rdkit_desc_lgbm,tanimoto_ge_0_80,0.23306638321723416,0.23306638321723416,0.0,0.0,208
expansion_caco2_efflux,ExpansionRx,classical,rdkit_desc_lgbm,tanimoto_ge_0_90,0.23306638321723416,0.23306638321723416,0.0,0.0,208
expansion_caco2_efflux,ExpansionRx,classical,rdkit_desc_lgbm,tanimoto_ge_0_95,0.23306638321723416,0.23306638321723416,0.0,0.0,208
expansion_caco2_efflux,ExpansionRx,classical,rdkit_desc_rf,connectivity_inchikey,0.24632574124657358,0.24632574124657358,0.0,0.0,208
expansion_caco2_efflux,ExpansionRx,classical,rdkit_desc_rf,standardized_exact,0.24632574124657358,0.24632574124657358,0.0,0.0,208
expansion_caco2_efflux,ExpansionRx,classical,rdkit_desc_rf,tanimoto_ge_0_70,0.24632574124657358,0.24643927786119477,0.0001135366146211662,0.004188412374253082,206
expansion_caco2_efflux,ExpansionRx,classical,rdkit_desc_rf,tanimoto_ge_0_80,0.24632574124657358,0.24632574124657358,0.0,0.0,208
expansion_caco2_efflux,ExpansionRx,classical,rdkit_desc_rf,tanimoto_ge_0_90,0.24632574124657358,0.24632574124657358,0.0,0.0,208
expansion_caco2_efflux,ExpansionRx,classical,rdkit_desc_rf,tanimoto_ge_0_95,0.24632574124657358,0.24632574124657358,0.0,0.0,208
expansion_caco2_pappa,ExpansionRx,ChemRasayan,frozen_mix,connectivity_inchikey,0.3007676119589872,0.3007676119589872,0.0,0.0,202
expansion_caco2_pappa,ExpansionRx,ChemRasayan,frozen_mix,standardized_exact,0.3007676119589872,0.3007676119589872,0.0,0.0,202
expansion_caco2_pappa,ExpansionRx,ChemRasayan,frozen_mix,tanimoto_ge_0_70,0.3007676119589872,0.301336791066499,0.0005691791075118265,0.0047008902570929365,200
expansion_caco2_pappa,ExpansionRx,ChemRasayan,frozen_mix,tanimoto_ge_0_80,0.3007676119589872,0.3007676119589872,0.0,0.0,202
expansion_caco2_pappa,ExpansionRx,ChemRasayan,frozen_mix,tanimoto_ge_0_90,0.3007676119589872,0.3007676119589872,0.0,0.0,202
expansion_caco2_pappa,ExpansionRx,ChemRasayan,frozen_mix,tanimoto_ge_0_95,0.3007676119589872,0.3007676119589872,0.0,0.0,202
expansion_caco2_pappa,ExpansionRx,ChemRasayan,full_mix,connectivity_inchikey,0.2935444324610679,0.2935444324610679,0.0,0.0,202
expansion_caco2_pappa,ExpansionRx,ChemRasayan,full_mix,standardized_exact,0.2935444324610679,0.2935444324610679,0.0,0.0,202
expansion_caco2_pappa,ExpansionRx,ChemRasayan,full_mix,tanimoto_ge_0_70,0.2935444324610679,0.29419563025551176,0.0006511977944439103,0.0047008902570929365,200
expansion_caco2_pappa,ExpansionRx,ChemRasayan,full_mix,tanimoto_ge_0_80,0.2935444324610679,0.2935444324610679,0.0,0.0,202
expansion_caco2_pappa,ExpansionRx,ChemRasayan,full_mix,tanimoto_ge_0_90,0.2935444324610679,0.2935444324610679,0.0,0.0,202
expansion_caco2_pappa,ExpansionRx,ChemRasayan,full_mix,tanimoto_ge_0_95,0.2935444324610679,0.2935444324610679,0.0,0.0,202
expansion_caco2_pappa,ExpansionRx,ChemRasayan,lora_mix,connectivity_inchikey,0.2973733043088147,0.2973733043088147,0.0,0.0,202
expansion_caco2_pappa,ExpansionRx,ChemRasayan,lora_mix,standardized_exact,0.2973733043088147,0.2973733043088147,0.0,0.0,202
expansion_caco2_pappa,ExpansionRx,ChemRasayan,lora_mix,tanimoto_ge_0_70,0.2973733043088147,0.2978051348936018,0.00043183058478711106,0.0047008902570929365,200
expansion_caco2_pappa,ExpansionRx,ChemRasayan,lora_mix,tanimoto_ge_0_80,0.2973733043088147,0.2973733043088147,0.0,0.0,202
expansion_caco2_pappa,ExpansionRx,ChemRasayan,lora_mix,tanimoto_ge_0_90,0.2973733043088147,0.2973733043088147,0.0,0.0,202
expansion_caco2_pappa,ExpansionRx,ChemRasayan,lora_mix,tanimoto_ge_0_95,0.2973733043088147,0.2973733043088147,0.0,0.0,202
expansion_caco2_pappa,ExpansionRx,ChemRasayan,validation_selected,connectivity_inchikey,0.29938797322560223,0.29938797322560223,0.0,0.0,202
expansion_caco2_pappa,ExpansionRx,ChemRasayan,validation_selected,standardized_exact,0.29938797322560223,0.29938797322560223,0.0,0.0,202
expansion_caco2_pappa,ExpansionRx,ChemRasayan,validation_selected,tanimoto_ge_0_70,0.29938797322560223,0.29965320825618763,0.0002652350305854349,0.0047008902570929365,200
expansion_caco2_pappa,ExpansionRx,ChemRasayan,validation_selected,tanimoto_ge_0_80,0.29938797322560223,0.29938797322560223,0.0,0.0,202
expansion_caco2_pappa,ExpansionRx,ChemRasayan,validation_selected,tanimoto_ge_0_90,0.29938797322560223,0.29938797322560223,0.0,0.0,202
expansion_caco2_pappa,ExpansionRx,ChemRasayan,validation_selected,tanimoto_ge_0_95,0.29938797322560223,0.29938797322560223,0.0,0.0,202
expansion_caco2_pappa,ExpansionRx,classical,dummy_median,connectivity_inchikey,0.4482213947013114,0.4482213947013114,0.0,0.0,202
expansion_caco2_pappa,ExpansionRx,classical,dummy_median,standardized_exact,0.4482213947013114,0.4482213947013114,0.0,0.0,202
expansion_caco2_pappa,ExpansionRx,classical,dummy_median,tanimoto_ge_0_70,0.4482213947013114,0.44865265263871895,0.0004312579374075772,0.0047008902570929365,200
expansion_caco2_pappa,ExpansionRx,classical,dummy_median,tanimoto_ge_0_80,0.4482213947013114,0.4482213947013114,0.0,0.0,202
expansion_caco2_pappa,ExpansionRx,classical,dummy_median,tanimoto_ge_0_90,0.4482213947013114,0.4482213947013114,0.0,0.0,202
expansion_caco2_pappa,ExpansionRx,classical,dummy_median,tanimoto_ge_0_95,0.4482213947013114,0.4482213947013114,0.0,0.0,202
expansion_caco2_pappa,ExpansionRx,classical,ecfp4_lgbm,connectivity_inchikey,0.3337262086837076,0.3337262086837076,0.0,0.0,202
expansion_caco2_pappa,ExpansionRx,classical,ecfp4_lgbm,standardized_exact,0.3337262086837076,0.3337262086837076,0.0,0.0,202
expansion_caco2_pappa,ExpansionRx,classical,ecfp4_lgbm,tanimoto_ge_0_70,0.3337262086837076,0.33451046816079005,0.0007842594770824015,0.0047008902570929365,200
expansion_caco2_pappa,ExpansionRx,classical,ecfp4_lgbm,tanimoto_ge_0_80,0.3337262086837076,0.3337262086837076,0.0,0.0,202
expansion_caco2_pappa,ExpansionRx,classical,ecfp4_lgbm,tanimoto_ge_0_90,0.3337262086837076,0.3337262086837076,0.0,0.0,202
expansion_caco2_pappa,ExpansionRx,classical,ecfp4_lgbm,tanimoto_ge_0_95,0.3337262086837076,0.3337262086837076,0.0,0.0,202
expansion_caco2_pappa,ExpansionRx,classical,ecfp4_rf,connectivity_inchikey,0.3578690912539906,0.3578690912539906,0.0,0.0,202
expansion_caco2_pappa,ExpansionRx,classical,ecfp4_rf,standardized_exact,0.3578690912539906,0.3578690912539906,0.0,0.0,202
expansion_caco2_pappa,ExpansionRx,classical,ecfp4_rf,tanimoto_ge_0_70,0.3578690912539906,0.35891855913244713,0.001049467878456593,0.0047008902570929365,200
expansion_caco2_pappa,ExpansionRx,classical,ecfp4_rf,tanimoto_ge_0_80,0.3578690912539906,0.3578690912539906,0.0,0.0,202
expansion_caco2_pappa,ExpansionRx,classical,ecfp4_rf,tanimoto_ge_0_90,0.3578690912539906,0.3578690912539906,0.0,0.0,202
expansion_caco2_pappa,ExpansionRx,classical,ecfp4_rf,tanimoto_ge_0_95,0.3578690912539906,0.3578690912539906,0.0,0.0,202
expansion_caco2_pappa,ExpansionRx,classical,rdkit_desc_lgbm,connectivity_inchikey,0.32407118754711434,0.32407118754711434,0.0,0.0,202
expansion_caco2_pappa,ExpansionRx,classical,rdkit_desc_lgbm,standardized_exact,0.32407118754711434,0.32407118754711434,0.0,0.0,202
expansion_caco2_pappa,ExpansionRx,classical,rdkit_desc_lgbm,tanimoto_ge_0_70,0.32407118754711434,0.3245715939035979,0.0005004063564835551,0.0047008902570929365,200
expansion_caco2_pappa,ExpansionRx,classical,rdkit_desc_lgbm,tanimoto_ge_0_80,0.32407118754711434,0.32407118754711434,0.0,0.0,202
expansion_caco2_pappa,ExpansionRx,classical,rdkit_desc_lgbm,tanimoto_ge_0_90,0.32407118754711434,0.32407118754711434,0.0,0.0,202
expansion_caco2_pappa,ExpansionRx,classical,rdkit_desc_lgbm,tanimoto_ge_0_95,0.32407118754711434,0.32407118754711434,0.0,0.0,202
expansion_caco2_pappa,ExpansionRx,classical,rdkit_desc_rf,connectivity_inchikey,0.33944670767463186,0.33944670767463186,0.0,0.0,202
expansion_caco2_pappa,ExpansionRx,classical,rdkit_desc_rf,standardized_exact,0.33944670767463186,0.33944670767463186,0.0,0.0,202
expansion_caco2_pappa,ExpansionRx,classical,rdkit_desc_rf,tanimoto_ge_0_70,0.33944670767463186,0.3395684422337691,0.00012173455913725799,0.0047008902570929365,200
expansion_caco2_pappa,ExpansionRx,classical,rdkit_desc_rf,tanimoto_ge_0_80,0.33944670767463186,0.33944670767463186,0.0,0.0,202
expansion_caco2_pappa,ExpansionRx,classical,rdkit_desc_rf,tanimoto_ge_0_90,0.33944670767463186,0.33944670767463186,0.0,0.0,202
expansion_caco2_pappa,ExpansionRx,classical,rdkit_desc_rf,tanimoto_ge_0_95,0.33944670767463186,0.33944670767463186,0.0,0.0,202
expansion_hlm,ExpansionRx,ChemRasayan,frozen_mix,connectivity_inchikey,0.36558090315942343,0.36541935161367783,-0.00016155154574556038,0.0008149959250203749,408
expansion_hlm,ExpansionRx,ChemRasayan,frozen_mix,standardized_exact,0.36558090315942343,0.36541935161367783,-0.00016155154574556038,0.0008149959250203749,408
expansion_hlm,ExpansionRx,ChemRasayan,frozen_mix,tanimoto_ge_0_70,0.36558090315942343,0.36396907058187605,-0.0016118325775473785,0.00996694610630318,407
expansion_hlm,ExpansionRx,ChemRasayan,frozen_mix,tanimoto_ge_0_80,0.36558090315942343,0.36541935161367783,-0.00016155154574556038,0.0008149959250203749,408
expansion_hlm,ExpansionRx,ChemRasayan,frozen_mix,tanimoto_ge_0_90,0.36558090315942343,0.36541935161367783,-0.00016155154574556038,0.0008149959250203749,408
expansion_hlm,ExpansionRx,ChemRasayan,frozen_mix,tanimoto_ge_0_95,0.36558090315942343,0.36541935161367783,-0.00016155154574556038,0.0008149959250203749,408
expansion_hlm,ExpansionRx,ChemRasayan,full_mix,connectivity_inchikey,0.3504157026257931,0.35046499501454925,4.9292388756190984e-05,0.0008149959250203749,408
expansion_hlm,ExpansionRx,ChemRasayan,full_mix,standardized_exact,0.3504157026257931,0.35046499501454925,4.9292388756190984e-05,0.0008149959250203749,408
expansion_hlm,ExpansionRx,ChemRasayan,full_mix,tanimoto_ge_0_70,0.3504157026257931,0.3485452885677889,-0.0018704140580041995,0.00996694610630318,407
expansion_hlm,ExpansionRx,ChemRasayan,full_mix,tanimoto_ge_0_80,0.3504157026257931,0.35046499501454925,4.9292388756190984e-05,0.0008149959250203749,408
expansion_hlm,ExpansionRx,ChemRasayan,full_mix,tanimoto_ge_0_90,0.3504157026257931,0.35046499501454925,4.9292388756190984e-05,0.0008149959250203749,408
expansion_hlm,ExpansionRx,ChemRasayan,full_mix,tanimoto_ge_0_95,0.3504157026257931,0.35046499501454925,4.9292388756190984e-05,0.0008149959250203749,408
expansion_hlm,ExpansionRx,ChemRasayan,lora_mix,connectivity_inchikey,0.3693198613862272,0.3690773884586777,-0.00024247292754951225,0.0008149959250203749,408
expansion_hlm,ExpansionRx,ChemRasayan,lora_mix,standardized_exact,0.3693198613862272,0.3690773884586777,-0.00024247292754951225,0.0008149959250203749,408
expansion_hlm,ExpansionRx,ChemRasayan,lora_mix,tanimoto_ge_0_70,0.3693198613862272,0.3665859525988455,-0.002733908787381667,0.00996694610630318,407
expansion_hlm,ExpansionRx,ChemRasayan,lora_mix,tanimoto_ge_0_80,0.3693198613862272,0.3690773884586777,-0.00024247292754951225,0.0008149959250203749,408
expansion_hlm,ExpansionRx,ChemRasayan,lora_mix,tanimoto_ge_0_90,0.3693198613862272,0.3690773884586777,-0.00024247292754951225,0.0008149959250203749,408
expansion_hlm,ExpansionRx,ChemRasayan,lora_mix,tanimoto_ge_0_95,0.3693198613862272,0.3690773884586777,-0.00024247292754951225,0.0008149959250203749,408
expansion_hlm,ExpansionRx,ChemRasayan,validation_selected,connectivity_inchikey,0.3532363124483591,0.3530747609026135,-0.00016155154574556038,0.0008149959250203749,408
expansion_hlm,ExpansionRx,ChemRasayan,validation_selected,standardized_exact,0.3532363124483591,0.3530747609026135,-0.00016155154574556038,0.0008149959250203749,408
expansion_hlm,ExpansionRx,ChemRasayan,validation_selected,tanimoto_ge_0_70,0.3532363124483591,0.35116175368080343,-0.002074558767555671,0.00996694610630318,407
expansion_hlm,ExpansionRx,ChemRasayan,validation_selected,tanimoto_ge_0_80,0.3532363124483591,0.3530747609026135,-0.00016155154574556038,0.0008149959250203749,408
expansion_hlm,ExpansionRx,ChemRasayan,validation_selected,tanimoto_ge_0_90,0.3532363124483591,0.3530747609026135,-0.00016155154574556038,0.0008149959250203749,408
expansion_hlm,ExpansionRx,ChemRasayan,validation_selected,tanimoto_ge_0_95,0.3532363124483591,0.3530747609026135,-0.00016155154574556038,0.0008149959250203749,408
expansion_hlm,ExpansionRx,classical,dummy_median,connectivity_inchikey,0.5160759937736707,0.5158726214329481,-0.00020337234072265176,0.0008149959250203749,408
expansion_hlm,ExpansionRx,classical,dummy_median,standardized_exact,0.5160759937736707,0.5158726214329481,-0.00020337234072265176,0.0008149959250203749,408
expansion_hlm,ExpansionRx,classical,dummy_median,tanimoto_ge_0_70,0.5160759937736707,0.5131564736518067,-0.002919520121864083,0.00996694610630318,407
expansion_hlm,ExpansionRx,classical,dummy_median,tanimoto_ge_0_80,0.5160759937736707,0.5158726214329481,-0.00020337234072265176,0.0008149959250203749,408
expansion_hlm,ExpansionRx,classical,dummy_median,tanimoto_ge_0_90,0.5160759937736707,0.5158726214329481,-0.00020337234072265176,0.0008149959250203749,408
expansion_hlm,ExpansionRx,classical,dummy_median,tanimoto_ge_0_95,0.5160759937736707,0.5158726214329481,-0.00020337234072265176,0.0008149959250203749,408
expansion_hlm,ExpansionRx,classical,ecfp4_lgbm,connectivity_inchikey,0.3516190030532303,0.351818687451198,0.00019968439796771062,0.0008149959250203749,408
expansion_hlm,ExpansionRx,classical,ecfp4_lgbm,standardized_exact,0.3516190030532303,0.351818687451198,0.00019968439796771062,0.0008149959250203749,408
expansion_hlm,ExpansionRx,classical,ecfp4_lgbm,tanimoto_ge_0_70,0.3516190030532303,0.35026781564631615,-0.0013511874069141265,0.00996694610630318,407
expansion_hlm,ExpansionRx,classical,ecfp4_lgbm,tanimoto_ge_0_80,0.3516190030532303,0.351818687451198,0.00019968439796771062,0.0008149959250203749,408
expansion_hlm,ExpansionRx,classical,ecfp4_lgbm,tanimoto_ge_0_90,0.3516190030532303,0.351818687451198,0.00019968439796771062,0.0008149959250203749,408
expansion_hlm,ExpansionRx,classical,ecfp4_lgbm,tanimoto_ge_0_95,0.3516190030532303,0.351818687451198,0.00019968439796771062,0.0008149959250203749,408
expansion_hlm,ExpansionRx,classical,ecfp4_rf,connectivity_inchikey,0.37168551693969015,0.3719015896244537,0.00021607268476360927,0.0008149959250203749,408
expansion_hlm,ExpansionRx,classical,ecfp4_rf,standardized_exact,0.37168551693969015,0.3719015896244537,0.00021607268476360927,0.0008149959250203749,408
expansion_hlm,ExpansionRx,classical,ecfp4_rf,tanimoto_ge_0_70,0.37168551693969015,0.37013310483711787,-0.00155241210257225,0.00996694610630318,407
expansion_hlm,ExpansionRx,classical,ecfp4_rf,tanimoto_ge_0_80,0.37168551693969015,0.3719015896244537,0.00021607268476360927,0.0008149959250203749,408
expansion_hlm,ExpansionRx,classical,ecfp4_rf,tanimoto_ge_0_90,0.37168551693969015,0.3719015896244537,0.00021607268476360927,0.0008149959250203749,408
expansion_hlm,ExpansionRx,classical,ecfp4_rf,tanimoto_ge_0_95,0.37168551693969015,0.3719015896244537,0.00021607268476360927,0.0008149959250203749,408
expansion_hlm,ExpansionRx,classical,rdkit_desc_lgbm,connectivity_inchikey,0.36585968548165027,0.36603553954563744,0.00017585406398717973,0.0008149959250203749,408
expansion_hlm,ExpansionRx,classical,rdkit_desc_lgbm,standardized_exact,0.36585968548165027,0.36603553954563744,0.00017585406398717973,0.0008149959250203749,408
expansion_hlm,ExpansionRx,classical,rdkit_desc_lgbm,tanimoto_ge_0_70,0.36585968548165027,0.36436250043332885,-0.0014971850483214328,0.00996694610630318,407
expansion_hlm,ExpansionRx,classical,rdkit_desc_lgbm,tanimoto_ge_0_80,0.36585968548165027,0.36603553954563744,0.00017585406398717973,0.0008149959250203749,408
expansion_hlm,ExpansionRx,classical,rdkit_desc_lgbm,tanimoto_ge_0_90,0.36585968548165027,0.36603553954563744,0.00017585406398717973,0.0008149959250203749,408
expansion_hlm,ExpansionRx,classical,rdkit_desc_lgbm,tanimoto_ge_0_95,0.36585968548165027,0.36603553954563744,0.00017585406398717973,0.0008149959250203749,408
expansion_hlm,ExpansionRx,classical,rdkit_desc_rf,connectivity_inchikey,0.3808489499214267,0.38109913697066183,0.0002501870492351103,0.0008149959250203749,408
expansion_hlm,ExpansionRx,classical,rdkit_desc_rf,standardized_exact,0.3808489499214267,0.38109913697066183,0.0002501870492351103,0.0008149959250203749,408
expansion_hlm,ExpansionRx,classical,rdkit_desc_rf,tanimoto_ge_0_70,0.3808489499214267,0.3805623551070821,-0.0002865948143445836,0.00996694610630318,407
expansion_hlm,ExpansionRx,classical,rdkit_desc_rf,tanimoto_ge_0_80,0.3808489499214267,0.38109913697066183,0.0002501870492351103,0.0008149959250203749,408
expansion_hlm,ExpansionRx,classical,rdkit_desc_rf,tanimoto_ge_0_90,0.3808489499214267,0.38109913697066183,0.0002501870492351103,0.0008149959250203749,408
expansion_hlm,ExpansionRx,classical,rdkit_desc_rf,tanimoto_ge_0_95,0.3808489499214267,0.38109913697066183,0.0002501870492351103,0.0008149959250203749,408
expansion_ksol,ExpansionRx,ChemRasayan,frozen_mix,connectivity_inchikey,0.46753884473755297,0.46753884473755297,0.0,0.0,496
expansion_ksol,ExpansionRx,ChemRasayan,frozen_mix,standardized_exact,0.46753884473755297,0.46753884473755297,0.0,0.0,496
expansion_ksol,ExpansionRx,ChemRasayan,frozen_mix,tanimoto_ge_0_70,0.46753884473755297,0.4674645676492302,-7.427708832276798e-05,0.01013342910626442,488
expansion_ksol,ExpansionRx,ChemRasayan,frozen_mix,tanimoto_ge_0_80,0.46753884473755297,0.4659077613609511,-0.00163108337660182,0.004394671542379522,493
expansion_ksol,ExpansionRx,ChemRasayan,frozen_mix,tanimoto_ge_0_90,0.46753884473755297,0.467508752354811,-3.0092382741949326e-05,0.0006720430107526881,495
expansion_ksol,ExpansionRx,ChemRasayan,frozen_mix,tanimoto_ge_0_95,0.46753884473755297,0.46753884473755297,0.0,0.0,496
expansion_ksol,ExpansionRx,ChemRasayan,full_mix,connectivity_inchikey,0.4158271346993286,0.4158271346993286,0.0,0.0,496
expansion_ksol,ExpansionRx,ChemRasayan,full_mix,standardized_exact,0.4158271346993286,0.4158271346993286,0.0,0.0,496
expansion_ksol,ExpansionRx,ChemRasayan,full_mix,tanimoto_ge_0_70,0.4158271346993286,0.4164137642070395,0.000586629507710823,0.01013342910626442,488
expansion_ksol,ExpansionRx,ChemRasayan,full_mix,tanimoto_ge_0_80,0.4158271346993286,0.4157008236074638,-0.00012631109186482062,0.004394671542379522,493
expansion_ksol,ExpansionRx,ChemRasayan,full_mix,tanimoto_ge_0_90,0.4158271346993286,0.4160081147794083,0.00018098008007962538,0.0006720430107526881,495
expansion_ksol,ExpansionRx,ChemRasayan,full_mix,tanimoto_ge_0_95,0.4158271346993286,0.4158271346993286,0.0,0.0,496
expansion_ksol,ExpansionRx,ChemRasayan,lora_mix,connectivity_inchikey,0.4153008555481614,0.4153008555481614,0.0,0.0,496
expansion_ksol,ExpansionRx,ChemRasayan,lora_mix,standardized_exact,0.4153008555481614,0.4153008555481614,0.0,0.0,496
expansion_ksol,ExpansionRx,ChemRasayan,lora_mix,tanimoto_ge_0_70,0.4153008555481614,0.415324040023227,2.3184475065662902e-05,0.01013342910626442,488
expansion_ksol,ExpansionRx,ChemRasayan,lora_mix,tanimoto_ge_0_80,0.4153008555481614,0.4148662005219855,-0.0004346550261758453,0.004394671542379522,493
expansion_ksol,ExpansionRx,ChemRasayan,lora_mix,tanimoto_ge_0_90,0.4153008555481614,0.4156066557544597,0.00030580020629839,0.0006720430107526881,495
expansion_ksol,ExpansionRx,ChemRasayan,lora_mix,tanimoto_ge_0_95,0.4153008555481614,0.4153008555481614,0.0,0.0,496
expansion_ksol,ExpansionRx,ChemRasayan,validation_selected,connectivity_inchikey,0.4182695138902286,0.4182695138902286,0.0,0.0,496
expansion_ksol,ExpansionRx,ChemRasayan,validation_selected,standardized_exact,0.4182695138902286,0.4182695138902286,0.0,0.0,496
expansion_ksol,ExpansionRx,ChemRasayan,validation_selected,tanimoto_ge_0_70,0.4182695138902286,0.41868041207053913,0.00041089818031051867,0.01013342910626442,488
expansion_ksol,ExpansionRx,ChemRasayan,validation_selected,tanimoto_ge_0_80,0.4182695138902286,0.4178318432493468,-0.0004376706408817932,0.004394671542379522,493
expansion_ksol,ExpansionRx,ChemRasayan,validation_selected,tanimoto_ge_0_90,0.4182695138902286,0.4184504939703082,0.00018098008007962538,0.0006720430107526881,495
expansion_ksol,ExpansionRx,ChemRasayan,validation_selected,tanimoto_ge_0_95,0.4182695138902286,0.4182695138902286,0.0,0.0,496
expansion_ksol,ExpansionRx,classical,dummy_median,connectivity_inchikey,0.6883115946183646,0.6883115946183646,0.0,0.0,496
expansion_ksol,ExpansionRx,classical,dummy_median,standardized_exact,0.6883115946183646,0.6883115946183646,0.0,0.0,496
expansion_ksol,ExpansionRx,classical,dummy_median,tanimoto_ge_0_70,0.6883115946183646,0.687808468931805,-0.0005031256865595246,0.01013342910626442,488
expansion_ksol,ExpansionRx,classical,dummy_median,tanimoto_ge_0_80,0.6883115946183646,0.685246080529459,-0.003065514088905541,0.004394671542379522,493
expansion_ksol,ExpansionRx,classical,dummy_median,tanimoto_ge_0_90,0.6883115946183646,0.6876150941494714,-0.0006965004688930984,0.0006720430107526881,495
expansion_ksol,ExpansionRx,classical,dummy_median,tanimoto_ge_0_95,0.6883115946183646,0.6883115946183646,0.0,0.0,496
expansion_ksol,ExpansionRx,classical,ecfp4_lgbm,connectivity_inchikey,0.5295491826581965,0.5295491826581965,0.0,0.0,496
expansion_ksol,ExpansionRx,classical,ecfp4_lgbm,standardized_exact,0.5295491826581965,0.5295491826581965,0.0,0.0,496
expansion_ksol,ExpansionRx,classical,ecfp4_lgbm,tanimoto_ge_0_70,0.5295491826581965,0.5306943922977158,0.0011452096395193068,0.01013342910626442,488
expansion_ksol,ExpansionRx,classical,ecfp4_lgbm,tanimoto_ge_0_80,0.5295491826581965,0.5287063005868035,-0.0008428820713930844,0.004394671542379522,493
expansion_ksol,ExpansionRx,classical,ecfp4_lgbm,tanimoto_ge_0_90,0.5295491826581965,0.5297426453011682,0.000193462642971746,0.0006720430107526881,495
expansion_ksol,ExpansionRx,classical,ecfp4_lgbm,tanimoto_ge_0_95,0.5295491826581965,0.5295491826581965,0.0,0.0,496
expansion_ksol,ExpansionRx,classical,ecfp4_rf,connectivity_inchikey,0.5745920761430093,0.5745920761430093,0.0,0.0,496
expansion_ksol,ExpansionRx,classical,ecfp4_rf,standardized_exact,0.5745920761430093,0.5745920761430093,0.0,0.0,496
expansion_ksol,ExpansionRx,classical,ecfp4_rf,tanimoto_ge_0_70,0.5745920761430093,0.5756306528385798,0.001038576695570485,0.01013342910626442,488
expansion_ksol,ExpansionRx,classical,ecfp4_rf,tanimoto_ge_0_80,0.5745920761430093,0.5738099028493286,-0.000782173293680651,0.004394671542379522,493
expansion_ksol,ExpansionRx,classical,ecfp4_rf,tanimoto_ge_0_90,0.5745920761430093,0.5748974543876996,0.00030537824469027236,0.0006720430107526881,495
expansion_ksol,ExpansionRx,classical,ecfp4_rf,tanimoto_ge_0_95,0.5745920761430093,0.5745920761430093,0.0,0.0,496
expansion_ksol,ExpansionRx,classical,rdkit_desc_lgbm,connectivity_inchikey,0.5280435122603491,0.5280435122603491,0.0,0.0,496
expansion_ksol,ExpansionRx,classical,rdkit_desc_lgbm,standardized_exact,0.5280435122603491,0.5280435122603491,0.0,0.0,496
expansion_ksol,ExpansionRx,classical,rdkit_desc_lgbm,tanimoto_ge_0_70,0.5280435122603491,0.5293505801121475,0.0013070678517984418,0.01013342910626442,488
expansion_ksol,ExpansionRx,classical,rdkit_desc_lgbm,tanimoto_ge_0_80,0.5280435122603491,0.5273843895228121,-0.0006591227375370065,0.004394671542379522,493
expansion_ksol,ExpansionRx,classical,rdkit_desc_lgbm,tanimoto_ge_0_90,0.5280435122603491,0.5282233641619044,0.00017985190155537603,0.0006720430107526881,495
expansion_ksol,ExpansionRx,classical,rdkit_desc_lgbm,tanimoto_ge_0_95,0.5280435122603491,0.5280435122603491,0.0,0.0,496
expansion_ksol,ExpansionRx,classical,rdkit_desc_rf,connectivity_inchikey,0.5387599753999845,0.5387599753999845,0.0,0.0,496
expansion_ksol,ExpansionRx,classical,rdkit_desc_rf,standardized_exact,0.5387599753999845,0.5387599753999845,0.0,0.0,496
expansion_ksol,ExpansionRx,classical,rdkit_desc_rf,tanimoto_ge_0_70,0.5387599753999845,0.5401905095484131,0.0014305341484285676,0.01013342910626442,488
expansion_ksol,ExpansionRx,classical,rdkit_desc_rf,tanimoto_ge_0_80,0.5387599753999845,0.5385953462220306,-0.00016462917795377155,0.004394671542379522,493
expansion_ksol,ExpansionRx,classical,rdkit_desc_rf,tanimoto_ge_0_90,0.5387599753999845,0.5388514837779718,9.150837798725202e-05,0.0006720430107526881,495
expansion_ksol,ExpansionRx,classical,rdkit_desc_rf,tanimoto_ge_0_95,0.5387599753999845,0.5387599753999845,0.0,0.0,496
expansion_logd,ExpansionRx,ChemRasayan,frozen_mix,connectivity_inchikey,0.3121358579958357,0.3121358579958357,0.0,0.0,534
expansion_logd,ExpansionRx,ChemRasayan,frozen_mix,standardized_exact,0.3121358579958357,0.3121358579958357,0.0,0.0,534
expansion_logd,ExpansionRx,ChemRasayan,frozen_mix,tanimoto_ge_0_70,0.3121358579958357,0.3115328648871585,-0.00060299310867723,0.004818613756397969,533
expansion_logd,ExpansionRx,ChemRasayan,frozen_mix,tanimoto_ge_0_80,0.3121358579958357,0.31199066934906905,-0.00014518864676664003,0.0005847953216374269,534
expansion_logd,ExpansionRx,ChemRasayan,frozen_mix,tanimoto_ge_0_90,0.3121358579958357,0.31199066934906905,-0.00014518864676664003,0.0005847953216374269,534
expansion_logd,ExpansionRx,ChemRasayan,frozen_mix,tanimoto_ge_0_95,0.3121358579958357,0.3121358579958357,0.0,0.0,534
expansion_logd,ExpansionRx,ChemRasayan,full_mix,connectivity_inchikey,0.27217278992484295,0.27217278992484295,0.0,0.0,534
expansion_logd,ExpansionRx,ChemRasayan,full_mix,standardized_exact,0.27217278992484295,0.27217278992484295,0.0,0.0,534
expansion_logd,ExpansionRx,ChemRasayan,full_mix,tanimoto_ge_0_70,0.27217278992484295,0.2718117056687855,-0.0003610842560574645,0.004818613756397969,533
expansion_logd,ExpansionRx,ChemRasayan,full_mix,tanimoto_ge_0_80,0.27217278992484295,0.27219521769301697,2.242776817403443e-05,0.0005847953216374269,534
expansion_logd,ExpansionRx,ChemRasayan,full_mix,tanimoto_ge_0_90,0.27217278992484295,0.27219521769301697,2.242776817403443e-05,0.0005847953216374269,534
expansion_logd,ExpansionRx,ChemRasayan,full_mix,tanimoto_ge_0_95,0.27217278992484295,0.27217278992484295,0.0,0.0,534
expansion_logd,ExpansionRx,ChemRasayan,lora_mix,connectivity_inchikey,0.3061255440607269,0.3061255440607269,0.0,0.0,534
expansion_logd,ExpansionRx,ChemRasayan,lora_mix,standardized_exact,0.3061255440607269,0.3061255440607269,0.0,0.0,534
expansion_logd,ExpansionRx,ChemRasayan,lora_mix,tanimoto_ge_0_70,0.3061255440607269,0.305543309148548,-0.0005822349121789028,0.004818613756397969,533
expansion_logd,ExpansionRx,ChemRasayan,lora_mix,tanimoto_ge_0_80,0.3061255440607269,0.3059460037094748,-0.00017954035125209802,0.0005847953216374269,534
expansion_logd,ExpansionRx,ChemRasayan,lora_mix,tanimoto_ge_0_90,0.3061255440607269,0.3059460037094748,-0.00017954035125209802,0.0005847953216374269,534
expansion_logd,ExpansionRx,ChemRasayan,lora_mix,tanimoto_ge_0_95,0.3061255440607269,0.3061255440607269,0.0,0.0,534
expansion_logd,ExpansionRx,ChemRasayan,validation_selected,connectivity_inchikey,0.27217278992484295,0.27217278992484295,0.0,0.0,534
expansion_logd,ExpansionRx,ChemRasayan,validation_selected,standardized_exact,0.27217278992484295,0.27217278992484295,0.0,0.0,534
expansion_logd,ExpansionRx,ChemRasayan,validation_selected,tanimoto_ge_0_70,0.27217278992484295,0.2718117056687855,-0.0003610842560574645,0.004818613756397969,533
expansion_logd,ExpansionRx,ChemRasayan,validation_selected,tanimoto_ge_0_80,0.27217278992484295,0.27219521769301697,2.242776817403443e-05,0.0005847953216374269,534
expansion_logd,ExpansionRx,ChemRasayan,validation_selected,tanimoto_ge_0_90,0.27217278992484295,0.27219521769301697,2.242776817403443e-05,0.0005847953216374269,534
expansion_logd,ExpansionRx,ChemRasayan,validation_selected,tanimoto_ge_0_95,0.27217278992484295,0.27217278992484295,0.0,0.0,534
expansion_logd,ExpansionRx,classical,dummy_median,connectivity_inchikey,0.9087990510953867,0.9087990510953867,0.0,0.0,534
expansion_logd,ExpansionRx,classical,dummy_median,standardized_exact,0.9087990510953867,0.9087990510953867,0.0,0.0,534
expansion_logd,ExpansionRx,classical,dummy_median,tanimoto_ge_0_70,0.9087990510953867,0.904101427409569,-0.004697623685817683,0.004818613756397969,533
expansion_logd,ExpansionRx,classical,dummy_median,tanimoto_ge_0_80,0.9087990510953867,0.908139948740789,-0.0006591023545976515,0.0005847953216374269,534
expansion_logd,ExpansionRx,classical,dummy_median,tanimoto_ge_0_90,0.9087990510953867,0.908139948740789,-0.0006591023545976515,0.0005847953216374269,534
expansion_logd,ExpansionRx,classical,dummy_median,tanimoto_ge_0_95,0.9087990510953867,0.9087990510953867,0.0,0.0,534
expansion_logd,ExpansionRx,classical,ecfp4_lgbm,connectivity_inchikey,0.37465529174836526,0.37465529174836526,0.0,0.0,534
expansion_logd,ExpansionRx,classical,ecfp4_lgbm,standardized_exact,0.37465529174836526,0.37465529174836526,0.0,0.0,534
expansion_logd,ExpansionRx,classical,ecfp4_lgbm,tanimoto_ge_0_70,0.37465529174836526,0.37392150380072736,-0.0007337879476378614,0.004818613756397969,533
expansion_logd,ExpansionRx,classical,ecfp4_lgbm,tanimoto_ge_0_80,0.37465529174836526,0.3741497466847253,-0.0005055450636399968,0.0005847953216374269,534
expansion_logd,ExpansionRx,classical,ecfp4_lgbm,tanimoto_ge_0_90,0.37465529174836526,0.3741497466847253,-0.0005055450636399968,0.0005847953216374269,534
expansion_logd,ExpansionRx,classical,ecfp4_lgbm,tanimoto_ge_0_95,0.37465529174836526,0.37465529174836526,0.0,0.0,534
expansion_logd,ExpansionRx,classical,ecfp4_rf,connectivity_inchikey,0.4958830413838453,0.4958830413838453,0.0,0.0,534
expansion_logd,ExpansionRx,classical,ecfp4_rf,standardized_exact,0.4958830413838453,0.4958830413838453,0.0,0.0,534
expansion_logd,ExpansionRx,classical,ecfp4_rf,tanimoto_ge_0_70,0.4958830413838453,0.49536376502018636,-0.0005192763636589492,0.004818613756397969,533
expansion_logd,ExpansionRx,classical,ecfp4_rf,tanimoto_ge_0_80,0.4958830413838453,0.49564179041567114,-0.00024125096817417813,0.0005847953216374269,534
expansion_logd,ExpansionRx,classical,ecfp4_rf,tanimoto_ge_0_90,0.4958830413838453,0.49564179041567114,-0.00024125096817417813,0.0005847953216374269,534
expansion_logd,ExpansionRx,classical,ecfp4_rf,tanimoto_ge_0_95,0.4958830413838453,0.4958830413838453,0.0,0.0,534
expansion_logd,ExpansionRx,classical,rdkit_desc_lgbm,connectivity_inchikey,0.40797023396778687,0.40797023396778687,0.0,0.0,534
expansion_logd,ExpansionRx,classical,rdkit_desc_lgbm,standardized_exact,0.40797023396778687,0.40797023396778687,0.0,0.0,534
expansion_logd,ExpansionRx,classical,rdkit_desc_lgbm,tanimoto_ge_0_70,0.40797023396778687,0.4058206563036797,-0.002149577664107153,0.004818613756397969,533
expansion_logd,ExpansionRx,classical,rdkit_desc_lgbm,tanimoto_ge_0_80,0.40797023396778687,0.40776598379117696,-0.00020425017660989178,0.0005847953216374269,534
expansion_logd,ExpansionRx,classical,rdkit_desc_lgbm,tanimoto_ge_0_90,0.40797023396778687,0.40776598379117696,-0.00020425017660989178,0.0005847953216374269,534
expansion_logd,ExpansionRx,classical,rdkit_desc_lgbm,tanimoto_ge_0_95,0.40797023396778687,0.40797023396778687,0.0,0.0,534
expansion_logd,ExpansionRx,classical,rdkit_desc_rf,connectivity_inchikey,0.4723344445944598,0.4723344445944598,0.0,0.0,534
expansion_logd,ExpansionRx,classical,rdkit_desc_rf,standardized_exact,0.4723344445944598,0.4723344445944598,0.0,0.0,534
expansion_logd,ExpansionRx,classical,rdkit_desc_rf,tanimoto_ge_0_70,0.4723344445944598,0.4687380885726591,-0.0035963560218007693,0.004818613756397969,533
expansion_logd,ExpansionRx,classical,rdkit_desc_rf,tanimoto_ge_0_80,0.4723344445944598,0.471886052676616,-0.0004483919178437934,0.0005847953216374269,534
expansion_logd,ExpansionRx,classical,rdkit_desc_rf,tanimoto_ge_0_90,0.4723344445944598,0.471886052676616,-0.0004483919178437934,0.0005847953216374269,534
expansion_logd,ExpansionRx,classical,rdkit_desc_rf,tanimoto_ge_0_95,0.4723344445944598,0.4723344445944598,0.0,0.0,534
expansion_mbpb,ExpansionRx,ChemRasayan,frozen_mix,connectivity_inchikey,0.2532790797040269,0.2532790797040269,0.0,0.0,113
expansion_mbpb,ExpansionRx,ChemRasayan,frozen_mix,standardized_exact,0.2532790797040269,0.2532790797040269,0.0,0.0,113
expansion_mbpb,ExpansionRx,ChemRasayan,frozen_mix,tanimoto_ge_0_70,0.2532790797040269,0.2534612671133423,0.00018218740931537822,0.001893939393939394,113
expansion_mbpb,ExpansionRx,ChemRasayan,frozen_mix,tanimoto_ge_0_80,0.2532790797040269,0.2532790797040269,0.0,0.0,113
expansion_mbpb,ExpansionRx,ChemRasayan,frozen_mix,tanimoto_ge_0_90,0.2532790797040269,0.2532790797040269,0.0,0.0,113
expansion_mbpb,ExpansionRx,ChemRasayan,frozen_mix,tanimoto_ge_0_95,0.2532790797040269,0.2532790797040269,0.0,0.0,113
expansion_mbpb,ExpansionRx,ChemRasayan,full_mix,connectivity_inchikey,0.25023853601141,0.25023853601141,0.0,0.0,113
expansion_mbpb,ExpansionRx,ChemRasayan,full_mix,standardized_exact,0.25023853601141,0.25023853601141,0.0,0.0,113
expansion_mbpb,ExpansionRx,ChemRasayan,full_mix,tanimoto_ge_0_70,0.25023853601141,0.25041987006832933,0.00018133405691934482,0.001893939393939394,113
expansion_mbpb,ExpansionRx,ChemRasayan,full_mix,tanimoto_ge_0_80,0.25023853601141,0.25023853601141,0.0,0.0,113
expansion_mbpb,ExpansionRx,ChemRasayan,full_mix,tanimoto_ge_0_90,0.25023853601141,0.25023853601141,0.0,0.0,113
expansion_mbpb,ExpansionRx,ChemRasayan,full_mix,tanimoto_ge_0_95,0.25023853601141,0.25023853601141,0.0,0.0,113
expansion_mbpb,ExpansionRx,ChemRasayan,lora_mix,connectivity_inchikey,0.25493638054479395,0.25493638054479395,0.0,0.0,113
expansion_mbpb,ExpansionRx,ChemRasayan,lora_mix,standardized_exact,0.25493638054479395,0.25493638054479395,0.0,0.0,113
expansion_mbpb,ExpansionRx,ChemRasayan,lora_mix,tanimoto_ge_0_70,0.25493638054479395,0.25530613813573216,0.0003697575909382596,0.001893939393939394,113
expansion_mbpb,ExpansionRx,ChemRasayan,lora_mix,tanimoto_ge_0_80,0.25493638054479395,0.25493638054479395,0.0,0.0,113
expansion_mbpb,ExpansionRx,ChemRasayan,lora_mix,tanimoto_ge_0_90,0.25493638054479395,0.25493638054479395,0.0,0.0,113
expansion_mbpb,ExpansionRx,ChemRasayan,lora_mix,tanimoto_ge_0_95,0.25493638054479395,0.25493638054479395,0.0,0.0,113
expansion_mbpb,ExpansionRx,ChemRasayan,validation_selected,connectivity_inchikey,0.250183966068597,0.250183966068597,0.0,0.0,113
expansion_mbpb,ExpansionRx,ChemRasayan,validation_selected,standardized_exact,0.250183966068597,0.250183966068597,0.0,0.0,113
expansion_mbpb,ExpansionRx,ChemRasayan,validation_selected,tanimoto_ge_0_70,0.250183966068597,0.25036530012551633,0.00018133405691934482,0.001893939393939394,113
expansion_mbpb,ExpansionRx,ChemRasayan,validation_selected,tanimoto_ge_0_80,0.250183966068597,0.250183966068597,0.0,0.0,113
expansion_mbpb,ExpansionRx,ChemRasayan,validation_selected,tanimoto_ge_0_90,0.250183966068597,0.250183966068597,0.0,0.0,113
expansion_mbpb,ExpansionRx,ChemRasayan,validation_selected,tanimoto_ge_0_95,0.250183966068597,0.250183966068597,0.0,0.0,113
expansion_mbpb,ExpansionRx,classical,dummy_median,connectivity_inchikey,0.5298560100668847,0.5298560100668847,0.0,0.0,113
expansion_mbpb,ExpansionRx,classical,dummy_median,standardized_exact,0.5298560100668847,0.5298560100668847,0.0,0.0,113
expansion_mbpb,ExpansionRx,classical,dummy_median,tanimoto_ge_0_70,0.5298560100668847,0.5308308683598774,0.0009748582929927085,0.001893939393939394,113
expansion_mbpb,ExpansionRx,classical,dummy_median,tanimoto_ge_0_80,0.5298560100668847,0.5298560100668847,0.0,0.0,113
expansion_mbpb,ExpansionRx,classical,dummy_median,tanimoto_ge_0_90,0.5298560100668847,0.5298560100668847,0.0,0.0,113
expansion_mbpb,ExpansionRx,classical,dummy_median,tanimoto_ge_0_95,0.5298560100668847,0.5298560100668847,0.0,0.0,113
expansion_mbpb,ExpansionRx,classical,ecfp4_lgbm,connectivity_inchikey,0.3016585023052456,0.3016585023052456,0.0,0.0,113
expansion_mbpb,ExpansionRx,classical,ecfp4_lgbm,standardized_exact,0.3016585023052456,0.3016585023052456,0.0,0.0,113
expansion_mbpb,ExpansionRx,classical,ecfp4_lgbm,tanimoto_ge_0_70,0.3016585023052456,0.30188277702038196,0.0002242747151363448,0.001893939393939394,113
expansion_mbpb,ExpansionRx,classical,ecfp4_lgbm,tanimoto_ge_0_80,0.3016585023052456,0.3016585023052456,0.0,0.0,113
expansion_mbpb,ExpansionRx,classical,ecfp4_lgbm,tanimoto_ge_0_90,0.3016585023052456,0.3016585023052456,0.0,0.0,113
expansion_mbpb,ExpansionRx,classical,ecfp4_lgbm,tanimoto_ge_0_95,0.3016585023052456,0.3016585023052456,0.0,0.0,113
expansion_mbpb,ExpansionRx,classical,ecfp4_rf,connectivity_inchikey,0.35223098959084226,0.35223098959084226,0.0,0.0,113
expansion_mbpb,ExpansionRx,classical,ecfp4_rf,standardized_exact,0.35223098959084226,0.35223098959084226,0.0,0.0,113
expansion_mbpb,ExpansionRx,classical,ecfp4_rf,tanimoto_ge_0_70,0.35223098959084226,0.35230009530016576,6.910570932344706e-05,0.001893939393939394,113
expansion_mbpb,ExpansionRx,classical,ecfp4_rf,tanimoto_ge_0_80,0.35223098959084226,0.35223098959084226,0.0,0.0,113
expansion_mbpb,ExpansionRx,classical,ecfp4_rf,tanimoto_ge_0_90,0.35223098959084226,0.35223098959084226,0.0,0.0,113
expansion_mbpb,ExpansionRx,classical,ecfp4_rf,tanimoto_ge_0_95,0.35223098959084226,0.35223098959084226,0.0,0.0,113
expansion_mbpb,ExpansionRx,classical,rdkit_desc_lgbm,connectivity_inchikey,0.2793768610757341,0.2793768610757341,0.0,0.0,113
expansion_mbpb,ExpansionRx,classical,rdkit_desc_lgbm,standardized_exact,0.2793768610757341,0.2793768610757341,0.0,0.0,113
expansion_mbpb,ExpansionRx,classical,rdkit_desc_lgbm,tanimoto_ge_0_70,0.2793768610757341,0.2798211757801207,0.0004443147043865688,0.001893939393939394,113
expansion_mbpb,ExpansionRx,classical,rdkit_desc_lgbm,tanimoto_ge_0_80,0.2793768610757341,0.2793768610757341,0.0,0.0,113
expansion_mbpb,ExpansionRx,classical,rdkit_desc_lgbm,tanimoto_ge_0_90,0.2793768610757341,0.2793768610757341,0.0,0.0,113
expansion_mbpb,ExpansionRx,classical,rdkit_desc_lgbm,tanimoto_ge_0_95,0.2793768610757341,0.2793768610757341,0.0,0.0,113
expansion_mbpb,ExpansionRx,classical,rdkit_desc_rf,connectivity_inchikey,0.28884711162627025,0.28884711162627025,0.0,0.0,113
expansion_mbpb,ExpansionRx,classical,rdkit_desc_rf,standardized_exact,0.28884711162627025,0.28884711162627025,0.0,0.0,113
expansion_mbpb,ExpansionRx,classical,rdkit_desc_rf,tanimoto_ge_0_70,0.28884711162627025,0.2893360484649407,0.0004889368386704988,0.001893939393939394,113
expansion_mbpb,ExpansionRx,classical,rdkit_desc_rf,tanimoto_ge_0_80,0.28884711162627025,0.28884711162627025,0.0,0.0,113
expansion_mbpb,ExpansionRx,classical,rdkit_desc_rf,tanimoto_ge_0_90,0.28884711162627025,0.28884711162627025,0.0,0.0,113
expansion_mbpb,ExpansionRx,classical,rdkit_desc_rf,tanimoto_ge_0_95,0.28884711162627025,0.28884711162627025,0.0,0.0,113
expansion_mgmb,ExpansionRx,ChemRasayan,frozen_mix,connectivity_inchikey,0.2900902783922056,0.2900902783922056,0.0,0.0,15
expansion_mgmb,ExpansionRx,ChemRasayan,frozen_mix,standardized_exact,0.2900902783922056,0.2900902783922056,0.0,0.0,15
expansion_mgmb,ExpansionRx,ChemRasayan,frozen_mix,tanimoto_ge_0_70,0.2900902783922056,0.2900902783922056,0.0,0.0,15
expansion_mgmb,ExpansionRx,ChemRasayan,frozen_mix,tanimoto_ge_0_80,0.2900902783922056,0.2900902783922056,0.0,0.0,15
expansion_mgmb,ExpansionRx,ChemRasayan,frozen_mix,tanimoto_ge_0_90,0.2900902783922056,0.2900902783922056,0.0,0.0,15
expansion_mgmb,ExpansionRx,ChemRasayan,frozen_mix,tanimoto_ge_0_95,0.2900902783922056,0.2900902783922056,0.0,0.0,15
expansion_mgmb,ExpansionRx,ChemRasayan,full_mix,connectivity_inchikey,0.25803972992157226,0.25803972992157226,0.0,0.0,15
expansion_mgmb,ExpansionRx,ChemRasayan,full_mix,standardized_exact,0.25803972992157226,0.25803972992157226,0.0,0.0,15
expansion_mgmb,ExpansionRx,ChemRasayan,full_mix,tanimoto_ge_0_70,0.25803972992157226,0.25803972992157226,0.0,0.0,15
expansion_mgmb,ExpansionRx,ChemRasayan,full_mix,tanimoto_ge_0_80,0.25803972992157226,0.25803972992157226,0.0,0.0,15
expansion_mgmb,ExpansionRx,ChemRasayan,full_mix,tanimoto_ge_0_90,0.25803972992157226,0.25803972992157226,0.0,0.0,15
expansion_mgmb,ExpansionRx,ChemRasayan,full_mix,tanimoto_ge_0_95,0.25803972992157226,0.25803972992157226,0.0,0.0,15
expansion_mgmb,ExpansionRx,ChemRasayan,lora_mix,connectivity_inchikey,0.29002229813593966,0.29002229813593966,0.0,0.0,15
expansion_mgmb,ExpansionRx,ChemRasayan,lora_mix,standardized_exact,0.29002229813593966,0.29002229813593966,0.0,0.0,15
expansion_mgmb,ExpansionRx,ChemRasayan,lora_mix,tanimoto_ge_0_70,0.29002229813593966,0.29002229813593966,0.0,0.0,15
expansion_mgmb,ExpansionRx,ChemRasayan,lora_mix,tanimoto_ge_0_80,0.29002229813593966,0.29002229813593966,0.0,0.0,15
expansion_mgmb,ExpansionRx,ChemRasayan,lora_mix,tanimoto_ge_0_90,0.29002229813593966,0.29002229813593966,0.0,0.0,15
expansion_mgmb,ExpansionRx,ChemRasayan,lora_mix,tanimoto_ge_0_95,0.29002229813593966,0.29002229813593966,0.0,0.0,15
expansion_mgmb,ExpansionRx,ChemRasayan,validation_selected,connectivity_inchikey,0.25844854628888425,0.25844854628888425,0.0,0.0,15
expansion_mgmb,ExpansionRx,ChemRasayan,validation_selected,standardized_exact,0.25844854628888425,0.25844854628888425,0.0,0.0,15
expansion_mgmb,ExpansionRx,ChemRasayan,validation_selected,tanimoto_ge_0_70,0.25844854628888425,0.25844854628888425,0.0,0.0,15
expansion_mgmb,ExpansionRx,ChemRasayan,validation_selected,tanimoto_ge_0_80,0.25844854628888425,0.25844854628888425,0.0,0.0,15
expansion_mgmb,ExpansionRx,ChemRasayan,validation_selected,tanimoto_ge_0_90,0.25844854628888425,0.25844854628888425,0.0,0.0,15
expansion_mgmb,ExpansionRx,ChemRasayan,validation_selected,tanimoto_ge_0_95,0.25844854628888425,0.25844854628888425,0.0,0.0,15
expansion_mgmb,ExpansionRx,classical,dummy_median,connectivity_inchikey,0.43137141469257084,0.43137141469257084,0.0,0.0,15
expansion_mgmb,ExpansionRx,classical,dummy_median,standardized_exact,0.43137141469257084,0.43137141469257084,0.0,0.0,15
expansion_mgmb,ExpansionRx,classical,dummy_median,tanimoto_ge_0_70,0.43137141469257084,0.43137141469257084,0.0,0.0,15
expansion_mgmb,ExpansionRx,classical,dummy_median,tanimoto_ge_0_80,0.43137141469257084,0.43137141469257084,0.0,0.0,15
expansion_mgmb,ExpansionRx,classical,dummy_median,tanimoto_ge_0_90,0.43137141469257084,0.43137141469257084,0.0,0.0,15
expansion_mgmb,ExpansionRx,classical,dummy_median,tanimoto_ge_0_95,0.43137141469257084,0.43137141469257084,0.0,0.0,15
expansion_mgmb,ExpansionRx,classical,ecfp4_lgbm,connectivity_inchikey,0.25367835116385073,0.25367835116385073,0.0,0.0,15
expansion_mgmb,ExpansionRx,classical,ecfp4_lgbm,standardized_exact,0.25367835116385073,0.25367835116385073,0.0,0.0,15
expansion_mgmb,ExpansionRx,classical,ecfp4_lgbm,tanimoto_ge_0_70,0.25367835116385073,0.25367835116385073,0.0,0.0,15
expansion_mgmb,ExpansionRx,classical,ecfp4_lgbm,tanimoto_ge_0_80,0.25367835116385073,0.25367835116385073,0.0,0.0,15
expansion_mgmb,ExpansionRx,classical,ecfp4_lgbm,tanimoto_ge_0_90,0.25367835116385073,0.25367835116385073,0.0,0.0,15
expansion_mgmb,ExpansionRx,classical,ecfp4_lgbm,tanimoto_ge_0_95,0.25367835116385073,0.25367835116385073,0.0,0.0,15
expansion_mgmb,ExpansionRx,classical,ecfp4_rf,connectivity_inchikey,0.30415666971795025,0.30415666971795025,0.0,0.0,15
expansion_mgmb,ExpansionRx,classical,ecfp4_rf,standardized_exact,0.30415666971795025,0.30415666971795025,0.0,0.0,15
expansion_mgmb,ExpansionRx,classical,ecfp4_rf,tanimoto_ge_0_70,0.30415666971795025,0.30415666971795025,0.0,0.0,15
expansion_mgmb,ExpansionRx,classical,ecfp4_rf,tanimoto_ge_0_80,0.30415666971795025,0.30415666971795025,0.0,0.0,15
expansion_mgmb,ExpansionRx,classical,ecfp4_rf,tanimoto_ge_0_90,0.30415666971795025,0.30415666971795025,0.0,0.0,15
expansion_mgmb,ExpansionRx,classical,ecfp4_rf,tanimoto_ge_0_95,0.30415666971795025,0.30415666971795025,0.0,0.0,15
expansion_mgmb,ExpansionRx,classical,rdkit_desc_lgbm,connectivity_inchikey,0.27262420515604263,0.27262420515604263,0.0,0.0,15
expansion_mgmb,ExpansionRx,classical,rdkit_desc_lgbm,standardized_exact,0.27262420515604263,0.27262420515604263,0.0,0.0,15
expansion_mgmb,ExpansionRx,classical,rdkit_desc_lgbm,tanimoto_ge_0_70,0.27262420515604263,0.27262420515604263,0.0,0.0,15
expansion_mgmb,ExpansionRx,classical,rdkit_desc_lgbm,tanimoto_ge_0_80,0.27262420515604263,0.27262420515604263,0.0,0.0,15
expansion_mgmb,ExpansionRx,classical,rdkit_desc_lgbm,tanimoto_ge_0_90,0.27262420515604263,0.27262420515604263,0.0,0.0,15
expansion_mgmb,ExpansionRx,classical,rdkit_desc_lgbm,tanimoto_ge_0_95,0.27262420515604263,0.27262420515604263,0.0,0.0,15
expansion_mgmb,ExpansionRx,classical,rdkit_desc_rf,connectivity_inchikey,0.2827423386594709,0.2827423386594709,0.0,0.0,15
expansion_mgmb,ExpansionRx,classical,rdkit_desc_rf,standardized_exact,0.2827423386594709,0.2827423386594709,0.0,0.0,15
expansion_mgmb,ExpansionRx,classical,rdkit_desc_rf,tanimoto_ge_0_70,0.2827423386594709,0.2827423386594709,0.0,0.0,15
expansion_mgmb,ExpansionRx,classical,rdkit_desc_rf,tanimoto_ge_0_80,0.2827423386594709,0.2827423386594709,0.0,0.0,15
expansion_mgmb,ExpansionRx,classical,rdkit_desc_rf,tanimoto_ge_0_90,0.2827423386594709,0.2827423386594709,0.0,0.0,15
expansion_mgmb,ExpansionRx,classical,rdkit_desc_rf,tanimoto_ge_0_95,0.2827423386594709,0.2827423386594709,0.0,0.0,15
expansion_mlm,ExpansionRx,ChemRasayan,frozen_mix,connectivity_inchikey,0.35402592479352246,0.35402592479352246,0.0,0.0,528
expansion_mlm,ExpansionRx,ChemRasayan,frozen_mix,standardized_exact,0.35402592479352246,0.35402592479352246,0.0,0.0,528
expansion_mlm,ExpansionRx,ChemRasayan,frozen_mix,tanimoto_ge_0_70,0.35402592479352246,0.35242443069904156,-0.0016014940944809042,0.008541058137263613,525
expansion_mlm,ExpansionRx,ChemRasayan,frozen_mix,tanimoto_ge_0_80,0.35402592479352246,0.35372285498780504,-0.0003030698057174079,0.0005089058524173028,528
expansion_mlm,ExpansionRx,ChemRasayan,frozen_mix,tanimoto_ge_0_90,0.35402592479352246,0.35402592479352246,0.0,0.0,528
expansion_mlm,ExpansionRx,ChemRasayan,frozen_mix,tanimoto_ge_0_95,0.35402592479352246,0.35402592479352246,0.0,0.0,528
expansion_mlm,ExpansionRx,ChemRasayan,full_mix,connectivity_inchikey,0.3398147416871535,0.3398147416871535,0.0,0.0,528
expansion_mlm,ExpansionRx,ChemRasayan,full_mix,standardized_exact,0.3398147416871535,0.3398147416871535,0.0,0.0,528
expansion_mlm,ExpansionRx,ChemRasayan,full_mix,tanimoto_ge_0_70,0.3398147416871535,0.33843481127437175,-0.0013799304127817824,0.008541058137263613,525
expansion_mlm,ExpansionRx,ChemRasayan,full_mix,tanimoto_ge_0_80,0.3398147416871535,0.33970106652220916,-0.00011367516494426022,0.0005089058524173028,528
expansion_mlm,ExpansionRx,ChemRasayan,full_mix,tanimoto_ge_0_90,0.3398147416871535,0.3398147416871535,0.0,0.0,528
expansion_mlm,ExpansionRx,ChemRasayan,full_mix,tanimoto_ge_0_95,0.3398147416871535,0.3398147416871535,0.0,0.0,528
expansion_mlm,ExpansionRx,ChemRasayan,lora_mix,connectivity_inchikey,0.3635434359020227,0.3635434359020227,0.0,0.0,528
expansion_mlm,ExpansionRx,ChemRasayan,lora_mix,standardized_exact,0.3635434359020227,0.3635434359020227,0.0,0.0,528
expansion_mlm,ExpansionRx,ChemRasayan,lora_mix,tanimoto_ge_0_70,0.3635434359020227,0.36308996391176523,-0.0004534719902574702,0.008541058137263613,525
expansion_mlm,ExpansionRx,ChemRasayan,lora_mix,tanimoto_ge_0_80,0.3635434359020227,0.36363553312885316,9.2097226830401e-05,0.0005089058524173028,528
expansion_mlm,ExpansionRx,ChemRasayan,lora_mix,tanimoto_ge_0_90,0.3635434359020227,0.3635434359020227,0.0,0.0,528
expansion_mlm,ExpansionRx,ChemRasayan,lora_mix,tanimoto_ge_0_95,0.3635434359020227,0.3635434359020227,0.0,0.0,528
expansion_mlm,ExpansionRx,ChemRasayan,validation_selected,connectivity_inchikey,0.3398147416871535,0.3398147416871535,0.0,0.0,528
expansion_mlm,ExpansionRx,ChemRasayan,validation_selected,standardized_exact,0.3398147416871535,0.3398147416871535,0.0,0.0,528
expansion_mlm,ExpansionRx,ChemRasayan,validation_selected,tanimoto_ge_0_70,0.3398147416871535,0.33843481127437175,-0.0013799304127817824,0.008541058137263613,525
expansion_mlm,ExpansionRx,ChemRasayan,validation_selected,tanimoto_ge_0_80,0.3398147416871535,0.33970106652220916,-0.00011367516494426022,0.0005089058524173028,528
expansion_mlm,ExpansionRx,ChemRasayan,validation_selected,tanimoto_ge_0_90,0.3398147416871535,0.3398147416871535,0.0,0.0,528
expansion_mlm,ExpansionRx,ChemRasayan,validation_selected,tanimoto_ge_0_95,0.3398147416871535,0.3398147416871535,0.0,0.0,528
expansion_mlm,ExpansionRx,classical,dummy_median,connectivity_inchikey,0.5269093852666504,0.5269093852666504,0.0,0.0,528
expansion_mlm,ExpansionRx,classical,dummy_median,standardized_exact,0.5269093852666504,0.5269093852666504,0.0,0.0,528
expansion_mlm,ExpansionRx,classical,dummy_median,tanimoto_ge_0_70,0.5269093852666504,0.5269313375805483,2.1952313897862414e-05,0.008541058137263613,525
expansion_mlm,ExpansionRx,classical,dummy_median,tanimoto_ge_0_80,0.5269093852666504,0.5269503237632588,4.093849660842993e-05,0.0005089058524173028,528
expansion_mlm,ExpansionRx,classical,dummy_median,tanimoto_ge_0_90,0.5269093852666504,0.5269093852666504,0.0,0.0,528
expansion_mlm,ExpansionRx,classical,dummy_median,tanimoto_ge_0_95,0.5269093852666504,0.5269093852666504,0.0,0.0,528
expansion_mlm,ExpansionRx,classical,ecfp4_lgbm,connectivity_inchikey,0.33496092366006347,0.33496092366006347,0.0,0.0,528
expansion_mlm,ExpansionRx,classical,ecfp4_lgbm,standardized_exact,0.33496092366006347,0.33496092366006347,0.0,0.0,528
expansion_mlm,ExpansionRx,classical,ecfp4_lgbm,tanimoto_ge_0_70,0.33496092366006347,0.3340723079060132,-0.0008886157540502667,0.008541058137263613,525
expansion_mlm,ExpansionRx,classical,ecfp4_lgbm,tanimoto_ge_0_80,0.33496092366006347,0.3348556648344238,-0.00010525882563966471,0.0005089058524173028,528
expansion_mlm,ExpansionRx,classical,ecfp4_lgbm,tanimoto_ge_0_90,0.33496092366006347,0.33496092366006347,0.0,0.0,528
expansion_mlm,ExpansionRx,classical,ecfp4_lgbm,tanimoto_ge_0_95,0.33496092366006347,0.33496092366006347,0.0,0.0,528
expansion_mlm,ExpansionRx,classical,ecfp4_rf,connectivity_inchikey,0.3531071402897876,0.3531071402897876,0.0,0.0,528
expansion_mlm,ExpansionRx,classical,ecfp4_rf,standardized_exact,0.3531071402897876,0.3531071402897876,0.0,0.0,528
expansion_mlm,ExpansionRx,classical,ecfp4_rf,tanimoto_ge_0_70,0.3531071402897876,0.3523293415397016,-0.0007777987500860265,0.008541058137263613,525
expansion_mlm,ExpansionRx,classical,ecfp4_rf,tanimoto_ge_0_80,0.3531071402897876,0.3530402487140944,-6.689157569328419e-05,0.0005089058524173028,528
expansion_mlm,ExpansionRx,classical,ecfp4_rf,tanimoto_ge_0_90,0.3531071402897876,0.3531071402897876,0.0,0.0,528
expansion_mlm,ExpansionRx,classical,ecfp4_rf,tanimoto_ge_0_95,0.3531071402897876,0.3531071402897876,0.0,0.0,528
expansion_mlm,ExpansionRx,classical,rdkit_desc_lgbm,connectivity_inchikey,0.36626685604726933,0.36626685604726933,0.0,0.0,528
expansion_mlm,ExpansionRx,classical,rdkit_desc_lgbm,standardized_exact,0.36626685604726933,0.36626685604726933,0.0,0.0,528
expansion_mlm,ExpansionRx,classical,rdkit_desc_lgbm,tanimoto_ge_0_70,0.36626685604726933,0.36693045266204577,0.0006635966147764035,0.008541058137263613,525
expansion_mlm,ExpansionRx,classical,rdkit_desc_lgbm,tanimoto_ge_0_80,0.36626685604726933,0.36620436877638496,-6.248727088438895e-05,0.0005089058524173028,528
expansion_mlm,ExpansionRx,classical,rdkit_desc_lgbm,tanimoto_ge_0_90,0.36626685604726933,0.36626685604726933,0.0,0.0,528
expansion_mlm,ExpansionRx,classical,rdkit_desc_lgbm,tanimoto_ge_0_95,0.36626685604726933,0.36626685604726933,0.0,0.0,528
expansion_mlm,ExpansionRx,classical,rdkit_desc_rf,connectivity_inchikey,0.37340834860972105,0.37340834860972105,0.0,0.0,528
expansion_mlm,ExpansionRx,classical,rdkit_desc_rf,standardized_exact,0.37340834860972105,0.37340834860972105,0.0,0.0,528
expansion_mlm,ExpansionRx,classical,rdkit_desc_rf,tanimoto_ge_0_70,0.37340834860972105,0.3742034784081653,0.0007951297984442237,0.008541058137263613,525
expansion_mlm,ExpansionRx,classical,rdkit_desc_rf,tanimoto_ge_0_80,0.37340834860972105,0.3734989940950802,9.064548535916057e-05,0.0005089058524173028,528
expansion_mlm,ExpansionRx,classical,rdkit_desc_rf,tanimoto_ge_0_90,0.37340834860972105,0.37340834860972105,0.0,0.0,528
expansion_mlm,ExpansionRx,classical,rdkit_desc_rf,tanimoto_ge_0_95,0.37340834860972105,0.37340834860972105,0.0,0.0,528
expansion_mppb,ExpansionRx,ChemRasayan,frozen_mix,connectivity_inchikey,0.265483558136383,0.265483558136383,0.0,0.0,133
expansion_mppb,ExpansionRx,ChemRasayan,frozen_mix,standardized_exact,0.265483558136383,0.265483558136383,0.0,0.0,133
expansion_mppb,ExpansionRx,ChemRasayan,frozen_mix,tanimoto_ge_0_70,0.265483558136383,0.261643485556811,-0.0038400725795720014,0.019349580735923303,128
expansion_mppb,ExpansionRx,ChemRasayan,frozen_mix,tanimoto_ge_0_80,0.265483558136383,0.26303706708126745,-0.0024464910551155647,0.00704141305645065,132
expansion_mppb,ExpansionRx,ChemRasayan,frozen_mix,tanimoto_ge_0_90,0.265483558136383,0.2655026509933019,1.909285691888603e-05,0.0022675736961451248,133
expansion_mppb,ExpansionRx,ChemRasayan,frozen_mix,tanimoto_ge_0_95,0.265483558136383,0.265483558136383,0.0,0.0,133
expansion_mppb,ExpansionRx,ChemRasayan,full_mix,connectivity_inchikey,0.24429729456731378,0.24429729456731378,0.0,0.0,133
expansion_mppb,ExpansionRx,ChemRasayan,full_mix,standardized_exact,0.24429729456731378,0.24429729456731378,0.0,0.0,133
expansion_mppb,ExpansionRx,ChemRasayan,full_mix,tanimoto_ge_0_70,0.24429729456731378,0.23986787358029268,-0.0044294209870211305,0.019349580735923303,128
expansion_mppb,ExpansionRx,ChemRasayan,full_mix,tanimoto_ge_0_80,0.24429729456731378,0.24258122479483732,-0.0017160697724764769,0.00704141305645065,132
expansion_mppb,ExpansionRx,ChemRasayan,full_mix,tanimoto_ge_0_90,0.24429729456731378,0.24398807993752325,-0.0003092146297905274,0.0022675736961451248,133
expansion_mppb,ExpansionRx,ChemRasayan,full_mix,tanimoto_ge_0_95,0.24429729456731378,0.24429729456731378,0.0,0.0,133
expansion_mppb,ExpansionRx,ChemRasayan,lora_mix,connectivity_inchikey,0.25596359095793647,0.25596359095793647,0.0,0.0,133
expansion_mppb,ExpansionRx,ChemRasayan,lora_mix,standardized_exact,0.25596359095793647,0.25596359095793647,0.0,0.0,133
expansion_mppb,ExpansionRx,ChemRasayan,lora_mix,tanimoto_ge_0_70,0.25596359095793647,0.2513246677641932,-0.004638923193743279,0.019349580735923303,128
expansion_mppb,ExpansionRx,ChemRasayan,lora_mix,tanimoto_ge_0_80,0.25596359095793647,0.25415042171985663,-0.0018131692380798832,0.00704141305645065,132
expansion_mppb,ExpansionRx,ChemRasayan,lora_mix,tanimoto_ge_0_90,0.25596359095793647,0.255514702394398,-0.00044888856353848355,0.0022675736961451248,133
expansion_mppb,ExpansionRx,ChemRasayan,lora_mix,tanimoto_ge_0_95,0.25596359095793647,0.25596359095793647,0.0,0.0,133
expansion_mppb,ExpansionRx,ChemRasayan,validation_selected,connectivity_inchikey,0.24392984656621722,0.24392984656621722,0.0,0.0,133
expansion_mppb,ExpansionRx,ChemRasayan,validation_selected,standardized_exact,0.24392984656621722,0.24392984656621722,0.0,0.0,133
expansion_mppb,ExpansionRx,ChemRasayan,validation_selected,tanimoto_ge_0_70,0.24392984656621722,0.23969998548519555,-0.004229861081021645,0.019349580735923303,128
expansion_mppb,ExpansionRx,ChemRasayan,validation_selected,tanimoto_ge_0_80,0.24392984656621722,0.24252573944085898,-0.0014041071253582487,0.00704141305645065,132
expansion_mppb,ExpansionRx,ChemRasayan,validation_selected,tanimoto_ge_0_90,0.24392984656621722,0.2436206319364267,-0.0003092146297905274,0.0022675736961451248,133
expansion_mppb,ExpansionRx,ChemRasayan,validation_selected,tanimoto_ge_0_95,0.24392984656621722,0.24392984656621722,0.0,0.0,133
expansion_mppb,ExpansionRx,classical,dummy_median,connectivity_inchikey,0.4580170459755773,0.4580170459755773,0.0,0.0,133
expansion_mppb,ExpansionRx,classical,dummy_median,standardized_exact,0.4580170459755773,0.4580170459755773,0.0,0.0,133
expansion_mppb,ExpansionRx,classical,dummy_median,tanimoto_ge_0_70,0.4580170459755773,0.4459470712143941,-0.012069974761183211,0.019349580735923303,128
expansion_mppb,ExpansionRx,classical,dummy_median,tanimoto_ge_0_80,0.4580170459755773,0.45418871560375057,-0.003828330371826764,0.00704141305645065,132
expansion_mppb,ExpansionRx,classical,dummy_median,tanimoto_ge_0_90,0.4580170459755773,0.45742078051584545,-0.000596265459731867,0.0022675736961451248,133
expansion_mppb,ExpansionRx,classical,dummy_median,tanimoto_ge_0_95,0.4580170459755773,0.4580170459755773,0.0,0.0,133
expansion_mppb,ExpansionRx,classical,ecfp4_lgbm,connectivity_inchikey,0.29426063050057033,0.29426063050057033,0.0,0.0,133
expansion_mppb,ExpansionRx,classical,ecfp4_lgbm,standardized_exact,0.29426063050057033,0.29426063050057033,0.0,0.0,133
expansion_mppb,ExpansionRx,classical,ecfp4_lgbm,tanimoto_ge_0_70,0.29426063050057033,0.2890148463261896,-0.00524578417438067,0.019349580735923303,128
expansion_mppb,ExpansionRx,classical,ecfp4_lgbm,tanimoto_ge_0_80,0.29426063050057033,0.29214608405140774,-0.0021145464491625723,0.00704141305645065,132
expansion_mppb,ExpansionRx,classical,ecfp4_lgbm,tanimoto_ge_0_90,0.29426063050057033,0.2939288175251769,-0.0003318129753934196,0.0022675736961451248,133
expansion_mppb,ExpansionRx,classical,ecfp4_lgbm,tanimoto_ge_0_95,0.29426063050057033,0.29426063050057033,0.0,0.0,133
expansion_mppb,ExpansionRx,classical,ecfp4_rf,connectivity_inchikey,0.34330923925621093,0.34330923925621093,0.0,0.0,133
expansion_mppb,ExpansionRx,classical,ecfp4_rf,standardized_exact,0.34330923925621093,0.34330923925621093,0.0,0.0,133
expansion_mppb,ExpansionRx,classical,ecfp4_rf,tanimoto_ge_0_70,0.34330923925621093,0.3341377714117118,-0.009171467844499162,0.019349580735923303,128
expansion_mppb,ExpansionRx,classical,ecfp4_rf,tanimoto_ge_0_80,0.34330923925621093,0.3400227027129316,-0.003286536543279391,0.00704141305645065,132
expansion_mppb,ExpansionRx,classical,ecfp4_rf,tanimoto_ge_0_90,0.34330923925621093,0.3428433186560372,-0.0004659206001737526,0.0022675736961451248,133
expansion_mppb,ExpansionRx,classical,ecfp4_rf,tanimoto_ge_0_95,0.34330923925621093,0.34330923925621093,0.0,0.0,133
expansion_mppb,ExpansionRx,classical,rdkit_desc_lgbm,connectivity_inchikey,0.2948410011278004,0.2948410011278004,0.0,0.0,133
expansion_mppb,ExpansionRx,classical,rdkit_desc_lgbm,standardized_exact,0.2948410011278004,0.2948410011278004,0.0,0.0,133
expansion_mppb,ExpansionRx,classical,rdkit_desc_lgbm,tanimoto_ge_0_70,0.2948410011278004,0.28685551200652726,-0.007985489121273096,0.019349580735923303,128
expansion_mppb,ExpansionRx,classical,rdkit_desc_lgbm,tanimoto_ge_0_80,0.2948410011278004,0.2933467497372105,-0.0014942513905898402,0.00704141305645065,132
expansion_mppb,ExpansionRx,classical,rdkit_desc_lgbm,tanimoto_ge_0_90,0.2948410011278004,0.29512555578102656,0.0002845546532262248,0.0022675736961451248,133
expansion_mppb,ExpansionRx,classical,rdkit_desc_lgbm,tanimoto_ge_0_95,0.2948410011278004,0.2948410011278004,0.0,0.0,133
expansion_mppb,ExpansionRx,classical,rdkit_desc_rf,connectivity_inchikey,0.3017392564378819,0.3017392564378819,0.0,0.0,133
expansion_mppb,ExpansionRx,classical,rdkit_desc_rf,standardized_exact,0.3017392564378819,0.3017392564378819,0.0,0.0,133
expansion_mppb,ExpansionRx,classical,rdkit_desc_rf,tanimoto_ge_0_70,0.3017392564378819,0.29479698498087986,-0.00694227145700201,0.019349580735923303,128
expansion_mppb,ExpansionRx,classical,rdkit_desc_rf,tanimoto_ge_0_80,0.3017392564378819,0.3005248747157001,-0.0012143817221818194,0.00704141305645065,132
expansion_mppb,ExpansionRx,classical,rdkit_desc_rf,tanimoto_ge_0_90,0.3017392564378819,0.3016960468409611,-4.32095969208531e-05,0.0022675736961451248,133
expansion_mppb,ExpansionRx,classical,rdkit_desc_rf,tanimoto_ge_0_95,0.3017392564378819,0.3017392564378819,0.0,0.0,133
pxr,PXR,ChemRasayan,frozen_mix,connectivity_inchikey,0.50766345169673,0.49145722696060345,-0.01620622473612654,0.10122708317911516,201
pxr,PXR,ChemRasayan,frozen_mix,standardized_exact,0.50766345169673,0.49254964798388506,-0.015113803712844967,0.09397266020184075,205
pxr,PXR,ChemRasayan,frozen_mix,tanimoto_ge_0_70,0.50766345169673,0.49019989975180334,-0.017463551944926697,0.13598761319614086,191
pxr,PXR,ChemRasayan,frozen_mix,tanimoto_ge_0_80,0.50766345169673,0.4906342911439065,-0.017029160552823552,0.10690848076590914,200
pxr,PXR,ChemRasayan,frozen_mix,tanimoto_ge_0_90,0.50766345169673,0.49373943796399455,-0.013924013732735477,0.10404002270091543,201
pxr,PXR,ChemRasayan,frozen_mix,tanimoto_ge_0_95,0.50766345169673,0.4923317135733783,-0.015331738123351665,0.10117156463592174,202
pxr,PXR,ChemRasayan,full_mix,connectivity_inchikey,0.4933567845470838,0.4816574231088471,-0.011699361438236725,0.10122708317911516,201
pxr,PXR,ChemRasayan,full_mix,standardized_exact,0.4933567845470838,0.4830056867322546,-0.010351097814829235,0.09397266020184075,205
pxr,PXR,ChemRasayan,full_mix,tanimoto_ge_0_70,0.4933567845470838,0.4786135207265274,-0.014743263820556426,0.13598761319614086,191
pxr,PXR,ChemRasayan,full_mix,tanimoto_ge_0_80,0.4933567845470838,0.4787394980094371,-0.014617286537646676,0.10690848076590914,200
pxr,PXR,ChemRasayan,full_mix,tanimoto_ge_0_90,0.4933567845470838,0.4818523868790931,-0.011504397667990737,0.10404002270091543,201
pxr,PXR,ChemRasayan,full_mix,tanimoto_ge_0_95,0.4933567845470838,0.48148623404302665,-0.011870550504057184,0.10117156463592174,202
pxr,PXR,ChemRasayan,lora_mix,connectivity_inchikey,0.4825354148395545,0.4701044765854819,-0.012430938254072618,0.10122708317911516,201
pxr,PXR,ChemRasayan,lora_mix,standardized_exact,0.4825354148395545,0.4711384610896932,-0.011396953749861253,0.09397266020184075,205
pxr,PXR,ChemRasayan,lora_mix,tanimoto_ge_0_70,0.4825354148395545,0.466069973341017,-0.016465441498537476,0.13598761319614086,191
pxr,PXR,ChemRasayan,lora_mix,tanimoto_ge_0_80,0.4825354148395545,0.4671505945804792,-0.015384820259075319,0.10690848076590914,200
pxr,PXR,ChemRasayan,lora_mix,tanimoto_ge_0_90,0.4825354148395545,0.47019672857579914,-0.012338686263755394,0.10404002270091543,201
pxr,PXR,ChemRasayan,lora_mix,tanimoto_ge_0_95,0.4825354148395545,0.46967007016031714,-0.01286534467923737,0.10117156463592174,202
pxr,PXR,ChemRasayan,validation_selected,connectivity_inchikey,0.4825354148395545,0.4701044765854819,-0.012430938254072618,0.10122708317911516,201
pxr,PXR,ChemRasayan,validation_selected,standardized_exact,0.4825354148395545,0.4711384610896932,-0.011396953749861253,0.09397266020184075,205
pxr,PXR,ChemRasayan,validation_selected,tanimoto_ge_0_70,0.4825354148395545,0.466069973341017,-0.016465441498537476,0.13598761319614086,191
pxr,PXR,ChemRasayan,validation_selected,tanimoto_ge_0_80,0.4825354148395545,0.4671505945804792,-0.015384820259075319,0.10690848076590914,200
pxr,PXR,ChemRasayan,validation_selected,tanimoto_ge_0_90,0.4825354148395545,0.47019672857579914,-0.012338686263755394,0.10404002270091543,201
pxr,PXR,ChemRasayan,validation_selected,tanimoto_ge_0_95,0.4825354148395545,0.46967007016031714,-0.01286534467923737,0.10117156463592174,202
pxr,PXR,classical,dummy_median,connectivity_inchikey,0.8642637278851136,0.8056328590293761,-0.058630868855737504,0.10122708317911516,201
pxr,PXR,classical,dummy_median,standardized_exact,0.8642637278851136,0.8132107545104841,-0.051052973374629475,0.09397266020184075,205
pxr,PXR,classical,dummy_median,tanimoto_ge_0_70,0.8642637278851136,0.7728333117981543,-0.09143041608695938,0.13598761319614086,191
pxr,PXR,classical,dummy_median,tanimoto_ge_0_80,0.8642637278851136,0.7922855769230769,-0.07197815096203675,0.10690848076590914,200
pxr,PXR,classical,dummy_median,tanimoto_ge_0_90,0.8642637278851136,0.7988478806205142,-0.06541584726459952,0.10404002270091543,201
pxr,PXR,classical,dummy_median,tanimoto_ge_0_95,0.8642637278851136,0.8046607195747048,-0.05960300831040891,0.10117156463592174,202
pxr,PXR,classical,ecfp4_lgbm,connectivity_inchikey,0.5478503477105238,0.5357651688078887,-0.012085178902635088,0.10122708317911516,201
pxr,PXR,classical,ecfp4_lgbm,standardized_exact,0.5478503477105238,0.5373998271493887,-0.010450520561135082,0.09397266020184075,205
pxr,PXR,classical,ecfp4_lgbm,tanimoto_ge_0_70,0.5478503477105238,0.5301863506181563,-0.017663997092367472,0.13598761319614086,191
pxr,PXR,classical,ecfp4_lgbm,tanimoto_ge_0_80,0.5478503477105238,0.5318792436003933,-0.015971104110130436,0.10690848076590914,200
pxr,PXR,classical,ecfp4_lgbm,tanimoto_ge_0_90,0.5478503477105238,0.5363879516682574,-0.011462396042266362,0.10404002270091543,201
pxr,PXR,classical,ecfp4_lgbm,tanimoto_ge_0_95,0.5478503477105238,0.5361488624282399,-0.011701485282283874,0.10117156463592174,202
pxr,PXR,classical,ecfp4_rf,connectivity_inchikey,0.6216631052904017,0.6079561780924707,-0.01370692719793106,0.10122708317911516,201
pxr,PXR,classical,ecfp4_rf,standardized_exact,0.6216631052904017,0.6089286078599098,-0.012734497430491895,0.09397266020184075,205
pxr,PXR,classical,ecfp4_rf,tanimoto_ge_0_70,0.6216631052904017,0.600800225457868,-0.020862879832533692,0.13598761319614086,191
pxr,PXR,classical,ecfp4_rf,tanimoto_ge_0_80,0.6216631052904017,0.6035054502862898,-0.018157655004112,0.10690848076590914,200
pxr,PXR,classical,ecfp4_rf,tanimoto_ge_0_90,0.6216631052904017,0.6081937528057054,-0.013469352484696237,0.10404002270091543,201
pxr,PXR,classical,ecfp4_rf,tanimoto_ge_0_95,0.6216631052904017,0.6074461790226168,-0.01421692626778496,0.10117156463592174,202
pxr,PXR,classical,rdkit_desc_lgbm,connectivity_inchikey,0.5150884633559102,0.4966829540391569,-0.018405509316753315,0.10122708317911516,201
pxr,PXR,classical,rdkit_desc_lgbm,standardized_exact,0.5150884633559102,0.49913094068500263,-0.01595752267090761,0.09397266020184075,205
pxr,PXR,classical,rdkit_desc_lgbm,tanimoto_ge_0_70,0.5150884633559102,0.4918831888845078,-0.023205274471402398,0.13598761319614086,191
pxr,PXR,classical,rdkit_desc_lgbm,tanimoto_ge_0_80,0.5150884633559102,0.49277480072838614,-0.022313662627524083,0.10690848076590914,200
pxr,PXR,classical,rdkit_desc_lgbm,tanimoto_ge_0_90,0.5150884633559102,0.49673412764290475,-0.018354335713005432,0.10404002270091543,201
pxr,PXR,classical,rdkit_desc_lgbm,tanimoto_ge_0_95,0.5150884633559102,0.49569904546498306,-0.019389417890927168,0.10117156463592174,202
pxr,PXR,classical,rdkit_desc_rf,connectivity_inchikey,0.5399477667119094,0.5259923317045537,-0.013955435007355688,0.10122708317911516,201
pxr,PXR,classical,rdkit_desc_rf,standardized_exact,0.5399477667119094,0.5281164533709493,-0.011831313340960103,0.09397266020184075,205
pxr,PXR,classical,rdkit_desc_rf,tanimoto_ge_0_70,0.5399477667119094,0.5237998176188835,-0.016147949093025932,0.13598761319614086,191
pxr,PXR,classical,rdkit_desc_rf,tanimoto_ge_0_80,0.5399477667119094,0.5218523565674525,-0.018095410144456776,0.10690848076590914,200
pxr,PXR,classical,rdkit_desc_rf,tanimoto_ge_0_90,0.5399477667119094,0.5256715467256093,-0.01427621998630004,0.10404002270091543,201
pxr,PXR,classical,rdkit_desc_rf,tanimoto_ge_0_95,0.5399477667119094,0.5251144124859257,-0.014833354225983605,0.10117156463592174,202
