endpoint,family,split,model_source,method,stored_method,key_type,n_test,n_exposed,fraction_exposed,n_unexposed,all_test_mae,exposed_only_mae,unexposed_only_mae,unexposed_minus_all_mae
asap_hlm,ASAP,split1,ChemRasayan,full_mix,full_mix,standardized_exact,32,4,0.125,28,0.38661149255006866,0.18237643515304747,0.41578792932107167,0.02917643677100301
asap_hlm,ASAP,split1,ChemRasayan,full_mix,full_mix,connectivity_inchikey,32,4,0.125,28,0.38661149255006866,0.18237643515304747,0.41578792932107167,0.02917643677100301
asap_hlm,ASAP,split1,ChemRasayan,full_mix,full_mix,tanimoto_ge_0_70,32,8,0.25,24,0.38661149255006866,0.34009840862285545,0.4021158538591398,0.015504361309071124
asap_hlm,ASAP,split1,ChemRasayan,full_mix,full_mix,tanimoto_ge_0_80,32,5,0.15625,27,0.38661149255006866,0.2845207647284818,0.4055171828873996,0.018905690337330916
asap_hlm,ASAP,split1,ChemRasayan,full_mix,full_mix,tanimoto_ge_0_90,32,4,0.125,28,0.38661149255006866,0.18237643515304747,0.41578792932107167,0.02917643677100301
asap_hlm,ASAP,split1,ChemRasayan,full_mix,full_mix,tanimoto_ge_0_95,32,4,0.125,28,0.38661149255006866,0.18237643515304747,0.41578792932107167,0.02917643677100301
asap_hlm,ASAP,split1,ChemRasayan,lora_mix,lora_mix,standardized_exact,32,4,0.125,28,0.35943177010247107,0.2438782063646716,0.37593942206501385,0.01650765196254278
asap_hlm,ASAP,split1,ChemRasayan,lora_mix,lora_mix,connectivity_inchikey,32,4,0.125,28,0.35943177010247107,0.2438782063646716,0.37593942206501385,0.01650765196254278
asap_hlm,ASAP,split1,ChemRasayan,lora_mix,lora_mix,tanimoto_ge_0_70,32,8,0.25,24,0.35943177010247107,0.2889669638633451,0.38292003884884634,0.023488268746375274
asap_hlm,ASAP,split1,ChemRasayan,lora_mix,lora_mix,tanimoto_ge_0_80,32,5,0.15625,27,0.35943177010247107,0.2759685234031034,0.3748879268986503,0.015456156796179232
asap_hlm,ASAP,split1,ChemRasayan,lora_mix,lora_mix,tanimoto_ge_0_90,32,4,0.125,28,0.35943177010247107,0.2438782063646716,0.37593942206501385,0.01650765196254278
asap_hlm,ASAP,split1,ChemRasayan,lora_mix,lora_mix,tanimoto_ge_0_95,32,4,0.125,28,0.35943177010247107,0.2438782063646716,0.37593942206501385,0.01650765196254278
asap_hlm,ASAP,split1,ChemRasayan,frozen_mix,frozen_mix,standardized_exact,32,4,0.125,28,0.3373178382946993,0.23235472894506748,0.3523125682017895,0.01499472990709022
asap_hlm,ASAP,split1,ChemRasayan,frozen_mix,frozen_mix,connectivity_inchikey,32,4,0.125,28,0.3373178382946993,0.23235472894506748,0.3523125682017895,0.01499472990709022
asap_hlm,ASAP,split1,ChemRasayan,frozen_mix,frozen_mix,tanimoto_ge_0_70,32,8,0.25,24,0.3373178382946993,0.19940549044189596,0.38328862091230037,0.04597078261760107
asap_hlm,ASAP,split1,ChemRasayan,frozen_mix,frozen_mix,tanimoto_ge_0_80,32,5,0.15625,27,0.3373178382946993,0.2346377390946784,0.35633267147988834,0.01901483318518904
asap_hlm,ASAP,split1,ChemRasayan,frozen_mix,frozen_mix,tanimoto_ge_0_90,32,4,0.125,28,0.3373178382946993,0.23235472894506748,0.3523125682017895,0.01499472990709022
asap_hlm,ASAP,split1,ChemRasayan,frozen_mix,frozen_mix,tanimoto_ge_0_95,32,4,0.125,28,0.3373178382946993,0.23235472894506748,0.3523125682017895,0.01499472990709022
asap_hlm,ASAP,split1,ChemRasayan,validation_selected,frozen_mix,standardized_exact,32,4,0.125,28,0.3373178382946993,0.23235472894506748,0.3523125682017895,0.01499472990709022
asap_hlm,ASAP,split1,ChemRasayan,validation_selected,frozen_mix,connectivity_inchikey,32,4,0.125,28,0.3373178382946993,0.23235472894506748,0.3523125682017895,0.01499472990709022
asap_hlm,ASAP,split1,ChemRasayan,validation_selected,frozen_mix,tanimoto_ge_0_70,32,8,0.25,24,0.3373178382946993,0.19940549044189596,0.38328862091230037,0.04597078261760107
asap_hlm,ASAP,split1,ChemRasayan,validation_selected,frozen_mix,tanimoto_ge_0_80,32,5,0.15625,27,0.3373178382946993,0.2346377390946784,0.35633267147988834,0.01901483318518904
asap_hlm,ASAP,split1,ChemRasayan,validation_selected,frozen_mix,tanimoto_ge_0_90,32,4,0.125,28,0.3373178382946993,0.23235472894506748,0.3523125682017895,0.01499472990709022
asap_hlm,ASAP,split1,ChemRasayan,validation_selected,frozen_mix,tanimoto_ge_0_95,32,4,0.125,28,0.3373178382946993,0.23235472894506748,0.3523125682017895,0.01499472990709022
asap_hlm,ASAP,split2,ChemRasayan,full_mix,full_mix,standardized_exact,23,4,0.17391304347826086,19,0.25517159387494004,0.4915746508456637,0.20540252924952457,-0.04976906462541547
asap_hlm,ASAP,split2,ChemRasayan,full_mix,full_mix,connectivity_inchikey,23,4,0.17391304347826086,19,0.25517159387494004,0.4915746508456637,0.20540252924952457,-0.04976906462541547
asap_hlm,ASAP,split2,ChemRasayan,full_mix,full_mix,tanimoto_ge_0_70,23,5,0.21739130434782608,18,0.25517159387494004,0.539349468202985,0.17623329545048316,-0.07893829842445688
asap_hlm,ASAP,split2,ChemRasayan,full_mix,full_mix,tanimoto_ge_0_80,23,5,0.21739130434782608,18,0.25517159387494004,0.539349468202985,0.17623329545048316,-0.07893829842445688
asap_hlm,ASAP,split2,ChemRasayan,full_mix,full_mix,tanimoto_ge_0_90,23,4,0.17391304347826086,19,0.25517159387494004,0.4915746508456637,0.20540252924952457,-0.04976906462541547
asap_hlm,ASAP,split2,ChemRasayan,full_mix,full_mix,tanimoto_ge_0_95,23,4,0.17391304347826086,19,0.25517159387494004,0.4915746508456637,0.20540252924952457,-0.04976906462541547
asap_hlm,ASAP,split2,ChemRasayan,lora_mix,lora_mix,standardized_exact,23,4,0.17391304347826086,19,0.20110604369280544,0.24018239460580554,0.19287944350059485,-0.008226600192210581
asap_hlm,ASAP,split2,ChemRasayan,lora_mix,lora_mix,connectivity_inchikey,23,4,0.17391304347826086,19,0.20110604369280544,0.24018239460580554,0.19287944350059485,-0.008226600192210581
asap_hlm,ASAP,split2,ChemRasayan,lora_mix,lora_mix,tanimoto_ge_0_70,23,5,0.21739130434782608,18,0.20110604369280544,0.2648359763977439,0.18340328460810026,-0.017702759084705172
asap_hlm,ASAP,split2,ChemRasayan,lora_mix,lora_mix,tanimoto_ge_0_80,23,5,0.21739130434782608,18,0.20110604369280544,0.2648359763977439,0.18340328460810026,-0.017702759084705172
asap_hlm,ASAP,split2,ChemRasayan,lora_mix,lora_mix,tanimoto_ge_0_90,23,4,0.17391304347826086,19,0.20110604369280544,0.24018239460580554,0.19287944350059485,-0.008226600192210581
asap_hlm,ASAP,split2,ChemRasayan,lora_mix,lora_mix,tanimoto_ge_0_95,23,4,0.17391304347826086,19,0.20110604369280544,0.24018239460580554,0.19287944350059485,-0.008226600192210581
asap_hlm,ASAP,split2,ChemRasayan,frozen_mix,frozen_mix,standardized_exact,23,4,0.17391304347826086,19,0.25083709661068626,0.3548718324575157,0.2289350469587222,-0.021902049651964073
asap_hlm,ASAP,split2,ChemRasayan,frozen_mix,frozen_mix,connectivity_inchikey,23,4,0.17391304347826086,19,0.25083709661068626,0.3548718324575157,0.2289350469587222,-0.021902049651964073
asap_hlm,ASAP,split2,ChemRasayan,frozen_mix,frozen_mix,tanimoto_ge_0_70,23,5,0.21739130434782608,18,0.25083709661068626,0.3060203050375715,0.23550842760321813,-0.015328669007468126
asap_hlm,ASAP,split2,ChemRasayan,frozen_mix,frozen_mix,tanimoto_ge_0_80,23,5,0.21739130434782608,18,0.25083709661068626,0.3060203050375715,0.23550842760321813,-0.015328669007468126
asap_hlm,ASAP,split2,ChemRasayan,frozen_mix,frozen_mix,tanimoto_ge_0_90,23,4,0.17391304347826086,19,0.25083709661068626,0.3548718324575157,0.2289350469587222,-0.021902049651964073
asap_hlm,ASAP,split2,ChemRasayan,frozen_mix,frozen_mix,tanimoto_ge_0_95,23,4,0.17391304347826086,19,0.25083709661068626,0.3548718324575157,0.2289350469587222,-0.021902049651964073
asap_hlm,ASAP,split2,ChemRasayan,validation_selected,full_mix,standardized_exact,23,4,0.17391304347826086,19,0.25517159387494004,0.4915746508456637,0.20540252924952457,-0.04976906462541547
asap_hlm,ASAP,split2,ChemRasayan,validation_selected,full_mix,connectivity_inchikey,23,4,0.17391304347826086,19,0.25517159387494004,0.4915746508456637,0.20540252924952457,-0.04976906462541547
asap_hlm,ASAP,split2,ChemRasayan,validation_selected,full_mix,tanimoto_ge_0_70,23,5,0.21739130434782608,18,0.25517159387494004,0.539349468202985,0.17623329545048316,-0.07893829842445688
asap_hlm,ASAP,split2,ChemRasayan,validation_selected,full_mix,tanimoto_ge_0_80,23,5,0.21739130434782608,18,0.25517159387494004,0.539349468202985,0.17623329545048316,-0.07893829842445688
asap_hlm,ASAP,split2,ChemRasayan,validation_selected,full_mix,tanimoto_ge_0_90,23,4,0.17391304347826086,19,0.25517159387494004,0.4915746508456637,0.20540252924952457,-0.04976906462541547
asap_hlm,ASAP,split2,ChemRasayan,validation_selected,full_mix,tanimoto_ge_0_95,23,4,0.17391304347826086,19,0.25517159387494004,0.4915746508456637,0.20540252924952457,-0.04976906462541547
asap_hlm,ASAP,split3,ChemRasayan,full_mix,full_mix,standardized_exact,23,1,0.043478260869565216,22,0.42256603326466335,0.05159229158030154,0.43942847606849794,0.016862442803834587
asap_hlm,ASAP,split3,ChemRasayan,full_mix,full_mix,connectivity_inchikey,23,2,0.08695652173913043,21,0.42256603326466335,0.3618509308473553,0.4283484239710737,0.005782390706410345
asap_hlm,ASAP,split3,ChemRasayan,full_mix,full_mix,tanimoto_ge_0_70,23,4,0.17391304347826086,19,0.42256603326466335,0.4692044475979979,0.4127474197208036,-0.009818613543859767
asap_hlm,ASAP,split3,ChemRasayan,full_mix,full_mix,tanimoto_ge_0_80,23,2,0.08695652173913043,21,0.42256603326466335,0.3618509308473553,0.4283484239710737,0.005782390706410345
asap_hlm,ASAP,split3,ChemRasayan,full_mix,full_mix,tanimoto_ge_0_90,23,2,0.08695652173913043,21,0.42256603326466335,0.3618509308473553,0.4283484239710737,0.005782390706410345
asap_hlm,ASAP,split3,ChemRasayan,full_mix,full_mix,tanimoto_ge_0_95,23,2,0.08695652173913043,21,0.42256603326466335,0.3618509308473553,0.4283484239710737,0.005782390706410345
asap_hlm,ASAP,split3,ChemRasayan,lora_mix,lora_mix,standardized_exact,23,1,0.043478260869565216,22,0.42901723943770803,0.13335484384165408,0.4424564392375288,0.013439199799820778
asap_hlm,ASAP,split3,ChemRasayan,lora_mix,lora_mix,connectivity_inchikey,23,2,0.08695652173913043,21,0.42901723943770803,0.23835570970935482,0.4471754803642179,0.01815824092650986
asap_hlm,ASAP,split3,ChemRasayan,lora_mix,lora_mix,tanimoto_ge_0_70,23,4,0.17391304347826086,19,0.42901723943770803,0.39752041491939377,0.4356481498626166,0.006630910424908543
asap_hlm,ASAP,split3,ChemRasayan,lora_mix,lora_mix,tanimoto_ge_0_80,23,2,0.08695652173913043,21,0.42901723943770803,0.23835570970935482,0.4471754803642179,0.01815824092650986
asap_hlm,ASAP,split3,ChemRasayan,lora_mix,lora_mix,tanimoto_ge_0_90,23,2,0.08695652173913043,21,0.42901723943770803,0.23835570970935482,0.4471754803642179,0.01815824092650986
asap_hlm,ASAP,split3,ChemRasayan,lora_mix,lora_mix,tanimoto_ge_0_95,23,2,0.08695652173913043,21,0.42901723943770803,0.23835570970935482,0.4471754803642179,0.01815824092650986
asap_hlm,ASAP,split3,ChemRasayan,frozen_mix,frozen_mix,standardized_exact,23,1,0.043478260869565216,22,0.3362293836734569,0.012982310043436307,0.35092243247482147,0.014693048801364572
asap_hlm,ASAP,split3,ChemRasayan,frozen_mix,frozen_mix,connectivity_inchikey,23,2,0.08695652173913043,21,0.3362293836734569,0.10889847437305111,0.3578799464639717,0.021650562790514805
asap_hlm,ASAP,split3,ChemRasayan,frozen_mix,frozen_mix,tanimoto_ge_0_70,23,4,0.17391304347826086,19,0.3362293836734569,0.32753973397685837,0.3380587836095829,0.0018293999361260194
asap_hlm,ASAP,split3,ChemRasayan,frozen_mix,frozen_mix,tanimoto_ge_0_80,23,2,0.08695652173913043,21,0.3362293836734569,0.10889847437305111,0.3578799464639717,0.021650562790514805
asap_hlm,ASAP,split3,ChemRasayan,frozen_mix,frozen_mix,tanimoto_ge_0_90,23,2,0.08695652173913043,21,0.3362293836734569,0.10889847437305111,0.3578799464639717,0.021650562790514805
asap_hlm,ASAP,split3,ChemRasayan,frozen_mix,frozen_mix,tanimoto_ge_0_95,23,2,0.08695652173913043,21,0.3362293836734569,0.10889847437305111,0.3578799464639717,0.021650562790514805
asap_hlm,ASAP,split3,ChemRasayan,validation_selected,full_mix,standardized_exact,23,1,0.043478260869565216,22,0.42256603326466335,0.05159229158030154,0.43942847606849794,0.016862442803834587
asap_hlm,ASAP,split3,ChemRasayan,validation_selected,full_mix,connectivity_inchikey,23,2,0.08695652173913043,21,0.42256603326466335,0.3618509308473553,0.4283484239710737,0.005782390706410345
asap_hlm,ASAP,split3,ChemRasayan,validation_selected,full_mix,tanimoto_ge_0_70,23,4,0.17391304347826086,19,0.42256603326466335,0.4692044475979979,0.4127474197208036,-0.009818613543859767
asap_hlm,ASAP,split3,ChemRasayan,validation_selected,full_mix,tanimoto_ge_0_80,23,2,0.08695652173913043,21,0.42256603326466335,0.3618509308473553,0.4283484239710737,0.005782390706410345
asap_hlm,ASAP,split3,ChemRasayan,validation_selected,full_mix,tanimoto_ge_0_90,23,2,0.08695652173913043,21,0.42256603326466335,0.3618509308473553,0.4283484239710737,0.005782390706410345
asap_hlm,ASAP,split3,ChemRasayan,validation_selected,full_mix,tanimoto_ge_0_95,23,2,0.08695652173913043,21,0.42256603326466335,0.3618509308473553,0.4283484239710737,0.005782390706410345
asap_ksol,ASAP,split1,ChemRasayan,full_mix,full_mix,standardized_exact,53,4,0.07547169811320754,49,0.3610486042867429,0.11012442315092474,0.381532210910075,0.020483606623332096
asap_ksol,ASAP,split1,ChemRasayan,full_mix,full_mix,connectivity_inchikey,53,4,0.07547169811320754,49,0.3610486042867429,0.11012442315092474,0.381532210910075,0.020483606623332096
asap_ksol,ASAP,split1,ChemRasayan,full_mix,full_mix,tanimoto_ge_0_70,53,7,0.1320754716981132,46,0.3610486042867429,0.276353808866704,0.373936942720227,0.012888338433484081
asap_ksol,ASAP,split1,ChemRasayan,full_mix,full_mix,tanimoto_ge_0_80,53,6,0.11320754716981132,47,0.3610486042867429,0.22058698803495924,0.378979874446545,0.017931270159802115
asap_ksol,ASAP,split1,ChemRasayan,full_mix,full_mix,tanimoto_ge_0_90,53,4,0.07547169811320754,49,0.3610486042867429,0.11012442315092474,0.381532210910075,0.020483606623332096
asap_ksol,ASAP,split1,ChemRasayan,full_mix,full_mix,tanimoto_ge_0_95,53,4,0.07547169811320754,49,0.3610486042867429,0.11012442315092474,0.381532210910075,0.020483606623332096
asap_ksol,ASAP,split1,ChemRasayan,lora_mix,lora_mix,standardized_exact,53,4,0.07547169811320754,49,0.344022340768466,0.10725684704920535,0.3633501361741199,0.01932779540565388
asap_ksol,ASAP,split1,ChemRasayan,lora_mix,lora_mix,connectivity_inchikey,53,4,0.07547169811320754,49,0.344022340768466,0.10725684704920535,0.3633501361741199,0.01932779540565388
asap_ksol,ASAP,split1,ChemRasayan,lora_mix,lora_mix,tanimoto_ge_0_70,53,7,0.1320754716981132,46,0.344022340768466,0.24194423668585438,0.35955596530277634,0.015533624534310342
asap_ksol,ASAP,split1,ChemRasayan,lora_mix,lora_mix,tanimoto_ge_0_80,53,6,0.11320754716981132,47,0.344022340768466,0.20527465637218578,0.36173481111692724,0.01771247034846124
asap_ksol,ASAP,split1,ChemRasayan,lora_mix,lora_mix,tanimoto_ge_0_90,53,4,0.07547169811320754,49,0.344022340768466,0.10725684704920535,0.3633501361741199,0.01932779540565388
asap_ksol,ASAP,split1,ChemRasayan,lora_mix,lora_mix,tanimoto_ge_0_95,53,4,0.07547169811320754,49,0.344022340768466,0.10725684704920535,0.3633501361741199,0.01932779540565388
asap_ksol,ASAP,split1,ChemRasayan,frozen_mix,frozen_mix,standardized_exact,53,4,0.07547169811320754,49,0.357453111745993,0.06122584546080023,0.38163492940192706,0.02418181765593408
asap_ksol,ASAP,split1,ChemRasayan,frozen_mix,frozen_mix,connectivity_inchikey,53,4,0.07547169811320754,49,0.357453111745993,0.06122584546080023,0.38163492940192706,0.02418181765593408
asap_ksol,ASAP,split1,ChemRasayan,frozen_mix,frozen_mix,tanimoto_ge_0_70,53,7,0.1320754716981132,46,0.357453111745993,0.23092456210047738,0.3767074562572671,0.019254344511274113
asap_ksol,ASAP,split1,ChemRasayan,frozen_mix,frozen_mix,tanimoto_ge_0_80,53,6,0.11320754716981132,47,0.357453111745993,0.1737122065853234,0.38090939751118486,0.023456285765191875
asap_ksol,ASAP,split1,ChemRasayan,frozen_mix,frozen_mix,tanimoto_ge_0_90,53,4,0.07547169811320754,49,0.357453111745993,0.06122584546080023,0.38163492940192706,0.02418181765593408
asap_ksol,ASAP,split1,ChemRasayan,frozen_mix,frozen_mix,tanimoto_ge_0_95,53,4,0.07547169811320754,49,0.357453111745993,0.06122584546080023,0.38163492940192706,0.02418181765593408
asap_ksol,ASAP,split1,ChemRasayan,validation_selected,lora_mix,standardized_exact,53,4,0.07547169811320754,49,0.344022340768466,0.10725684704920535,0.3633501361741199,0.01932779540565388
asap_ksol,ASAP,split1,ChemRasayan,validation_selected,lora_mix,connectivity_inchikey,53,4,0.07547169811320754,49,0.344022340768466,0.10725684704920535,0.3633501361741199,0.01932779540565388
asap_ksol,ASAP,split1,ChemRasayan,validation_selected,lora_mix,tanimoto_ge_0_70,53,7,0.1320754716981132,46,0.344022340768466,0.24194423668585438,0.35955596530277634,0.015533624534310342
asap_ksol,ASAP,split1,ChemRasayan,validation_selected,lora_mix,tanimoto_ge_0_80,53,6,0.11320754716981132,47,0.344022340768466,0.20527465637218578,0.36173481111692724,0.01771247034846124
asap_ksol,ASAP,split1,ChemRasayan,validation_selected,lora_mix,tanimoto_ge_0_90,53,4,0.07547169811320754,49,0.344022340768466,0.10725684704920535,0.3633501361741199,0.01932779540565388
asap_ksol,ASAP,split1,ChemRasayan,validation_selected,lora_mix,tanimoto_ge_0_95,53,4,0.07547169811320754,49,0.344022340768466,0.10725684704920535,0.3633501361741199,0.01932779540565388
asap_ksol,ASAP,split2,ChemRasayan,full_mix,full_mix,standardized_exact,48,4,0.08333333333333333,44,0.3291740139226375,0.10266101544858297,0.34976610469300606,0.020592090770368554
asap_ksol,ASAP,split2,ChemRasayan,full_mix,full_mix,connectivity_inchikey,48,4,0.08333333333333333,44,0.3291740139226375,0.10266101544858297,0.34976610469300606,0.020592090770368554
asap_ksol,ASAP,split2,ChemRasayan,full_mix,full_mix,tanimoto_ge_0_70,48,4,0.08333333333333333,44,0.3291740139226375,0.10266101544858297,0.34976610469300606,0.020592090770368554
asap_ksol,ASAP,split2,ChemRasayan,full_mix,full_mix,tanimoto_ge_0_80,48,4,0.08333333333333333,44,0.3291740139226375,0.10266101544858297,0.34976610469300606,0.020592090770368554
asap_ksol,ASAP,split2,ChemRasayan,full_mix,full_mix,tanimoto_ge_0_90,48,4,0.08333333333333333,44,0.3291740139226375,0.10266101544858297,0.34976610469300606,0.020592090770368554
asap_ksol,ASAP,split2,ChemRasayan,full_mix,full_mix,tanimoto_ge_0_95,48,4,0.08333333333333333,44,0.3291740139226375,0.10266101544858297,0.34976610469300606,0.020592090770368554
asap_ksol,ASAP,split2,ChemRasayan,lora_mix,lora_mix,standardized_exact,48,4,0.08333333333333333,44,0.42332589411734034,0.02311732896775176,0.4597084909491212,0.036382596831780856
asap_ksol,ASAP,split2,ChemRasayan,lora_mix,lora_mix,connectivity_inchikey,48,4,0.08333333333333333,44,0.42332589411734034,0.02311732896775176,0.4597084909491212,0.036382596831780856
asap_ksol,ASAP,split2,ChemRasayan,lora_mix,lora_mix,tanimoto_ge_0_70,48,4,0.08333333333333333,44,0.42332589411734034,0.02311732896775176,0.4597084909491212,0.036382596831780856
asap_ksol,ASAP,split2,ChemRasayan,lora_mix,lora_mix,tanimoto_ge_0_80,48,4,0.08333333333333333,44,0.42332589411734034,0.02311732896775176,0.4597084909491212,0.036382596831780856
asap_ksol,ASAP,split2,ChemRasayan,lora_mix,lora_mix,tanimoto_ge_0_90,48,4,0.08333333333333333,44,0.42332589411734034,0.02311732896775176,0.4597084909491212,0.036382596831780856
asap_ksol,ASAP,split2,ChemRasayan,lora_mix,lora_mix,tanimoto_ge_0_95,48,4,0.08333333333333333,44,0.42332589411734034,0.02311732896775176,0.4597084909491212,0.036382596831780856
asap_ksol,ASAP,split2,ChemRasayan,frozen_mix,frozen_mix,standardized_exact,48,4,0.08333333333333333,44,0.39341794716415923,0.09230371038617347,0.4207919686894306,0.027374021525271353
asap_ksol,ASAP,split2,ChemRasayan,frozen_mix,frozen_mix,connectivity_inchikey,48,4,0.08333333333333333,44,0.39341794716415923,0.09230371038617347,0.4207919686894306,0.027374021525271353
asap_ksol,ASAP,split2,ChemRasayan,frozen_mix,frozen_mix,tanimoto_ge_0_70,48,4,0.08333333333333333,44,0.39341794716415923,0.09230371038617347,0.4207919686894306,0.027374021525271353
asap_ksol,ASAP,split2,ChemRasayan,frozen_mix,frozen_mix,tanimoto_ge_0_80,48,4,0.08333333333333333,44,0.39341794716415923,0.09230371038617347,0.4207919686894306,0.027374021525271353
asap_ksol,ASAP,split2,ChemRasayan,frozen_mix,frozen_mix,tanimoto_ge_0_90,48,4,0.08333333333333333,44,0.39341794716415923,0.09230371038617347,0.4207919686894306,0.027374021525271353
asap_ksol,ASAP,split2,ChemRasayan,frozen_mix,frozen_mix,tanimoto_ge_0_95,48,4,0.08333333333333333,44,0.39341794716415923,0.09230371038617347,0.4207919686894306,0.027374021525271353
asap_ksol,ASAP,split2,ChemRasayan,validation_selected,lora_mix,standardized_exact,48,4,0.08333333333333333,44,0.42332589411734034,0.02311732896775176,0.4597084909491212,0.036382596831780856
asap_ksol,ASAP,split2,ChemRasayan,validation_selected,lora_mix,connectivity_inchikey,48,4,0.08333333333333333,44,0.42332589411734034,0.02311732896775176,0.4597084909491212,0.036382596831780856
asap_ksol,ASAP,split2,ChemRasayan,validation_selected,lora_mix,tanimoto_ge_0_70,48,4,0.08333333333333333,44,0.42332589411734034,0.02311732896775176,0.4597084909491212,0.036382596831780856
asap_ksol,ASAP,split2,ChemRasayan,validation_selected,lora_mix,tanimoto_ge_0_80,48,4,0.08333333333333333,44,0.42332589411734034,0.02311732896775176,0.4597084909491212,0.036382596831780856
asap_ksol,ASAP,split2,ChemRasayan,validation_selected,lora_mix,tanimoto_ge_0_90,48,4,0.08333333333333333,44,0.42332589411734034,0.02311732896775176,0.4597084909491212,0.036382596831780856
asap_ksol,ASAP,split2,ChemRasayan,validation_selected,lora_mix,tanimoto_ge_0_95,48,4,0.08333333333333333,44,0.42332589411734034,0.02311732896775176,0.4597084909491212,0.036382596831780856
asap_ksol,ASAP,split3,ChemRasayan,full_mix,full_mix,standardized_exact,49,0,0.0,49,0.25435596198721466,,0.25435596198721466,0.0
asap_ksol,ASAP,split3,ChemRasayan,full_mix,full_mix,connectivity_inchikey,49,0,0.0,49,0.25435596198721466,,0.25435596198721466,0.0
asap_ksol,ASAP,split3,ChemRasayan,full_mix,full_mix,tanimoto_ge_0_70,49,0,0.0,49,0.25435596198721466,,0.25435596198721466,0.0
asap_ksol,ASAP,split3,ChemRasayan,full_mix,full_mix,tanimoto_ge_0_80,49,0,0.0,49,0.25435596198721466,,0.25435596198721466,0.0
asap_ksol,ASAP,split3,ChemRasayan,full_mix,full_mix,tanimoto_ge_0_90,49,0,0.0,49,0.25435596198721466,,0.25435596198721466,0.0
asap_ksol,ASAP,split3,ChemRasayan,full_mix,full_mix,tanimoto_ge_0_95,49,0,0.0,49,0.25435596198721466,,0.25435596198721466,0.0
asap_ksol,ASAP,split3,ChemRasayan,lora_mix,lora_mix,standardized_exact,49,0,0.0,49,0.23579077735428577,,0.23579077735428577,0.0
asap_ksol,ASAP,split3,ChemRasayan,lora_mix,lora_mix,connectivity_inchikey,49,0,0.0,49,0.23579077735428577,,0.23579077735428577,0.0
asap_ksol,ASAP,split3,ChemRasayan,lora_mix,lora_mix,tanimoto_ge_0_70,49,0,0.0,49,0.23579077735428577,,0.23579077735428577,0.0
asap_ksol,ASAP,split3,ChemRasayan,lora_mix,lora_mix,tanimoto_ge_0_80,49,0,0.0,49,0.23579077735428577,,0.23579077735428577,0.0
asap_ksol,ASAP,split3,ChemRasayan,lora_mix,lora_mix,tanimoto_ge_0_90,49,0,0.0,49,0.23579077735428577,,0.23579077735428577,0.0
asap_ksol,ASAP,split3,ChemRasayan,lora_mix,lora_mix,tanimoto_ge_0_95,49,0,0.0,49,0.23579077735428577,,0.23579077735428577,0.0
asap_ksol,ASAP,split3,ChemRasayan,frozen_mix,frozen_mix,standardized_exact,49,0,0.0,49,0.2407976433311756,,0.2407976433311756,0.0
asap_ksol,ASAP,split3,ChemRasayan,frozen_mix,frozen_mix,connectivity_inchikey,49,0,0.0,49,0.2407976433311756,,0.2407976433311756,0.0
asap_ksol,ASAP,split3,ChemRasayan,frozen_mix,frozen_mix,tanimoto_ge_0_70,49,0,0.0,49,0.2407976433311756,,0.2407976433311756,0.0
asap_ksol,ASAP,split3,ChemRasayan,frozen_mix,frozen_mix,tanimoto_ge_0_80,49,0,0.0,49,0.2407976433311756,,0.2407976433311756,0.0
asap_ksol,ASAP,split3,ChemRasayan,frozen_mix,frozen_mix,tanimoto_ge_0_90,49,0,0.0,49,0.2407976433311756,,0.2407976433311756,0.0
asap_ksol,ASAP,split3,ChemRasayan,frozen_mix,frozen_mix,tanimoto_ge_0_95,49,0,0.0,49,0.2407976433311756,,0.2407976433311756,0.0
asap_ksol,ASAP,split3,ChemRasayan,validation_selected,frozen_mix,standardized_exact,49,0,0.0,49,0.2407976433311756,,0.2407976433311756,0.0
asap_ksol,ASAP,split3,ChemRasayan,validation_selected,frozen_mix,connectivity_inchikey,49,0,0.0,49,0.2407976433311756,,0.2407976433311756,0.0
asap_ksol,ASAP,split3,ChemRasayan,validation_selected,frozen_mix,tanimoto_ge_0_70,49,0,0.0,49,0.2407976433311756,,0.2407976433311756,0.0
asap_ksol,ASAP,split3,ChemRasayan,validation_selected,frozen_mix,tanimoto_ge_0_80,49,0,0.0,49,0.2407976433311756,,0.2407976433311756,0.0
asap_ksol,ASAP,split3,ChemRasayan,validation_selected,frozen_mix,tanimoto_ge_0_90,49,0,0.0,49,0.2407976433311756,,0.2407976433311756,0.0
asap_ksol,ASAP,split3,ChemRasayan,validation_selected,frozen_mix,tanimoto_ge_0_95,49,0,0.0,49,0.2407976433311756,,0.2407976433311756,0.0
asap_logd,ASAP,split1,ChemRasayan,full_mix,full_mix,standardized_exact,55,4,0.07272727272727272,51,0.38428377152572984,0.54678410962224,0.3715386469691408,-0.01274512455658905
asap_logd,ASAP,split1,ChemRasayan,full_mix,full_mix,connectivity_inchikey,55,4,0.07272727272727272,51,0.38428377152572984,0.54678410962224,0.3715386469691408,-0.01274512455658905
asap_logd,ASAP,split1,ChemRasayan,full_mix,full_mix,tanimoto_ge_0_70,55,7,0.12727272727272726,48,0.38428377152572984,0.5505312208618436,0.3600393518308798,-0.024244419694850028
asap_logd,ASAP,split1,ChemRasayan,full_mix,full_mix,tanimoto_ge_0_80,55,6,0.10909090909090909,49,0.38428377152572984,0.5456304833292961,0.36452703130488495,-0.019756740220844893
asap_logd,ASAP,split1,ChemRasayan,full_mix,full_mix,tanimoto_ge_0_90,55,4,0.07272727272727272,51,0.38428377152572984,0.54678410962224,0.3715386469691408,-0.01274512455658905
asap_logd,ASAP,split1,ChemRasayan,full_mix,full_mix,tanimoto_ge_0_95,55,4,0.07272727272727272,51,0.38428377152572984,0.54678410962224,0.3715386469691408,-0.01274512455658905
asap_logd,ASAP,split1,ChemRasayan,lora_mix,lora_mix,standardized_exact,55,4,0.07272727272727272,51,0.39161808426813655,0.5809321172535419,0.3767699248183008,-0.014848159449835752
asap_logd,ASAP,split1,ChemRasayan,lora_mix,lora_mix,connectivity_inchikey,55,4,0.07272727272727272,51,0.39161808426813655,0.5809321172535419,0.3767699248183008,-0.014848159449835752
asap_logd,ASAP,split1,ChemRasayan,lora_mix,lora_mix,tanimoto_ge_0_70,55,7,0.12727272727272726,48,0.39161808426813655,0.6181491311107362,0.35858230660359064,-0.03303577766454591
asap_logd,ASAP,split1,ChemRasayan,lora_mix,lora_mix,tanimoto_ge_0_80,55,6,0.10909090909090909,49,0.39161808426813655,0.5739652002851168,0.36928986598034286,-0.02232821828779369
asap_logd,ASAP,split1,ChemRasayan,lora_mix,lora_mix,tanimoto_ge_0_90,55,4,0.07272727272727272,51,0.39161808426813655,0.5809321172535419,0.3767699248183008,-0.014848159449835752
asap_logd,ASAP,split1,ChemRasayan,lora_mix,lora_mix,tanimoto_ge_0_95,55,4,0.07272727272727272,51,0.39161808426813655,0.5809321172535419,0.3767699248183008,-0.014848159449835752
asap_logd,ASAP,split1,ChemRasayan,frozen_mix,frozen_mix,standardized_exact,55,4,0.07272727272727272,51,0.36890406680107124,0.36963059604167936,0.36884708411553335,-5.6982685537887434e-05
asap_logd,ASAP,split1,ChemRasayan,frozen_mix,frozen_mix,connectivity_inchikey,55,4,0.07272727272727272,51,0.36890406680107124,0.36963059604167936,0.36884708411553335,-5.6982685537887434e-05
asap_logd,ASAP,split1,ChemRasayan,frozen_mix,frozen_mix,tanimoto_ge_0_70,55,7,0.12727272727272726,48,0.36890406680107124,0.48922375099999565,0.35135744618872805,-0.01754662061234319
asap_logd,ASAP,split1,ChemRasayan,frozen_mix,frozen_mix,tanimoto_ge_0_80,55,6,0.10909090909090909,49,0.36890406680107124,0.5135191897551219,0.3511960925617996,-0.017707974239271618
asap_logd,ASAP,split1,ChemRasayan,frozen_mix,frozen_mix,tanimoto_ge_0_90,55,4,0.07272727272727272,51,0.36890406680107124,0.36963059604167936,0.36884708411553335,-5.6982685537887434e-05
asap_logd,ASAP,split1,ChemRasayan,frozen_mix,frozen_mix,tanimoto_ge_0_95,55,4,0.07272727272727272,51,0.36890406680107124,0.36963059604167936,0.36884708411553335,-5.6982685537887434e-05
asap_logd,ASAP,split1,ChemRasayan,validation_selected,full_mix,standardized_exact,55,4,0.07272727272727272,51,0.38428377152572984,0.54678410962224,0.3715386469691408,-0.01274512455658905
asap_logd,ASAP,split1,ChemRasayan,validation_selected,full_mix,connectivity_inchikey,55,4,0.07272727272727272,51,0.38428377152572984,0.54678410962224,0.3715386469691408,-0.01274512455658905
asap_logd,ASAP,split1,ChemRasayan,validation_selected,full_mix,tanimoto_ge_0_70,55,7,0.12727272727272726,48,0.38428377152572984,0.5505312208618436,0.3600393518308798,-0.024244419694850028
asap_logd,ASAP,split1,ChemRasayan,validation_selected,full_mix,tanimoto_ge_0_80,55,6,0.10909090909090909,49,0.38428377152572984,0.5456304833292961,0.36452703130488495,-0.019756740220844893
asap_logd,ASAP,split1,ChemRasayan,validation_selected,full_mix,tanimoto_ge_0_90,55,4,0.07272727272727272,51,0.38428377152572984,0.54678410962224,0.3715386469691408,-0.01274512455658905
asap_logd,ASAP,split1,ChemRasayan,validation_selected,full_mix,tanimoto_ge_0_95,55,4,0.07272727272727272,51,0.38428377152572984,0.54678410962224,0.3715386469691408,-0.01274512455658905
asap_logd,ASAP,split2,ChemRasayan,full_mix,full_mix,standardized_exact,69,18,0.2608695652173913,51,0.5347345791929874,0.6495979774743318,0.4941945562701599,-0.04054002292282749
asap_logd,ASAP,split2,ChemRasayan,full_mix,full_mix,connectivity_inchikey,69,18,0.2608695652173913,51,0.5347345791929874,0.6495979774743318,0.4941945562701599,-0.04054002292282749
asap_logd,ASAP,split2,ChemRasayan,full_mix,full_mix,tanimoto_ge_0_70,69,20,0.2898550724637681,49,0.5347345791929874,0.6319875444844365,0.4950394913189266,-0.039695087874060786
asap_logd,ASAP,split2,ChemRasayan,full_mix,full_mix,tanimoto_ge_0_80,69,19,0.2753623188405797,50,0.5347345791929874,0.6436493009720978,0.49334698491692547,-0.04138759427606192
asap_logd,ASAP,split2,ChemRasayan,full_mix,full_mix,tanimoto_ge_0_90,69,18,0.2608695652173913,51,0.5347345791929874,0.6495979774743318,0.4941945562701599,-0.04054002292282749
asap_logd,ASAP,split2,ChemRasayan,full_mix,full_mix,tanimoto_ge_0_95,69,18,0.2608695652173913,51,0.5347345791929874,0.6495979774743318,0.4941945562701599,-0.04054002292282749
asap_logd,ASAP,split2,ChemRasayan,lora_mix,lora_mix,standardized_exact,69,18,0.2608695652173913,51,0.4846005136616852,0.40194295114941064,0.5137737710189585,0.029173257357273275
asap_logd,ASAP,split2,ChemRasayan,lora_mix,lora_mix,connectivity_inchikey,69,18,0.2608695652173913,51,0.4846005136616852,0.40194295114941064,0.5137737710189585,0.029173257357273275
asap_logd,ASAP,split2,ChemRasayan,lora_mix,lora_mix,tanimoto_ge_0_70,69,20,0.2898550724637681,49,0.4846005136616852,0.3702090227603912,0.531290918111193,0.04669040444950778
asap_logd,ASAP,split2,ChemRasayan,lora_mix,lora_mix,tanimoto_ge_0_80,69,19,0.2753623188405797,50,0.4846005136616852,0.38589473147141307,0.5221087108939887,0.037508197232303475
asap_logd,ASAP,split2,ChemRasayan,lora_mix,lora_mix,tanimoto_ge_0_90,69,18,0.2608695652173913,51,0.4846005136616852,0.40194295114941064,0.5137737710189585,0.029173257357273275
asap_logd,ASAP,split2,ChemRasayan,lora_mix,lora_mix,tanimoto_ge_0_95,69,18,0.2608695652173913,51,0.4846005136616852,0.40194295114941064,0.5137737710189585,0.029173257357273275
asap_logd,ASAP,split2,ChemRasayan,frozen_mix,frozen_mix,standardized_exact,69,18,0.2608695652173913,51,0.5321959234946879,0.4834338625272115,0.5494060626596797,0.01721013916499181
asap_logd,ASAP,split2,ChemRasayan,frozen_mix,frozen_mix,connectivity_inchikey,69,18,0.2608695652173913,51,0.5321959234946879,0.4834338625272115,0.5494060626596797,0.01721013916499181
asap_logd,ASAP,split2,ChemRasayan,frozen_mix,frozen_mix,tanimoto_ge_0_70,69,20,0.2898550724637681,49,0.5321959234946879,0.45536469340324415,0.5635556092462979,0.03135968575160997
asap_logd,ASAP,split2,ChemRasayan,frozen_mix,frozen_mix,tanimoto_ge_0_80,69,19,0.2753623188405797,50,0.5321959234946879,0.47597537919094685,0.5535597303301096,0.021363806835421717
asap_logd,ASAP,split2,ChemRasayan,frozen_mix,frozen_mix,tanimoto_ge_0_90,69,18,0.2608695652173913,51,0.5321959234946879,0.4834338625272115,0.5494060626596797,0.01721013916499181
asap_logd,ASAP,split2,ChemRasayan,frozen_mix,frozen_mix,tanimoto_ge_0_95,69,18,0.2608695652173913,51,0.5321959234946879,0.4834338625272115,0.5494060626596797,0.01721013916499181
asap_logd,ASAP,split2,ChemRasayan,validation_selected,frozen_mix,standardized_exact,69,18,0.2608695652173913,51,0.5321959234946879,0.4834338625272115,0.5494060626596797,0.01721013916499181
asap_logd,ASAP,split2,ChemRasayan,validation_selected,frozen_mix,connectivity_inchikey,69,18,0.2608695652173913,51,0.5321959234946879,0.4834338625272115,0.5494060626596797,0.01721013916499181
asap_logd,ASAP,split2,ChemRasayan,validation_selected,frozen_mix,tanimoto_ge_0_70,69,20,0.2898550724637681,49,0.5321959234946879,0.45536469340324415,0.5635556092462979,0.03135968575160997
asap_logd,ASAP,split2,ChemRasayan,validation_selected,frozen_mix,tanimoto_ge_0_80,69,19,0.2753623188405797,50,0.5321959234946879,0.47597537919094685,0.5535597303301096,0.021363806835421717
asap_logd,ASAP,split2,ChemRasayan,validation_selected,frozen_mix,tanimoto_ge_0_90,69,18,0.2608695652173913,51,0.5321959234946879,0.4834338625272115,0.5494060626596797,0.01721013916499181
asap_logd,ASAP,split2,ChemRasayan,validation_selected,frozen_mix,tanimoto_ge_0_95,69,18,0.2608695652173913,51,0.5321959234946879,0.4834338625272115,0.5494060626596797,0.01721013916499181
asap_logd,ASAP,split3,ChemRasayan,full_mix,full_mix,standardized_exact,59,5,0.0847457627118644,54,0.4954757647393114,0.27472074985504147,0.5159160438952624,0.02044027915595098
asap_logd,ASAP,split3,ChemRasayan,full_mix,full_mix,connectivity_inchikey,59,5,0.0847457627118644,54,0.4954757647393114,0.27472074985504147,0.5159160438952624,0.02044027915595098
asap_logd,ASAP,split3,ChemRasayan,full_mix,full_mix,tanimoto_ge_0_70,59,5,0.0847457627118644,54,0.4954757647393114,0.27472074985504147,0.5159160438952624,0.02044027915595098
asap_logd,ASAP,split3,ChemRasayan,full_mix,full_mix,tanimoto_ge_0_80,59,5,0.0847457627118644,54,0.4954757647393114,0.27472074985504147,0.5159160438952624,0.02044027915595098
asap_logd,ASAP,split3,ChemRasayan,full_mix,full_mix,tanimoto_ge_0_90,59,5,0.0847457627118644,54,0.4954757647393114,0.27472074985504147,0.5159160438952624,0.02044027915595098
asap_logd,ASAP,split3,ChemRasayan,full_mix,full_mix,tanimoto_ge_0_95,59,5,0.0847457627118644,54,0.4954757647393114,0.27472074985504147,0.5159160438952624,0.02044027915595098
asap_logd,ASAP,split3,ChemRasayan,lora_mix,lora_mix,standardized_exact,59,5,0.0847457627118644,54,0.48506885210336265,0.4737888669967651,0.48611329516878843,0.001044443065425782
asap_logd,ASAP,split3,ChemRasayan,lora_mix,lora_mix,connectivity_inchikey,59,5,0.0847457627118644,54,0.48506885210336265,0.4737888669967651,0.48611329516878843,0.001044443065425782
asap_logd,ASAP,split3,ChemRasayan,lora_mix,lora_mix,tanimoto_ge_0_70,59,5,0.0847457627118644,54,0.48506885210336265,0.4737888669967651,0.48611329516878843,0.001044443065425782
asap_logd,ASAP,split3,ChemRasayan,lora_mix,lora_mix,tanimoto_ge_0_80,59,5,0.0847457627118644,54,0.48506885210336265,0.4737888669967651,0.48611329516878843,0.001044443065425782
asap_logd,ASAP,split3,ChemRasayan,lora_mix,lora_mix,tanimoto_ge_0_90,59,5,0.0847457627118644,54,0.48506885210336265,0.4737888669967651,0.48611329516878843,0.001044443065425782
asap_logd,ASAP,split3,ChemRasayan,lora_mix,lora_mix,tanimoto_ge_0_95,59,5,0.0847457627118644,54,0.48506885210336265,0.4737888669967651,0.48611329516878843,0.001044443065425782
asap_logd,ASAP,split3,ChemRasayan,frozen_mix,frozen_mix,standardized_exact,59,5,0.0847457627118644,54,0.47058884927529393,0.5192185258865356,0.4660861014409197,-0.00450274783437421
asap_logd,ASAP,split3,ChemRasayan,frozen_mix,frozen_mix,connectivity_inchikey,59,5,0.0847457627118644,54,0.47058884927529393,0.5192185258865356,0.4660861014409197,-0.00450274783437421
asap_logd,ASAP,split3,ChemRasayan,frozen_mix,frozen_mix,tanimoto_ge_0_70,59,5,0.0847457627118644,54,0.47058884927529393,0.5192185258865356,0.4660861014409197,-0.00450274783437421
asap_logd,ASAP,split3,ChemRasayan,frozen_mix,frozen_mix,tanimoto_ge_0_80,59,5,0.0847457627118644,54,0.47058884927529393,0.5192185258865356,0.4660861014409197,-0.00450274783437421
asap_logd,ASAP,split3,ChemRasayan,frozen_mix,frozen_mix,tanimoto_ge_0_90,59,5,0.0847457627118644,54,0.47058884927529393,0.5192185258865356,0.4660861014409197,-0.00450274783437421
asap_logd,ASAP,split3,ChemRasayan,frozen_mix,frozen_mix,tanimoto_ge_0_95,59,5,0.0847457627118644,54,0.47058884927529393,0.5192185258865356,0.4660861014409197,-0.00450274783437421
asap_logd,ASAP,split3,ChemRasayan,validation_selected,lora_mix,standardized_exact,59,5,0.0847457627118644,54,0.48506885210336265,0.4737888669967651,0.48611329516878843,0.001044443065425782
asap_logd,ASAP,split3,ChemRasayan,validation_selected,lora_mix,connectivity_inchikey,59,5,0.0847457627118644,54,0.48506885210336265,0.4737888669967651,0.48611329516878843,0.001044443065425782
asap_logd,ASAP,split3,ChemRasayan,validation_selected,lora_mix,tanimoto_ge_0_70,59,5,0.0847457627118644,54,0.48506885210336265,0.4737888669967651,0.48611329516878843,0.001044443065425782
asap_logd,ASAP,split3,ChemRasayan,validation_selected,lora_mix,tanimoto_ge_0_80,59,5,0.0847457627118644,54,0.48506885210336265,0.4737888669967651,0.48611329516878843,0.001044443065425782
asap_logd,ASAP,split3,ChemRasayan,validation_selected,lora_mix,tanimoto_ge_0_90,59,5,0.0847457627118644,54,0.48506885210336265,0.4737888669967651,0.48611329516878843,0.001044443065425782
asap_logd,ASAP,split3,ChemRasayan,validation_selected,lora_mix,tanimoto_ge_0_95,59,5,0.0847457627118644,54,0.48506885210336265,0.4737888669967651,0.48611329516878843,0.001044443065425782
asap_mdr1,ASAP,split1,ChemRasayan,full_mix,full_mix,standardized_exact,56,8,0.14285714285714285,48,0.3577228099854792,0.4082216221952813,0.34930634128384547,-0.008416468701633706
asap_mdr1,ASAP,split1,ChemRasayan,full_mix,full_mix,connectivity_inchikey,56,9,0.16071428571428573,47,0.3577228099854792,0.36528184432047767,0.3562753353255859,-0.0014474746598932553
asap_mdr1,ASAP,split1,ChemRasayan,full_mix,full_mix,tanimoto_ge_0_70,56,14,0.25,42,0.3577228099854792,0.36557003901391616,0.3551070669760002,-0.002615743009478977
asap_mdr1,ASAP,split1,ChemRasayan,full_mix,full_mix,tanimoto_ge_0_80,56,11,0.19642857142857142,45,0.3577228099854792,0.3676038789771096,0.35530743756530286,-0.0024153724201763094
asap_mdr1,ASAP,split1,ChemRasayan,full_mix,full_mix,tanimoto_ge_0_90,56,9,0.16071428571428573,47,0.3577228099854792,0.36528184432047767,0.3562753353255859,-0.0014474746598932553
asap_mdr1,ASAP,split1,ChemRasayan,full_mix,full_mix,tanimoto_ge_0_95,56,9,0.16071428571428573,47,0.3577228099854792,0.36528184432047767,0.3562753353255859,-0.0014474746598932553
asap_mdr1,ASAP,split1,ChemRasayan,lora_mix,lora_mix,standardized_exact,56,8,0.14285714285714285,48,0.41167370710955015,0.4796804435813232,0.40033925103092133,-0.011334456078628818
asap_mdr1,ASAP,split1,ChemRasayan,lora_mix,lora_mix,connectivity_inchikey,56,9,0.16071428571428573,47,0.41167370710955015,0.4511180604787641,0.40412053306012624,-0.007553174049423905
asap_mdr1,ASAP,split1,ChemRasayan,lora_mix,lora_mix,tanimoto_ge_0_70,56,14,0.25,42,0.41167370710955015,0.42010746900226786,0.40886245314531094,-0.002811253964239202
asap_mdr1,ASAP,split1,ChemRasayan,lora_mix,lora_mix,tanimoto_ge_0_80,56,11,0.19642857142857142,45,0.41167370710955015,0.42463751208997563,0.4085047770032239,-0.00316893010632624
asap_mdr1,ASAP,split1,ChemRasayan,lora_mix,lora_mix,tanimoto_ge_0_90,56,9,0.16071428571428573,47,0.41167370710955015,0.4511180604787641,0.40412053306012624,-0.007553174049423905
asap_mdr1,ASAP,split1,ChemRasayan,lora_mix,lora_mix,tanimoto_ge_0_95,56,9,0.16071428571428573,47,0.41167370710955015,0.4511180604787641,0.40412053306012624,-0.007553174049423905
asap_mdr1,ASAP,split1,ChemRasayan,frozen_mix,frozen_mix,standardized_exact,56,8,0.14285714285714285,48,0.4517926765923375,0.5184660688304706,0.4406804445526487,-0.011112232039688807
asap_mdr1,ASAP,split1,ChemRasayan,frozen_mix,frozen_mix,connectivity_inchikey,56,9,0.16071428571428573,47,0.4517926765923375,0.5021602066316843,0.4421478304145903,-0.00964484617774719
asap_mdr1,ASAP,split1,ChemRasayan,frozen_mix,frozen_mix,tanimoto_ge_0_70,56,14,0.25,42,0.4517926765923375,0.47263814450092373,0.44484418728947556,-0.00694848930286196
asap_mdr1,ASAP,split1,ChemRasayan,frozen_mix,frozen_mix,tanimoto_ge_0_80,56,11,0.19642857142857142,45,0.4517926765923375,0.47202547508151665,0.4468468814060938,-0.004945795186243718
asap_mdr1,ASAP,split1,ChemRasayan,frozen_mix,frozen_mix,tanimoto_ge_0_90,56,9,0.16071428571428573,47,0.4517926765923375,0.5021602066316843,0.4421478304145903,-0.00964484617774719
asap_mdr1,ASAP,split1,ChemRasayan,frozen_mix,frozen_mix,tanimoto_ge_0_95,56,9,0.16071428571428573,47,0.4517926765923375,0.5021602066316843,0.4421478304145903,-0.00964484617774719
asap_mdr1,ASAP,split1,ChemRasayan,validation_selected,lora_mix,standardized_exact,56,8,0.14285714285714285,48,0.41167370710955015,0.4796804435813232,0.40033925103092133,-0.011334456078628818
asap_mdr1,ASAP,split1,ChemRasayan,validation_selected,lora_mix,connectivity_inchikey,56,9,0.16071428571428573,47,0.41167370710955015,0.4511180604787641,0.40412053306012624,-0.007553174049423905
asap_mdr1,ASAP,split1,ChemRasayan,validation_selected,lora_mix,tanimoto_ge_0_70,56,14,0.25,42,0.41167370710955015,0.42010746900226786,0.40886245314531094,-0.002811253964239202
asap_mdr1,ASAP,split1,ChemRasayan,validation_selected,lora_mix,tanimoto_ge_0_80,56,11,0.19642857142857142,45,0.41167370710955015,0.42463751208997563,0.4085047770032239,-0.00316893010632624
asap_mdr1,ASAP,split1,ChemRasayan,validation_selected,lora_mix,tanimoto_ge_0_90,56,9,0.16071428571428573,47,0.41167370710955015,0.4511180604787641,0.40412053306012624,-0.007553174049423905
asap_mdr1,ASAP,split1,ChemRasayan,validation_selected,lora_mix,tanimoto_ge_0_95,56,9,0.16071428571428573,47,0.41167370710955015,0.4511180604787641,0.40412053306012624,-0.007553174049423905
asap_mdr1,ASAP,split2,ChemRasayan,full_mix,full_mix,standardized_exact,65,4,0.06153846153846154,61,0.32825574860795315,0.22704754088268073,0.3348923523932169,0.006636603785263762
asap_mdr1,ASAP,split2,ChemRasayan,full_mix,full_mix,connectivity_inchikey,65,4,0.06153846153846154,61,0.32825574860795315,0.22704754088268073,0.3348923523932169,0.006636603785263762
asap_mdr1,ASAP,split2,ChemRasayan,full_mix,full_mix,tanimoto_ge_0_70,65,13,0.2,52,0.32825574860795315,0.2370065214999104,0.35106805538496383,0.022812306777010682
asap_mdr1,ASAP,split2,ChemRasayan,full_mix,full_mix,tanimoto_ge_0_80,65,9,0.13846153846153847,56,0.32825574860795315,0.2494896285399033,0.3409145893331754,0.012658840725222276
asap_mdr1,ASAP,split2,ChemRasayan,full_mix,full_mix,tanimoto_ge_0_90,65,4,0.06153846153846154,61,0.32825574860795315,0.22704754088268073,0.3348923523932169,0.006636603785263762
asap_mdr1,ASAP,split2,ChemRasayan,full_mix,full_mix,tanimoto_ge_0_95,65,4,0.06153846153846154,61,0.32825574860795315,0.22704754088268073,0.3348923523932169,0.006636603785263762
asap_mdr1,ASAP,split2,ChemRasayan,lora_mix,lora_mix,standardized_exact,65,4,0.06153846153846154,61,0.27224529070206466,0.15164923173938835,0.28015322899469913,0.007907938292634475
asap_mdr1,ASAP,split2,ChemRasayan,lora_mix,lora_mix,connectivity_inchikey,65,4,0.06153846153846154,61,0.27224529070206466,0.15164923173938835,0.28015322899469913,0.007907938292634475
asap_mdr1,ASAP,split2,ChemRasayan,lora_mix,lora_mix,tanimoto_ge_0_70,65,13,0.2,52,0.27224529070206466,0.16470450084720634,0.2991304881657793,0.02688519746371465
asap_mdr1,ASAP,split2,ChemRasayan,lora_mix,lora_mix,tanimoto_ge_0_80,65,9,0.13846153846153847,56,0.27224529070206466,0.16365764040541758,0.28969687735688293,0.017451586654818274
asap_mdr1,ASAP,split2,ChemRasayan,lora_mix,lora_mix,tanimoto_ge_0_90,65,4,0.06153846153846154,61,0.27224529070206466,0.15164923173938835,0.28015322899469913,0.007907938292634475
asap_mdr1,ASAP,split2,ChemRasayan,lora_mix,lora_mix,tanimoto_ge_0_95,65,4,0.06153846153846154,61,0.27224529070206466,0.15164923173938835,0.28015322899469913,0.007907938292634475
asap_mdr1,ASAP,split2,ChemRasayan,frozen_mix,frozen_mix,standardized_exact,65,4,0.06153846153846154,61,0.2728614818918076,0.3275920699313744,0.2692725908728197,-0.0035888910189879053
asap_mdr1,ASAP,split2,ChemRasayan,frozen_mix,frozen_mix,connectivity_inchikey,65,4,0.06153846153846154,61,0.2728614818918076,0.3275920699313744,0.2692725908728197,-0.0035888910189879053
asap_mdr1,ASAP,split2,ChemRasayan,frozen_mix,frozen_mix,tanimoto_ge_0_70,65,13,0.2,52,0.2728614818918076,0.21801470729404762,0.2865731755412476,0.013711693649440027
asap_mdr1,ASAP,split2,ChemRasayan,frozen_mix,frozen_mix,tanimoto_ge_0_80,65,9,0.13846153846153847,56,0.2728614818918076,0.22543353539928024,0.28048383043524955,0.007622348543441959
asap_mdr1,ASAP,split2,ChemRasayan,frozen_mix,frozen_mix,tanimoto_ge_0_90,65,4,0.06153846153846154,61,0.2728614818918076,0.3275920699313744,0.2692725908728197,-0.0035888910189879053
asap_mdr1,ASAP,split2,ChemRasayan,frozen_mix,frozen_mix,tanimoto_ge_0_95,65,4,0.06153846153846154,61,0.2728614818918076,0.3275920699313744,0.2692725908728197,-0.0035888910189879053
asap_mdr1,ASAP,split2,ChemRasayan,validation_selected,full_mix,standardized_exact,65,4,0.06153846153846154,61,0.32825574860795315,0.22704754088268073,0.3348923523932169,0.006636603785263762
asap_mdr1,ASAP,split2,ChemRasayan,validation_selected,full_mix,connectivity_inchikey,65,4,0.06153846153846154,61,0.32825574860795315,0.22704754088268073,0.3348923523932169,0.006636603785263762
asap_mdr1,ASAP,split2,ChemRasayan,validation_selected,full_mix,tanimoto_ge_0_70,65,13,0.2,52,0.32825574860795315,0.2370065214999104,0.35106805538496383,0.022812306777010682
asap_mdr1,ASAP,split2,ChemRasayan,validation_selected,full_mix,tanimoto_ge_0_80,65,9,0.13846153846153847,56,0.32825574860795315,0.2494896285399033,0.3409145893331754,0.012658840725222276
asap_mdr1,ASAP,split2,ChemRasayan,validation_selected,full_mix,tanimoto_ge_0_90,65,4,0.06153846153846154,61,0.32825574860795315,0.22704754088268073,0.3348923523932169,0.006636603785263762
asap_mdr1,ASAP,split2,ChemRasayan,validation_selected,full_mix,tanimoto_ge_0_95,65,4,0.06153846153846154,61,0.32825574860795315,0.22704754088268073,0.3348923523932169,0.006636603785263762
asap_mdr1,ASAP,split3,ChemRasayan,full_mix,full_mix,standardized_exact,51,5,0.09803921568627451,46,0.28437956639644535,0.10364410454133077,0.3040247252937404,0.019645158897295067
asap_mdr1,ASAP,split3,ChemRasayan,full_mix,full_mix,connectivity_inchikey,51,5,0.09803921568627451,46,0.28437956639644535,0.10364410454133077,0.3040247252937404,0.019645158897295067
asap_mdr1,ASAP,split3,ChemRasayan,full_mix,full_mix,tanimoto_ge_0_70,51,5,0.09803921568627451,46,0.28437956639644535,0.10364410454133077,0.3040247252937404,0.019645158897295067
asap_mdr1,ASAP,split3,ChemRasayan,full_mix,full_mix,tanimoto_ge_0_80,51,5,0.09803921568627451,46,0.28437956639644535,0.10364410454133077,0.3040247252937404,0.019645158897295067
asap_mdr1,ASAP,split3,ChemRasayan,full_mix,full_mix,tanimoto_ge_0_90,51,5,0.09803921568627451,46,0.28437956639644535,0.10364410454133077,0.3040247252937404,0.019645158897295067
asap_mdr1,ASAP,split3,ChemRasayan,full_mix,full_mix,tanimoto_ge_0_95,51,5,0.09803921568627451,46,0.28437956639644535,0.10364410454133077,0.3040247252937404,0.019645158897295067
asap_mdr1,ASAP,split3,ChemRasayan,lora_mix,lora_mix,standardized_exact,51,5,0.09803921568627451,46,0.3158046880354286,0.17163498872616811,0.3314753075255657,0.015670619490137094
asap_mdr1,ASAP,split3,ChemRasayan,lora_mix,lora_mix,connectivity_inchikey,51,5,0.09803921568627451,46,0.3158046880354286,0.17163498872616811,0.3314753075255657,0.015670619490137094
asap_mdr1,ASAP,split3,ChemRasayan,lora_mix,lora_mix,tanimoto_ge_0_70,51,5,0.09803921568627451,46,0.3158046880354286,0.17163498872616811,0.3314753075255657,0.015670619490137094
asap_mdr1,ASAP,split3,ChemRasayan,lora_mix,lora_mix,tanimoto_ge_0_80,51,5,0.09803921568627451,46,0.3158046880354286,0.17163498872616811,0.3314753075255657,0.015670619490137094
asap_mdr1,ASAP,split3,ChemRasayan,lora_mix,lora_mix,tanimoto_ge_0_90,51,5,0.09803921568627451,46,0.3158046880354286,0.17163498872616811,0.3314753075255657,0.015670619490137094
asap_mdr1,ASAP,split3,ChemRasayan,lora_mix,lora_mix,tanimoto_ge_0_95,51,5,0.09803921568627451,46,0.3158046880354286,0.17163498872616811,0.3314753075255657,0.015670619490137094
asap_mdr1,ASAP,split3,ChemRasayan,frozen_mix,frozen_mix,standardized_exact,51,5,0.09803921568627451,46,0.313816090165201,0.2176071408591865,0.3242735846549852,0.01045749448978417
asap_mdr1,ASAP,split3,ChemRasayan,frozen_mix,frozen_mix,connectivity_inchikey,51,5,0.09803921568627451,46,0.313816090165201,0.2176071408591865,0.3242735846549852,0.01045749448978417
asap_mdr1,ASAP,split3,ChemRasayan,frozen_mix,frozen_mix,tanimoto_ge_0_70,51,5,0.09803921568627451,46,0.313816090165201,0.2176071408591865,0.3242735846549852,0.01045749448978417
asap_mdr1,ASAP,split3,ChemRasayan,frozen_mix,frozen_mix,tanimoto_ge_0_80,51,5,0.09803921568627451,46,0.313816090165201,0.2176071408591865,0.3242735846549852,0.01045749448978417
asap_mdr1,ASAP,split3,ChemRasayan,frozen_mix,frozen_mix,tanimoto_ge_0_90,51,5,0.09803921568627451,46,0.313816090165201,0.2176071408591865,0.3242735846549852,0.01045749448978417
asap_mdr1,ASAP,split3,ChemRasayan,frozen_mix,frozen_mix,tanimoto_ge_0_95,51,5,0.09803921568627451,46,0.313816090165201,0.2176071408591865,0.3242735846549852,0.01045749448978417
asap_mdr1,ASAP,split3,ChemRasayan,validation_selected,full_mix,standardized_exact,51,5,0.09803921568627451,46,0.28437956639644535,0.10364410454133077,0.3040247252937404,0.019645158897295067
asap_mdr1,ASAP,split3,ChemRasayan,validation_selected,full_mix,connectivity_inchikey,51,5,0.09803921568627451,46,0.28437956639644535,0.10364410454133077,0.3040247252937404,0.019645158897295067
asap_mdr1,ASAP,split3,ChemRasayan,validation_selected,full_mix,tanimoto_ge_0_70,51,5,0.09803921568627451,46,0.28437956639644535,0.10364410454133077,0.3040247252937404,0.019645158897295067
asap_mdr1,ASAP,split3,ChemRasayan,validation_selected,full_mix,tanimoto_ge_0_80,51,5,0.09803921568627451,46,0.28437956639644535,0.10364410454133077,0.3040247252937404,0.019645158897295067
asap_mdr1,ASAP,split3,ChemRasayan,validation_selected,full_mix,tanimoto_ge_0_90,51,5,0.09803921568627451,46,0.28437956639644535,0.10364410454133077,0.3040247252937404,0.019645158897295067
asap_mdr1,ASAP,split3,ChemRasayan,validation_selected,full_mix,tanimoto_ge_0_95,51,5,0.09803921568627451,46,0.28437956639644535,0.10364410454133077,0.3040247252937404,0.019645158897295067
asap_mers,ASAP,split1,ChemRasayan,full_mix,full_mix,standardized_exact,81,0,0.0,81,0.7113238242820457,,0.7113238242820457,0.0
asap_mers,ASAP,split1,ChemRasayan,full_mix,full_mix,connectivity_inchikey,81,0,0.0,81,0.7113238242820457,,0.7113238242820457,0.0
asap_mers,ASAP,split1,ChemRasayan,full_mix,full_mix,tanimoto_ge_0_70,81,0,0.0,81,0.7113238242820457,,0.7113238242820457,0.0
asap_mers,ASAP,split1,ChemRasayan,full_mix,full_mix,tanimoto_ge_0_80,81,0,0.0,81,0.7113238242820457,,0.7113238242820457,0.0
asap_mers,ASAP,split1,ChemRasayan,full_mix,full_mix,tanimoto_ge_0_90,81,0,0.0,81,0.7113238242820457,,0.7113238242820457,0.0
asap_mers,ASAP,split1,ChemRasayan,full_mix,full_mix,tanimoto_ge_0_95,81,0,0.0,81,0.7113238242820457,,0.7113238242820457,0.0
asap_mers,ASAP,split1,ChemRasayan,lora_mix,lora_mix,standardized_exact,81,0,0.0,81,0.7308429911107194,,0.7308429911107194,0.0
asap_mers,ASAP,split1,ChemRasayan,lora_mix,lora_mix,connectivity_inchikey,81,0,0.0,81,0.7308429911107194,,0.7308429911107194,0.0
asap_mers,ASAP,split1,ChemRasayan,lora_mix,lora_mix,tanimoto_ge_0_70,81,0,0.0,81,0.7308429911107194,,0.7308429911107194,0.0
asap_mers,ASAP,split1,ChemRasayan,lora_mix,lora_mix,tanimoto_ge_0_80,81,0,0.0,81,0.7308429911107194,,0.7308429911107194,0.0
asap_mers,ASAP,split1,ChemRasayan,lora_mix,lora_mix,tanimoto_ge_0_90,81,0,0.0,81,0.7308429911107194,,0.7308429911107194,0.0
asap_mers,ASAP,split1,ChemRasayan,lora_mix,lora_mix,tanimoto_ge_0_95,81,0,0.0,81,0.7308429911107194,,0.7308429911107194,0.0
asap_mers,ASAP,split1,ChemRasayan,frozen_mix,frozen_mix,standardized_exact,81,0,0.0,81,0.7268843389440466,,0.7268843389440466,0.0
asap_mers,ASAP,split1,ChemRasayan,frozen_mix,frozen_mix,connectivity_inchikey,81,0,0.0,81,0.7268843389440466,,0.7268843389440466,0.0
asap_mers,ASAP,split1,ChemRasayan,frozen_mix,frozen_mix,tanimoto_ge_0_70,81,0,0.0,81,0.7268843389440466,,0.7268843389440466,0.0
asap_mers,ASAP,split1,ChemRasayan,frozen_mix,frozen_mix,tanimoto_ge_0_80,81,0,0.0,81,0.7268843389440466,,0.7268843389440466,0.0
asap_mers,ASAP,split1,ChemRasayan,frozen_mix,frozen_mix,tanimoto_ge_0_90,81,0,0.0,81,0.7268843389440466,,0.7268843389440466,0.0
asap_mers,ASAP,split1,ChemRasayan,frozen_mix,frozen_mix,tanimoto_ge_0_95,81,0,0.0,81,0.7268843389440466,,0.7268843389440466,0.0
asap_mers,ASAP,split1,ChemRasayan,validation_selected,full_mix,standardized_exact,81,0,0.0,81,0.7113238242820457,,0.7113238242820457,0.0
asap_mers,ASAP,split1,ChemRasayan,validation_selected,full_mix,connectivity_inchikey,81,0,0.0,81,0.7113238242820457,,0.7113238242820457,0.0
asap_mers,ASAP,split1,ChemRasayan,validation_selected,full_mix,tanimoto_ge_0_70,81,0,0.0,81,0.7113238242820457,,0.7113238242820457,0.0
asap_mers,ASAP,split1,ChemRasayan,validation_selected,full_mix,tanimoto_ge_0_80,81,0,0.0,81,0.7113238242820457,,0.7113238242820457,0.0
asap_mers,ASAP,split1,ChemRasayan,validation_selected,full_mix,tanimoto_ge_0_90,81,0,0.0,81,0.7113238242820457,,0.7113238242820457,0.0
asap_mers,ASAP,split1,ChemRasayan,validation_selected,full_mix,tanimoto_ge_0_95,81,0,0.0,81,0.7113238242820457,,0.7113238242820457,0.0
asap_mers,ASAP,split2,ChemRasayan,full_mix,full_mix,standardized_exact,118,0,0.0,118,0.4770541304248875,,0.4770541304248875,0.0
asap_mers,ASAP,split2,ChemRasayan,full_mix,full_mix,connectivity_inchikey,118,0,0.0,118,0.4770541304248875,,0.4770541304248875,0.0
asap_mers,ASAP,split2,ChemRasayan,full_mix,full_mix,tanimoto_ge_0_70,118,2,0.01694915254237288,116,0.4770541304248875,0.9358766746520999,0.4691433969037285,-0.007910733521158952
asap_mers,ASAP,split2,ChemRasayan,full_mix,full_mix,tanimoto_ge_0_80,118,0,0.0,118,0.4770541304248875,,0.4770541304248875,0.0
asap_mers,ASAP,split2,ChemRasayan,full_mix,full_mix,tanimoto_ge_0_90,118,0,0.0,118,0.4770541304248875,,0.4770541304248875,0.0
asap_mers,ASAP,split2,ChemRasayan,full_mix,full_mix,tanimoto_ge_0_95,118,0,0.0,118,0.4770541304248875,,0.4770541304248875,0.0
asap_mers,ASAP,split2,ChemRasayan,lora_mix,lora_mix,standardized_exact,118,0,0.0,118,0.5040968327603098,,0.5040968327603098,0.0
asap_mers,ASAP,split2,ChemRasayan,lora_mix,lora_mix,connectivity_inchikey,118,0,0.0,118,0.5040968327603098,,0.5040968327603098,0.0
asap_mers,ASAP,split2,ChemRasayan,lora_mix,lora_mix,tanimoto_ge_0_70,118,2,0.01694915254237288,116,0.5040968327603098,1.2369037342071536,0.49146223101122627,-0.01263460174908354
asap_mers,ASAP,split2,ChemRasayan,lora_mix,lora_mix,tanimoto_ge_0_80,118,0,0.0,118,0.5040968327603098,,0.5040968327603098,0.0
asap_mers,ASAP,split2,ChemRasayan,lora_mix,lora_mix,tanimoto_ge_0_90,118,0,0.0,118,0.5040968327603098,,0.5040968327603098,0.0
asap_mers,ASAP,split2,ChemRasayan,lora_mix,lora_mix,tanimoto_ge_0_95,118,0,0.0,118,0.5040968327603098,,0.5040968327603098,0.0
asap_mers,ASAP,split2,ChemRasayan,frozen_mix,frozen_mix,standardized_exact,118,0,0.0,118,0.4861380093784656,,0.4861380093784656,0.0
asap_mers,ASAP,split2,ChemRasayan,frozen_mix,frozen_mix,connectivity_inchikey,118,0,0.0,118,0.4861380093784656,,0.4861380093784656,0.0
asap_mers,ASAP,split2,ChemRasayan,frozen_mix,frozen_mix,tanimoto_ge_0_70,118,2,0.01694915254237288,116,0.4861380093784656,1.3276751708984378,0.47162874797294885,-0.014509261405516727
asap_mers,ASAP,split2,ChemRasayan,frozen_mix,frozen_mix,tanimoto_ge_0_80,118,0,0.0,118,0.4861380093784656,,0.4861380093784656,0.0
asap_mers,ASAP,split2,ChemRasayan,frozen_mix,frozen_mix,tanimoto_ge_0_90,118,0,0.0,118,0.4861380093784656,,0.4861380093784656,0.0
asap_mers,ASAP,split2,ChemRasayan,frozen_mix,frozen_mix,tanimoto_ge_0_95,118,0,0.0,118,0.4861380093784656,,0.4861380093784656,0.0
asap_mers,ASAP,split2,ChemRasayan,validation_selected,full_mix,standardized_exact,118,0,0.0,118,0.4770541304248875,,0.4770541304248875,0.0
asap_mers,ASAP,split2,ChemRasayan,validation_selected,full_mix,connectivity_inchikey,118,0,0.0,118,0.4770541304248875,,0.4770541304248875,0.0
asap_mers,ASAP,split2,ChemRasayan,validation_selected,full_mix,tanimoto_ge_0_70,118,2,0.01694915254237288,116,0.4770541304248875,0.9358766746520999,0.4691433969037285,-0.007910733521158952
asap_mers,ASAP,split2,ChemRasayan,validation_selected,full_mix,tanimoto_ge_0_80,118,0,0.0,118,0.4770541304248875,,0.4770541304248875,0.0
asap_mers,ASAP,split2,ChemRasayan,validation_selected,full_mix,tanimoto_ge_0_90,118,0,0.0,118,0.4770541304248875,,0.4770541304248875,0.0
asap_mers,ASAP,split2,ChemRasayan,validation_selected,full_mix,tanimoto_ge_0_95,118,0,0.0,118,0.4770541304248875,,0.4770541304248875,0.0
asap_mers,ASAP,split3,ChemRasayan,full_mix,full_mix,standardized_exact,118,0,0.0,118,0.48233666258343194,,0.48233666258343194,0.0
asap_mers,ASAP,split3,ChemRasayan,full_mix,full_mix,connectivity_inchikey,118,0,0.0,118,0.48233666258343194,,0.48233666258343194,0.0
asap_mers,ASAP,split3,ChemRasayan,full_mix,full_mix,tanimoto_ge_0_70,118,0,0.0,118,0.48233666258343194,,0.48233666258343194,0.0
asap_mers,ASAP,split3,ChemRasayan,full_mix,full_mix,tanimoto_ge_0_80,118,0,0.0,118,0.48233666258343194,,0.48233666258343194,0.0
asap_mers,ASAP,split3,ChemRasayan,full_mix,full_mix,tanimoto_ge_0_90,118,0,0.0,118,0.48233666258343194,,0.48233666258343194,0.0
asap_mers,ASAP,split3,ChemRasayan,full_mix,full_mix,tanimoto_ge_0_95,118,0,0.0,118,0.48233666258343194,,0.48233666258343194,0.0
asap_mers,ASAP,split3,ChemRasayan,lora_mix,lora_mix,standardized_exact,118,0,0.0,118,0.4925815589549178,,0.4925815589549178,0.0
asap_mers,ASAP,split3,ChemRasayan,lora_mix,lora_mix,connectivity_inchikey,118,0,0.0,118,0.4925815589549178,,0.4925815589549178,0.0
asap_mers,ASAP,split3,ChemRasayan,lora_mix,lora_mix,tanimoto_ge_0_70,118,0,0.0,118,0.4925815589549178,,0.4925815589549178,0.0
asap_mers,ASAP,split3,ChemRasayan,lora_mix,lora_mix,tanimoto_ge_0_80,118,0,0.0,118,0.4925815589549178,,0.4925815589549178,0.0
asap_mers,ASAP,split3,ChemRasayan,lora_mix,lora_mix,tanimoto_ge_0_90,118,0,0.0,118,0.4925815589549178,,0.4925815589549178,0.0
asap_mers,ASAP,split3,ChemRasayan,lora_mix,lora_mix,tanimoto_ge_0_95,118,0,0.0,118,0.4925815589549178,,0.4925815589549178,0.0
asap_mers,ASAP,split3,ChemRasayan,frozen_mix,frozen_mix,standardized_exact,118,0,0.0,118,0.6135189130750751,,0.6135189130750751,0.0
asap_mers,ASAP,split3,ChemRasayan,frozen_mix,frozen_mix,connectivity_inchikey,118,0,0.0,118,0.6135189130750751,,0.6135189130750751,0.0
asap_mers,ASAP,split3,ChemRasayan,frozen_mix,frozen_mix,tanimoto_ge_0_70,118,0,0.0,118,0.6135189130750751,,0.6135189130750751,0.0
asap_mers,ASAP,split3,ChemRasayan,frozen_mix,frozen_mix,tanimoto_ge_0_80,118,0,0.0,118,0.6135189130750751,,0.6135189130750751,0.0
asap_mers,ASAP,split3,ChemRasayan,frozen_mix,frozen_mix,tanimoto_ge_0_90,118,0,0.0,118,0.6135189130750751,,0.6135189130750751,0.0
asap_mers,ASAP,split3,ChemRasayan,frozen_mix,frozen_mix,tanimoto_ge_0_95,118,0,0.0,118,0.6135189130750751,,0.6135189130750751,0.0
asap_mers,ASAP,split3,ChemRasayan,validation_selected,full_mix,standardized_exact,118,0,0.0,118,0.48233666258343194,,0.48233666258343194,0.0
asap_mers,ASAP,split3,ChemRasayan,validation_selected,full_mix,connectivity_inchikey,118,0,0.0,118,0.48233666258343194,,0.48233666258343194,0.0
asap_mers,ASAP,split3,ChemRasayan,validation_selected,full_mix,tanimoto_ge_0_70,118,0,0.0,118,0.48233666258343194,,0.48233666258343194,0.0
asap_mers,ASAP,split3,ChemRasayan,validation_selected,full_mix,tanimoto_ge_0_80,118,0,0.0,118,0.48233666258343194,,0.48233666258343194,0.0
asap_mers,ASAP,split3,ChemRasayan,validation_selected,full_mix,tanimoto_ge_0_90,118,0,0.0,118,0.48233666258343194,,0.48233666258343194,0.0
asap_mers,ASAP,split3,ChemRasayan,validation_selected,full_mix,tanimoto_ge_0_95,118,0,0.0,118,0.48233666258343194,,0.48233666258343194,0.0
asap_mlm,ASAP,split1,ChemRasayan,full_mix,full_mix,standardized_exact,62,1,0.016129032258064516,61,0.4752966319369298,0.6924331078420876,0.4717370175778289,-0.0035596143591009044
asap_mlm,ASAP,split1,ChemRasayan,full_mix,full_mix,connectivity_inchikey,62,1,0.016129032258064516,61,0.4752966319369298,0.6924331078420876,0.4717370175778289,-0.0035596143591009044
asap_mlm,ASAP,split1,ChemRasayan,full_mix,full_mix,tanimoto_ge_0_70,62,1,0.016129032258064516,61,0.4752966319369298,0.6924331078420876,0.4717370175778289,-0.0035596143591009044
asap_mlm,ASAP,split1,ChemRasayan,full_mix,full_mix,tanimoto_ge_0_80,62,1,0.016129032258064516,61,0.4752966319369298,0.6924331078420876,0.4717370175778289,-0.0035596143591009044
asap_mlm,ASAP,split1,ChemRasayan,full_mix,full_mix,tanimoto_ge_0_90,62,1,0.016129032258064516,61,0.4752966319369298,0.6924331078420876,0.4717370175778289,-0.0035596143591009044
asap_mlm,ASAP,split1,ChemRasayan,full_mix,full_mix,tanimoto_ge_0_95,62,1,0.016129032258064516,61,0.4752966319369298,0.6924331078420876,0.4717370175778289,-0.0035596143591009044
asap_mlm,ASAP,split1,ChemRasayan,lora_mix,lora_mix,standardized_exact,62,1,0.016129032258064516,61,0.4536703587575997,0.6038426051031349,0.4512085186535744,-0.0024618401040252813
asap_mlm,ASAP,split1,ChemRasayan,lora_mix,lora_mix,connectivity_inchikey,62,1,0.016129032258064516,61,0.4536703587575997,0.6038426051031349,0.4512085186535744,-0.0024618401040252813
asap_mlm,ASAP,split1,ChemRasayan,lora_mix,lora_mix,tanimoto_ge_0_70,62,1,0.016129032258064516,61,0.4536703587575997,0.6038426051031349,0.4512085186535744,-0.0024618401040252813
asap_mlm,ASAP,split1,ChemRasayan,lora_mix,lora_mix,tanimoto_ge_0_80,62,1,0.016129032258064516,61,0.4536703587575997,0.6038426051031349,0.4512085186535744,-0.0024618401040252813
asap_mlm,ASAP,split1,ChemRasayan,lora_mix,lora_mix,tanimoto_ge_0_90,62,1,0.016129032258064516,61,0.4536703587575997,0.6038426051031349,0.4512085186535744,-0.0024618401040252813
asap_mlm,ASAP,split1,ChemRasayan,lora_mix,lora_mix,tanimoto_ge_0_95,62,1,0.016129032258064516,61,0.4536703587575997,0.6038426051031349,0.4512085186535744,-0.0024618401040252813
asap_mlm,ASAP,split1,ChemRasayan,frozen_mix,frozen_mix,standardized_exact,62,1,0.016129032258064516,61,0.4868704975166073,0.48620354031431656,0.48688143124123495,1.0933724627626429e-05
asap_mlm,ASAP,split1,ChemRasayan,frozen_mix,frozen_mix,connectivity_inchikey,62,1,0.016129032258064516,61,0.4868704975166073,0.48620354031431656,0.48688143124123495,1.0933724627626429e-05
asap_mlm,ASAP,split1,ChemRasayan,frozen_mix,frozen_mix,tanimoto_ge_0_70,62,1,0.016129032258064516,61,0.4868704975166073,0.48620354031431656,0.48688143124123495,1.0933724627626429e-05
asap_mlm,ASAP,split1,ChemRasayan,frozen_mix,frozen_mix,tanimoto_ge_0_80,62,1,0.016129032258064516,61,0.4868704975166073,0.48620354031431656,0.48688143124123495,1.0933724627626429e-05
asap_mlm,ASAP,split1,ChemRasayan,frozen_mix,frozen_mix,tanimoto_ge_0_90,62,1,0.016129032258064516,61,0.4868704975166073,0.48620354031431656,0.48688143124123495,1.0933724627626429e-05
asap_mlm,ASAP,split1,ChemRasayan,frozen_mix,frozen_mix,tanimoto_ge_0_95,62,1,0.016129032258064516,61,0.4868704975166073,0.48620354031431656,0.48688143124123495,1.0933724627626429e-05
asap_mlm,ASAP,split1,ChemRasayan,validation_selected,frozen_mix,standardized_exact,62,1,0.016129032258064516,61,0.4868704975166073,0.48620354031431656,0.48688143124123495,1.0933724627626429e-05
asap_mlm,ASAP,split1,ChemRasayan,validation_selected,frozen_mix,connectivity_inchikey,62,1,0.016129032258064516,61,0.4868704975166073,0.48620354031431656,0.48688143124123495,1.0933724627626429e-05
asap_mlm,ASAP,split1,ChemRasayan,validation_selected,frozen_mix,tanimoto_ge_0_70,62,1,0.016129032258064516,61,0.4868704975166073,0.48620354031431656,0.48688143124123495,1.0933724627626429e-05
asap_mlm,ASAP,split1,ChemRasayan,validation_selected,frozen_mix,tanimoto_ge_0_80,62,1,0.016129032258064516,61,0.4868704975166073,0.48620354031431656,0.48688143124123495,1.0933724627626429e-05
asap_mlm,ASAP,split1,ChemRasayan,validation_selected,frozen_mix,tanimoto_ge_0_90,62,1,0.016129032258064516,61,0.4868704975166073,0.48620354031431656,0.48688143124123495,1.0933724627626429e-05
asap_mlm,ASAP,split1,ChemRasayan,validation_selected,frozen_mix,tanimoto_ge_0_95,62,1,0.016129032258064516,61,0.4868704975166073,0.48620354031431656,0.48688143124123495,1.0933724627626429e-05
asap_mlm,ASAP,split2,ChemRasayan,full_mix,full_mix,standardized_exact,51,3,0.058823529411764705,48,0.5593008676486928,0.7160895254126557,0.5495015765384451,-0.009799291110247688
asap_mlm,ASAP,split2,ChemRasayan,full_mix,full_mix,connectivity_inchikey,51,3,0.058823529411764705,48,0.5593008676486928,0.7160895254126557,0.5495015765384451,-0.009799291110247688
asap_mlm,ASAP,split2,ChemRasayan,full_mix,full_mix,tanimoto_ge_0_70,51,3,0.058823529411764705,48,0.5593008676486928,0.7160895254126557,0.5495015765384451,-0.009799291110247688
asap_mlm,ASAP,split2,ChemRasayan,full_mix,full_mix,tanimoto_ge_0_80,51,3,0.058823529411764705,48,0.5593008676486928,0.7160895254126557,0.5495015765384451,-0.009799291110247688
asap_mlm,ASAP,split2,ChemRasayan,full_mix,full_mix,tanimoto_ge_0_90,51,3,0.058823529411764705,48,0.5593008676486928,0.7160895254126557,0.5495015765384451,-0.009799291110247688
asap_mlm,ASAP,split2,ChemRasayan,full_mix,full_mix,tanimoto_ge_0_95,51,3,0.058823529411764705,48,0.5593008676486928,0.7160895254126557,0.5495015765384451,-0.009799291110247688
asap_mlm,ASAP,split2,ChemRasayan,lora_mix,lora_mix,standardized_exact,51,3,0.058823529411764705,48,0.5276239872773951,0.6592605497351655,0.5193967021237845,-0.008227285153610597
asap_mlm,ASAP,split2,ChemRasayan,lora_mix,lora_mix,connectivity_inchikey,51,3,0.058823529411764705,48,0.5276239872773951,0.6592605497351655,0.5193967021237845,-0.008227285153610597
asap_mlm,ASAP,split2,ChemRasayan,lora_mix,lora_mix,tanimoto_ge_0_70,51,3,0.058823529411764705,48,0.5276239872773951,0.6592605497351655,0.5193967021237845,-0.008227285153610597
asap_mlm,ASAP,split2,ChemRasayan,lora_mix,lora_mix,tanimoto_ge_0_80,51,3,0.058823529411764705,48,0.5276239872773951,0.6592605497351655,0.5193967021237845,-0.008227285153610597
asap_mlm,ASAP,split2,ChemRasayan,lora_mix,lora_mix,tanimoto_ge_0_90,51,3,0.058823529411764705,48,0.5276239872773951,0.6592605497351655,0.5193967021237845,-0.008227285153610597
asap_mlm,ASAP,split2,ChemRasayan,lora_mix,lora_mix,tanimoto_ge_0_95,51,3,0.058823529411764705,48,0.5276239872773951,0.6592605497351655,0.5193967021237845,-0.008227285153610597
asap_mlm,ASAP,split2,ChemRasayan,frozen_mix,frozen_mix,standardized_exact,51,3,0.058823529411764705,48,0.40873588238352915,0.4420393294007945,0.40665441694495,-0.002081465438579122
asap_mlm,ASAP,split2,ChemRasayan,frozen_mix,frozen_mix,connectivity_inchikey,51,3,0.058823529411764705,48,0.40873588238352915,0.4420393294007945,0.40665441694495,-0.002081465438579122
asap_mlm,ASAP,split2,ChemRasayan,frozen_mix,frozen_mix,tanimoto_ge_0_70,51,3,0.058823529411764705,48,0.40873588238352915,0.4420393294007945,0.40665441694495,-0.002081465438579122
asap_mlm,ASAP,split2,ChemRasayan,frozen_mix,frozen_mix,tanimoto_ge_0_80,51,3,0.058823529411764705,48,0.40873588238352915,0.4420393294007945,0.40665441694495,-0.002081465438579122
asap_mlm,ASAP,split2,ChemRasayan,frozen_mix,frozen_mix,tanimoto_ge_0_90,51,3,0.058823529411764705,48,0.40873588238352915,0.4420393294007945,0.40665441694495,-0.002081465438579122
asap_mlm,ASAP,split2,ChemRasayan,frozen_mix,frozen_mix,tanimoto_ge_0_95,51,3,0.058823529411764705,48,0.40873588238352915,0.4420393294007945,0.40665441694495,-0.002081465438579122
asap_mlm,ASAP,split2,ChemRasayan,validation_selected,frozen_mix,standardized_exact,51,3,0.058823529411764705,48,0.40873588238352915,0.4420393294007945,0.40665441694495,-0.002081465438579122
asap_mlm,ASAP,split2,ChemRasayan,validation_selected,frozen_mix,connectivity_inchikey,51,3,0.058823529411764705,48,0.40873588238352915,0.4420393294007945,0.40665441694495,-0.002081465438579122
asap_mlm,ASAP,split2,ChemRasayan,validation_selected,frozen_mix,tanimoto_ge_0_70,51,3,0.058823529411764705,48,0.40873588238352915,0.4420393294007945,0.40665441694495,-0.002081465438579122
asap_mlm,ASAP,split2,ChemRasayan,validation_selected,frozen_mix,tanimoto_ge_0_80,51,3,0.058823529411764705,48,0.40873588238352915,0.4420393294007945,0.40665441694495,-0.002081465438579122
asap_mlm,ASAP,split2,ChemRasayan,validation_selected,frozen_mix,tanimoto_ge_0_90,51,3,0.058823529411764705,48,0.40873588238352915,0.4420393294007945,0.40665441694495,-0.002081465438579122
asap_mlm,ASAP,split2,ChemRasayan,validation_selected,frozen_mix,tanimoto_ge_0_95,51,3,0.058823529411764705,48,0.40873588238352915,0.4420393294007945,0.40665441694495,-0.002081465438579122
asap_mlm,ASAP,split3,ChemRasayan,full_mix,full_mix,standardized_exact,70,5,0.07142857142857142,65,0.4393866166190023,0.30010797739088224,0.4501003580980885,0.010713741479086214
asap_mlm,ASAP,split3,ChemRasayan,full_mix,full_mix,connectivity_inchikey,70,5,0.07142857142857142,65,0.4393866166190023,0.30010797739088224,0.4501003580980885,0.010713741479086214
asap_mlm,ASAP,split3,ChemRasayan,full_mix,full_mix,tanimoto_ge_0_70,70,6,0.08571428571428572,64,0.4393866166190023,0.30610504877032263,0.451881763604816,0.012495146985813721
asap_mlm,ASAP,split3,ChemRasayan,full_mix,full_mix,tanimoto_ge_0_80,70,6,0.08571428571428572,64,0.4393866166190023,0.30610504877032263,0.451881763604816,0.012495146985813721
asap_mlm,ASAP,split3,ChemRasayan,full_mix,full_mix,tanimoto_ge_0_90,70,5,0.07142857142857142,65,0.4393866166190023,0.30010797739088224,0.4501003580980885,0.010713741479086214
asap_mlm,ASAP,split3,ChemRasayan,full_mix,full_mix,tanimoto_ge_0_95,70,5,0.07142857142857142,65,0.4393866166190023,0.30010797739088224,0.4501003580980885,0.010713741479086214
asap_mlm,ASAP,split3,ChemRasayan,lora_mix,lora_mix,standardized_exact,70,5,0.07142857142857142,65,0.4495405503559777,0.3301539038498983,0.45872413854875305,0.009183588192775372
asap_mlm,ASAP,split3,ChemRasayan,lora_mix,lora_mix,connectivity_inchikey,70,5,0.07142857142857142,65,0.4495405503559777,0.3301539038498983,0.45872413854875305,0.009183588192775372
asap_mlm,ASAP,split3,ChemRasayan,lora_mix,lora_mix,tanimoto_ge_0_70,70,6,0.08571428571428572,64,0.4495405503559777,0.44432139517939645,0.45002984615378216,0.0004892957978044898
asap_mlm,ASAP,split3,ChemRasayan,lora_mix,lora_mix,tanimoto_ge_0_80,70,6,0.08571428571428572,64,0.4495405503559777,0.44432139517939645,0.45002984615378216,0.0004892957978044898
asap_mlm,ASAP,split3,ChemRasayan,lora_mix,lora_mix,tanimoto_ge_0_90,70,5,0.07142857142857142,65,0.4495405503559777,0.3301539038498983,0.45872413854875305,0.009183588192775372
asap_mlm,ASAP,split3,ChemRasayan,lora_mix,lora_mix,tanimoto_ge_0_95,70,5,0.07142857142857142,65,0.4495405503559777,0.3301539038498983,0.45872413854875305,0.009183588192775372
asap_mlm,ASAP,split3,ChemRasayan,frozen_mix,frozen_mix,standardized_exact,70,5,0.07142857142857142,65,0.40369710031640993,0.23510452353503228,0.41666576006882355,0.012968659752413625
asap_mlm,ASAP,split3,ChemRasayan,frozen_mix,frozen_mix,connectivity_inchikey,70,5,0.07142857142857142,65,0.40369710031640993,0.23510452353503228,0.41666576006882355,0.012968659752413625
asap_mlm,ASAP,split3,ChemRasayan,frozen_mix,frozen_mix,tanimoto_ge_0_70,70,6,0.08571428571428572,64,0.40369710031640993,0.24011044242193222,0.41903334949401716,0.01533624917760723
asap_mlm,ASAP,split3,ChemRasayan,frozen_mix,frozen_mix,tanimoto_ge_0_80,70,6,0.08571428571428572,64,0.40369710031640993,0.24011044242193222,0.41903334949401716,0.01533624917760723
asap_mlm,ASAP,split3,ChemRasayan,frozen_mix,frozen_mix,tanimoto_ge_0_90,70,5,0.07142857142857142,65,0.40369710031640993,0.23510452353503228,0.41666576006882355,0.012968659752413625
asap_mlm,ASAP,split3,ChemRasayan,frozen_mix,frozen_mix,tanimoto_ge_0_95,70,5,0.07142857142857142,65,0.40369710031640993,0.23510452353503228,0.41666576006882355,0.012968659752413625
asap_mlm,ASAP,split3,ChemRasayan,validation_selected,frozen_mix,standardized_exact,70,5,0.07142857142857142,65,0.40369710031640993,0.23510452353503228,0.41666576006882355,0.012968659752413625
asap_mlm,ASAP,split3,ChemRasayan,validation_selected,frozen_mix,connectivity_inchikey,70,5,0.07142857142857142,65,0.40369710031640993,0.23510452353503228,0.41666576006882355,0.012968659752413625
asap_mlm,ASAP,split3,ChemRasayan,validation_selected,frozen_mix,tanimoto_ge_0_70,70,6,0.08571428571428572,64,0.40369710031640993,0.24011044242193222,0.41903334949401716,0.01533624917760723
asap_mlm,ASAP,split3,ChemRasayan,validation_selected,frozen_mix,tanimoto_ge_0_80,70,6,0.08571428571428572,64,0.40369710031640993,0.24011044242193222,0.41903334949401716,0.01533624917760723
asap_mlm,ASAP,split3,ChemRasayan,validation_selected,frozen_mix,tanimoto_ge_0_90,70,5,0.07142857142857142,65,0.40369710031640993,0.23510452353503228,0.41666576006882355,0.012968659752413625
asap_mlm,ASAP,split3,ChemRasayan,validation_selected,frozen_mix,tanimoto_ge_0_95,70,5,0.07142857142857142,65,0.40369710031640993,0.23510452353503228,0.41666576006882355,0.012968659752413625
asap_sars,ASAP,split1,ChemRasayan,full_mix,full_mix,standardized_exact,69,0,0.0,69,0.5784779827836631,,0.5784779827836631,0.0
asap_sars,ASAP,split1,ChemRasayan,full_mix,full_mix,connectivity_inchikey,69,1,0.014492753623188406,68,0.5784779827836631,1.2865028190612797,0.568065852838404,-0.010412129945259085
asap_sars,ASAP,split1,ChemRasayan,full_mix,full_mix,tanimoto_ge_0_70,69,1,0.014492753623188406,68,0.5784779827836631,1.2865028190612797,0.568065852838404,-0.010412129945259085
asap_sars,ASAP,split1,ChemRasayan,full_mix,full_mix,tanimoto_ge_0_80,69,1,0.014492753623188406,68,0.5784779827836631,1.2865028190612797,0.568065852838404,-0.010412129945259085
asap_sars,ASAP,split1,ChemRasayan,full_mix,full_mix,tanimoto_ge_0_90,69,1,0.014492753623188406,68,0.5784779827836631,1.2865028190612797,0.568065852838404,-0.010412129945259085
asap_sars,ASAP,split1,ChemRasayan,full_mix,full_mix,tanimoto_ge_0_95,69,1,0.014492753623188406,68,0.5784779827836631,1.2865028190612797,0.568065852838404,-0.010412129945259085
asap_sars,ASAP,split1,ChemRasayan,lora_mix,lora_mix,standardized_exact,69,0,0.0,69,0.5857970649608669,,0.5857970649608669,0.0
asap_sars,ASAP,split1,ChemRasayan,lora_mix,lora_mix,connectivity_inchikey,69,1,0.014492753623188406,68,0.5857970649608669,0.8491358566284184,0.5819244356716382,-0.003872629289228713
asap_sars,ASAP,split1,ChemRasayan,lora_mix,lora_mix,tanimoto_ge_0_70,69,1,0.014492753623188406,68,0.5857970649608669,0.8491358566284184,0.5819244356716382,-0.003872629289228713
asap_sars,ASAP,split1,ChemRasayan,lora_mix,lora_mix,tanimoto_ge_0_80,69,1,0.014492753623188406,68,0.5857970649608669,0.8491358566284184,0.5819244356716382,-0.003872629289228713
asap_sars,ASAP,split1,ChemRasayan,lora_mix,lora_mix,tanimoto_ge_0_90,69,1,0.014492753623188406,68,0.5857970649608669,0.8491358566284184,0.5819244356716382,-0.003872629289228713
asap_sars,ASAP,split1,ChemRasayan,lora_mix,lora_mix,tanimoto_ge_0_95,69,1,0.014492753623188406,68,0.5857970649608669,0.8491358566284184,0.5819244356716382,-0.003872629289228713
asap_sars,ASAP,split1,ChemRasayan,frozen_mix,frozen_mix,standardized_exact,69,0,0.0,69,0.5816211541493735,,0.5816211541493735,0.0
asap_sars,ASAP,split1,ChemRasayan,frozen_mix,frozen_mix,connectivity_inchikey,69,1,0.014492753623188406,68,0.5816211541493735,0.43434904098510785,0.5837869205194361,0.002165766370062605
asap_sars,ASAP,split1,ChemRasayan,frozen_mix,frozen_mix,tanimoto_ge_0_70,69,1,0.014492753623188406,68,0.5816211541493735,0.43434904098510785,0.5837869205194361,0.002165766370062605
asap_sars,ASAP,split1,ChemRasayan,frozen_mix,frozen_mix,tanimoto_ge_0_80,69,1,0.014492753623188406,68,0.5816211541493735,0.43434904098510785,0.5837869205194361,0.002165766370062605
asap_sars,ASAP,split1,ChemRasayan,frozen_mix,frozen_mix,tanimoto_ge_0_90,69,1,0.014492753623188406,68,0.5816211541493735,0.43434904098510785,0.5837869205194361,0.002165766370062605
asap_sars,ASAP,split1,ChemRasayan,frozen_mix,frozen_mix,tanimoto_ge_0_95,69,1,0.014492753623188406,68,0.5816211541493735,0.43434904098510785,0.5837869205194361,0.002165766370062605
asap_sars,ASAP,split1,ChemRasayan,validation_selected,full_mix,standardized_exact,69,0,0.0,69,0.5784779827836631,,0.5784779827836631,0.0
asap_sars,ASAP,split1,ChemRasayan,validation_selected,full_mix,connectivity_inchikey,69,1,0.014492753623188406,68,0.5784779827836631,1.2865028190612797,0.568065852838404,-0.010412129945259085
asap_sars,ASAP,split1,ChemRasayan,validation_selected,full_mix,tanimoto_ge_0_70,69,1,0.014492753623188406,68,0.5784779827836631,1.2865028190612797,0.568065852838404,-0.010412129945259085
asap_sars,ASAP,split1,ChemRasayan,validation_selected,full_mix,tanimoto_ge_0_80,69,1,0.014492753623188406,68,0.5784779827836631,1.2865028190612797,0.568065852838404,-0.010412129945259085
asap_sars,ASAP,split1,ChemRasayan,validation_selected,full_mix,tanimoto_ge_0_90,69,1,0.014492753623188406,68,0.5784779827836631,1.2865028190612797,0.568065852838404,-0.010412129945259085
asap_sars,ASAP,split1,ChemRasayan,validation_selected,full_mix,tanimoto_ge_0_95,69,1,0.014492753623188406,68,0.5784779827836631,1.2865028190612797,0.568065852838404,-0.010412129945259085
asap_sars,ASAP,split2,ChemRasayan,full_mix,full_mix,standardized_exact,116,0,0.0,116,0.5855135679244994,,0.5855135679244994,0.0
asap_sars,ASAP,split2,ChemRasayan,full_mix,full_mix,connectivity_inchikey,116,0,0.0,116,0.5855135679244994,,0.5855135679244994,0.0
asap_sars,ASAP,split2,ChemRasayan,full_mix,full_mix,tanimoto_ge_0_70,116,1,0.008620689655172414,115,0.5855135679244994,0.930145397186279,0.5825167694091796,-0.002996798515319754
asap_sars,ASAP,split2,ChemRasayan,full_mix,full_mix,tanimoto_ge_0_80,116,0,0.0,116,0.5855135679244994,,0.5855135679244994,0.0
asap_sars,ASAP,split2,ChemRasayan,full_mix,full_mix,tanimoto_ge_0_90,116,0,0.0,116,0.5855135679244994,,0.5855135679244994,0.0
asap_sars,ASAP,split2,ChemRasayan,full_mix,full_mix,tanimoto_ge_0_95,116,0,0.0,116,0.5855135679244994,,0.5855135679244994,0.0
asap_sars,ASAP,split2,ChemRasayan,lora_mix,lora_mix,standardized_exact,116,0,0.0,116,0.5493238919356773,,0.5493238919356773,0.0
asap_sars,ASAP,split2,ChemRasayan,lora_mix,lora_mix,connectivity_inchikey,116,0,0.0,116,0.5493238919356773,,0.5493238919356773,0.0
asap_sars,ASAP,split2,ChemRasayan,lora_mix,lora_mix,tanimoto_ge_0_70,116,1,0.008620689655172414,115,0.5493238919356773,0.9229718589782712,0.5460747791787852,-0.003249112756892103
asap_sars,ASAP,split2,ChemRasayan,lora_mix,lora_mix,tanimoto_ge_0_80,116,0,0.0,116,0.5493238919356773,,0.5493238919356773,0.0
asap_sars,ASAP,split2,ChemRasayan,lora_mix,lora_mix,tanimoto_ge_0_90,116,0,0.0,116,0.5493238919356773,,0.5493238919356773,0.0
asap_sars,ASAP,split2,ChemRasayan,lora_mix,lora_mix,tanimoto_ge_0_95,116,0,0.0,116,0.5493238919356773,,0.5493238919356773,0.0
asap_sars,ASAP,split2,ChemRasayan,frozen_mix,frozen_mix,standardized_exact,116,0,0.0,116,0.5946593258298676,,0.5946593258298676,0.0
asap_sars,ASAP,split2,ChemRasayan,frozen_mix,frozen_mix,connectivity_inchikey,116,0,0.0,116,0.5946593258298676,,0.5946593258298676,0.0
asap_sars,ASAP,split2,ChemRasayan,frozen_mix,frozen_mix,tanimoto_ge_0_70,116,1,0.008620689655172414,115,0.5946593258298676,1.7218853378295895,0.584857360508131,-0.009801965321736605
asap_sars,ASAP,split2,ChemRasayan,frozen_mix,frozen_mix,tanimoto_ge_0_80,116,0,0.0,116,0.5946593258298676,,0.5946593258298676,0.0
asap_sars,ASAP,split2,ChemRasayan,frozen_mix,frozen_mix,tanimoto_ge_0_90,116,0,0.0,116,0.5946593258298676,,0.5946593258298676,0.0
asap_sars,ASAP,split2,ChemRasayan,frozen_mix,frozen_mix,tanimoto_ge_0_95,116,0,0.0,116,0.5946593258298676,,0.5946593258298676,0.0
asap_sars,ASAP,split2,ChemRasayan,validation_selected,full_mix,standardized_exact,116,0,0.0,116,0.5855135679244994,,0.5855135679244994,0.0
asap_sars,ASAP,split2,ChemRasayan,validation_selected,full_mix,connectivity_inchikey,116,0,0.0,116,0.5855135679244994,,0.5855135679244994,0.0
asap_sars,ASAP,split2,ChemRasayan,validation_selected,full_mix,tanimoto_ge_0_70,116,1,0.008620689655172414,115,0.5855135679244994,0.930145397186279,0.5825167694091796,-0.002996798515319754
asap_sars,ASAP,split2,ChemRasayan,validation_selected,full_mix,tanimoto_ge_0_80,116,0,0.0,116,0.5855135679244994,,0.5855135679244994,0.0
asap_sars,ASAP,split2,ChemRasayan,validation_selected,full_mix,tanimoto_ge_0_90,116,0,0.0,116,0.5855135679244994,,0.5855135679244994,0.0
asap_sars,ASAP,split2,ChemRasayan,validation_selected,full_mix,tanimoto_ge_0_95,116,0,0.0,116,0.5855135679244994,,0.5855135679244994,0.0
asap_sars,ASAP,split3,ChemRasayan,full_mix,full_mix,standardized_exact,50,0,0.0,50,0.6883088039398194,,0.6883088039398194,0.0
asap_sars,ASAP,split3,ChemRasayan,full_mix,full_mix,connectivity_inchikey,50,0,0.0,50,0.6883088039398194,,0.6883088039398194,0.0
asap_sars,ASAP,split3,ChemRasayan,full_mix,full_mix,tanimoto_ge_0_70,50,0,0.0,50,0.6883088039398194,,0.6883088039398194,0.0
asap_sars,ASAP,split3,ChemRasayan,full_mix,full_mix,tanimoto_ge_0_80,50,0,0.0,50,0.6883088039398194,,0.6883088039398194,0.0
asap_sars,ASAP,split3,ChemRasayan,full_mix,full_mix,tanimoto_ge_0_90,50,0,0.0,50,0.6883088039398194,,0.6883088039398194,0.0
asap_sars,ASAP,split3,ChemRasayan,full_mix,full_mix,tanimoto_ge_0_95,50,0,0.0,50,0.6883088039398194,,0.6883088039398194,0.0
asap_sars,ASAP,split3,ChemRasayan,lora_mix,lora_mix,standardized_exact,50,0,0.0,50,0.7569527156829835,,0.7569527156829835,0.0
asap_sars,ASAP,split3,ChemRasayan,lora_mix,lora_mix,connectivity_inchikey,50,0,0.0,50,0.7569527156829835,,0.7569527156829835,0.0
asap_sars,ASAP,split3,ChemRasayan,lora_mix,lora_mix,tanimoto_ge_0_70,50,0,0.0,50,0.7569527156829835,,0.7569527156829835,0.0
asap_sars,ASAP,split3,ChemRasayan,lora_mix,lora_mix,tanimoto_ge_0_80,50,0,0.0,50,0.7569527156829835,,0.7569527156829835,0.0
asap_sars,ASAP,split3,ChemRasayan,lora_mix,lora_mix,tanimoto_ge_0_90,50,0,0.0,50,0.7569527156829835,,0.7569527156829835,0.0
asap_sars,ASAP,split3,ChemRasayan,lora_mix,lora_mix,tanimoto_ge_0_95,50,0,0.0,50,0.7569527156829835,,0.7569527156829835,0.0
asap_sars,ASAP,split3,ChemRasayan,frozen_mix,frozen_mix,standardized_exact,50,0,0.0,50,0.6556130443573,,0.6556130443573,0.0
asap_sars,ASAP,split3,ChemRasayan,frozen_mix,frozen_mix,connectivity_inchikey,50,0,0.0,50,0.6556130443573,,0.6556130443573,0.0
asap_sars,ASAP,split3,ChemRasayan,frozen_mix,frozen_mix,tanimoto_ge_0_70,50,0,0.0,50,0.6556130443573,,0.6556130443573,0.0
asap_sars,ASAP,split3,ChemRasayan,frozen_mix,frozen_mix,tanimoto_ge_0_80,50,0,0.0,50,0.6556130443573,,0.6556130443573,0.0
asap_sars,ASAP,split3,ChemRasayan,frozen_mix,frozen_mix,tanimoto_ge_0_90,50,0,0.0,50,0.6556130443573,,0.6556130443573,0.0
asap_sars,ASAP,split3,ChemRasayan,frozen_mix,frozen_mix,tanimoto_ge_0_95,50,0,0.0,50,0.6556130443573,,0.6556130443573,0.0
asap_sars,ASAP,split3,ChemRasayan,validation_selected,lora_mix,standardized_exact,50,0,0.0,50,0.7569527156829835,,0.7569527156829835,0.0
asap_sars,ASAP,split3,ChemRasayan,validation_selected,lora_mix,connectivity_inchikey,50,0,0.0,50,0.7569527156829835,,0.7569527156829835,0.0
asap_sars,ASAP,split3,ChemRasayan,validation_selected,lora_mix,tanimoto_ge_0_70,50,0,0.0,50,0.7569527156829835,,0.7569527156829835,0.0
asap_sars,ASAP,split3,ChemRasayan,validation_selected,lora_mix,tanimoto_ge_0_80,50,0,0.0,50,0.7569527156829835,,0.7569527156829835,0.0
asap_sars,ASAP,split3,ChemRasayan,validation_selected,lora_mix,tanimoto_ge_0_90,50,0,0.0,50,0.7569527156829835,,0.7569527156829835,0.0
asap_sars,ASAP,split3,ChemRasayan,validation_selected,lora_mix,tanimoto_ge_0_95,50,0,0.0,50,0.7569527156829835,,0.7569527156829835,0.0
biogen_hlm,Biogen ADME,split1,ChemRasayan,full_mix,full_mix,standardized_exact,104,9,0.08653846153846154,95,0.33696175680157914,0.4293399123535665,0.32821014206507504,-0.008751614736504099
biogen_hlm,Biogen ADME,split1,ChemRasayan,full_mix,full_mix,connectivity_inchikey,104,10,0.09615384615384616,94,0.33696175680157914,0.4440403832980316,0.3255704135572756,-0.01139134324430352
biogen_hlm,Biogen ADME,split1,ChemRasayan,full_mix,full_mix,tanimoto_ge_0_70,104,19,0.18269230769230768,85,0.33696175680157914,0.40161681354992357,0.322509449999008,-0.014452306802571147
biogen_hlm,Biogen ADME,split1,ChemRasayan,full_mix,full_mix,tanimoto_ge_0_80,104,12,0.11538461538461539,92,0.33696175680157914,0.39206353814486183,0.3297745679307162,-0.007187188870862948
biogen_hlm,Biogen ADME,split1,ChemRasayan,full_mix,full_mix,tanimoto_ge_0_90,104,10,0.09615384615384616,94,0.33696175680157914,0.4440403832980316,0.3255704135572756,-0.01139134324430352
biogen_hlm,Biogen ADME,split1,ChemRasayan,full_mix,full_mix,tanimoto_ge_0_95,104,10,0.09615384615384616,94,0.33696175680157914,0.4440403832980316,0.3255704135572756,-0.01139134324430352
biogen_hlm,Biogen ADME,split1,ChemRasayan,lora_mix,lora_mix,standardized_exact,104,9,0.08653846153846154,95,0.3445376393918043,0.4238009784039951,0.3370284809590704,-0.00750915843273392
biogen_hlm,Biogen ADME,split1,ChemRasayan,lora_mix,lora_mix,connectivity_inchikey,104,10,0.09615384615384616,94,0.3445376393918043,0.42925941474201357,0.335524684567314,-0.009012954824490327
biogen_hlm,Biogen ADME,split1,ChemRasayan,lora_mix,lora_mix,tanimoto_ge_0_70,104,19,0.18269230769230768,85,0.3445376393918043,0.39594571073878804,0.33304642344365504,-0.01149121594814928
biogen_hlm,Biogen ADME,split1,ChemRasayan,lora_mix,lora_mix,tanimoto_ge_0_80,104,12,0.11538461538461539,92,0.3445376393918043,0.3771149191388245,0.3402884289900191,-0.0042492104017852195
biogen_hlm,Biogen ADME,split1,ChemRasayan,lora_mix,lora_mix,tanimoto_ge_0_90,104,10,0.09615384615384616,94,0.3445376393918043,0.42925941474201357,0.335524684567314,-0.009012954824490327
biogen_hlm,Biogen ADME,split1,ChemRasayan,lora_mix,lora_mix,tanimoto_ge_0_95,104,10,0.09615384615384616,94,0.3445376393918043,0.42925941474201357,0.335524684567314,-0.009012954824490327
biogen_hlm,Biogen ADME,split1,ChemRasayan,frozen_mix,frozen_mix,standardized_exact,104,9,0.08653846153846154,95,0.3549728387367347,0.31868608532697895,0.35841053116502736,0.0034376924282926713
biogen_hlm,Biogen ADME,split1,ChemRasayan,frozen_mix,frozen_mix,connectivity_inchikey,104,10,0.09615384615384616,94,0.3549728387367347,0.2891830766032898,0.36197174960199474,0.006998910865260055
biogen_hlm,Biogen ADME,split1,ChemRasayan,frozen_mix,frozen_mix,tanimoto_ge_0_70,104,19,0.18269230769230768,85,0.3549728387367347,0.32500765840088053,0.3616709378706315,0.0066980991338967955
biogen_hlm,Biogen ADME,split1,ChemRasayan,frozen_mix,frozen_mix,tanimoto_ge_0_80,104,12,0.11538461538461539,92,0.3549728387367347,0.2726959849864985,0.3657046022693741,0.010731763532639438
biogen_hlm,Biogen ADME,split1,ChemRasayan,frozen_mix,frozen_mix,tanimoto_ge_0_90,104,10,0.09615384615384616,94,0.3549728387367347,0.2891830766032898,0.36197174960199474,0.006998910865260055
biogen_hlm,Biogen ADME,split1,ChemRasayan,frozen_mix,frozen_mix,tanimoto_ge_0_95,104,10,0.09615384615384616,94,0.3549728387367347,0.2891830766032898,0.36197174960199474,0.006998910865260055
biogen_hlm,Biogen ADME,split1,ChemRasayan,validation_selected,lora_mix,standardized_exact,104,9,0.08653846153846154,95,0.3445376393918043,0.4238009784039951,0.3370284809590704,-0.00750915843273392
biogen_hlm,Biogen ADME,split1,ChemRasayan,validation_selected,lora_mix,connectivity_inchikey,104,10,0.09615384615384616,94,0.3445376393918043,0.42925941474201357,0.335524684567314,-0.009012954824490327
biogen_hlm,Biogen ADME,split1,ChemRasayan,validation_selected,lora_mix,tanimoto_ge_0_70,104,19,0.18269230769230768,85,0.3445376393918043,0.39594571073878804,0.33304642344365504,-0.01149121594814928
biogen_hlm,Biogen ADME,split1,ChemRasayan,validation_selected,lora_mix,tanimoto_ge_0_80,104,12,0.11538461538461539,92,0.3445376393918043,0.3771149191388245,0.3402884289900191,-0.0042492104017852195
biogen_hlm,Biogen ADME,split1,ChemRasayan,validation_selected,lora_mix,tanimoto_ge_0_90,104,10,0.09615384615384616,94,0.3445376393918043,0.42925941474201357,0.335524684567314,-0.009012954824490327
biogen_hlm,Biogen ADME,split1,ChemRasayan,validation_selected,lora_mix,tanimoto_ge_0_95,104,10,0.09615384615384616,94,0.3445376393918043,0.42925941474201357,0.335524684567314,-0.009012954824490327
biogen_hlm,Biogen ADME,split2,ChemRasayan,full_mix,full_mix,standardized_exact,75,4,0.05333333333333334,71,0.3281972335240153,0.2610841630293426,0.3319782515800532,0.003781018056037866
biogen_hlm,Biogen ADME,split2,ChemRasayan,full_mix,full_mix,connectivity_inchikey,75,4,0.05333333333333334,71,0.3281972335240153,0.2610841630293426,0.3319782515800532,0.003781018056037866
biogen_hlm,Biogen ADME,split2,ChemRasayan,full_mix,full_mix,tanimoto_ge_0_70,75,11,0.14666666666666667,64,0.3281972335240153,0.3425393382011663,0.32573218428262996,-0.002465049241385353
biogen_hlm,Biogen ADME,split2,ChemRasayan,full_mix,full_mix,tanimoto_ge_0_80,75,6,0.08,69,0.3281972335240153,0.2918507022913716,0.3313578014572886,0.003160567933273295
biogen_hlm,Biogen ADME,split2,ChemRasayan,full_mix,full_mix,tanimoto_ge_0_90,75,4,0.05333333333333334,71,0.3281972335240153,0.2610841630293426,0.3319782515800532,0.003781018056037866
biogen_hlm,Biogen ADME,split2,ChemRasayan,full_mix,full_mix,tanimoto_ge_0_95,75,4,0.05333333333333334,71,0.3281972335240153,0.2610841630293426,0.3319782515800532,0.003781018056037866
biogen_hlm,Biogen ADME,split2,ChemRasayan,lora_mix,lora_mix,standardized_exact,75,4,0.05333333333333334,71,0.3147824192580472,0.4966316757990417,0.30453739072052644,-0.01024502853752074
biogen_hlm,Biogen ADME,split2,ChemRasayan,lora_mix,lora_mix,connectivity_inchikey,75,4,0.05333333333333334,71,0.3147824192580472,0.4966316757990417,0.30453739072052644,-0.01024502853752074
biogen_hlm,Biogen ADME,split2,ChemRasayan,lora_mix,lora_mix,tanimoto_ge_0_70,75,11,0.14666666666666667,64,0.3147824192580472,0.3930238403803488,0.30133467500265165,-0.013447744255395522
biogen_hlm,Biogen ADME,split2,ChemRasayan,lora_mix,lora_mix,tanimoto_ge_0_80,75,6,0.08,69,0.3147824192580472,0.45216790470048007,0.30283585530653134,-0.011946563951515832
biogen_hlm,Biogen ADME,split2,ChemRasayan,lora_mix,lora_mix,tanimoto_ge_0_90,75,4,0.05333333333333334,71,0.3147824192580472,0.4966316757990417,0.30453739072052644,-0.01024502853752074
biogen_hlm,Biogen ADME,split2,ChemRasayan,lora_mix,lora_mix,tanimoto_ge_0_95,75,4,0.05333333333333334,71,0.3147824192580472,0.4966316757990417,0.30453739072052644,-0.01024502853752074
biogen_hlm,Biogen ADME,split2,ChemRasayan,frozen_mix,frozen_mix,standardized_exact,75,4,0.05333333333333334,71,0.29364418513997514,0.282342704743515,0.2942808882609025,0.0006367031209273399
biogen_hlm,Biogen ADME,split2,ChemRasayan,frozen_mix,frozen_mix,connectivity_inchikey,75,4,0.05333333333333334,71,0.29364418513997514,0.282342704743515,0.2942808882609025,0.0006367031209273399
biogen_hlm,Biogen ADME,split2,ChemRasayan,frozen_mix,frozen_mix,tanimoto_ge_0_70,75,11,0.14666666666666667,64,0.29364418513997514,0.24456877117917147,0.3020790219144883,0.008434836774513177
biogen_hlm,Biogen ADME,split2,ChemRasayan,frozen_mix,frozen_mix,tanimoto_ge_0_80,75,6,0.08,69,0.29364418513997514,0.19655804457554124,0.3020864582325346,0.00844227309255946
biogen_hlm,Biogen ADME,split2,ChemRasayan,frozen_mix,frozen_mix,tanimoto_ge_0_90,75,4,0.05333333333333334,71,0.29364418513997514,0.282342704743515,0.2942808882609025,0.0006367031209273399
biogen_hlm,Biogen ADME,split2,ChemRasayan,frozen_mix,frozen_mix,tanimoto_ge_0_95,75,4,0.05333333333333334,71,0.29364418513997514,0.282342704743515,0.2942808882609025,0.0006367031209273399
biogen_hlm,Biogen ADME,split2,ChemRasayan,validation_selected,full_mix,standardized_exact,75,4,0.05333333333333334,71,0.3281972335240153,0.2610841630293426,0.3319782515800532,0.003781018056037866
biogen_hlm,Biogen ADME,split2,ChemRasayan,validation_selected,full_mix,connectivity_inchikey,75,4,0.05333333333333334,71,0.3281972335240153,0.2610841630293426,0.3319782515800532,0.003781018056037866
biogen_hlm,Biogen ADME,split2,ChemRasayan,validation_selected,full_mix,tanimoto_ge_0_70,75,11,0.14666666666666667,64,0.3281972335240153,0.3425393382011663,0.32573218428262996,-0.002465049241385353
biogen_hlm,Biogen ADME,split2,ChemRasayan,validation_selected,full_mix,tanimoto_ge_0_80,75,6,0.08,69,0.3281972335240153,0.2918507022913716,0.3313578014572886,0.003160567933273295
biogen_hlm,Biogen ADME,split2,ChemRasayan,validation_selected,full_mix,tanimoto_ge_0_90,75,4,0.05333333333333334,71,0.3281972335240153,0.2610841630293426,0.3319782515800532,0.003781018056037866
biogen_hlm,Biogen ADME,split2,ChemRasayan,validation_selected,full_mix,tanimoto_ge_0_95,75,4,0.05333333333333334,71,0.3281972335240153,0.2610841630293426,0.3319782515800532,0.003781018056037866
biogen_hlm,Biogen ADME,split3,ChemRasayan,full_mix,full_mix,standardized_exact,75,6,0.08,69,0.3167634138621883,0.6282218582417959,0.28968007087265724,-0.02708334298953108
biogen_hlm,Biogen ADME,split3,ChemRasayan,full_mix,full_mix,connectivity_inchikey,75,6,0.08,69,0.3167634138621883,0.6282218582417959,0.28968007087265724,-0.02708334298953108
biogen_hlm,Biogen ADME,split3,ChemRasayan,full_mix,full_mix,tanimoto_ge_0_70,75,9,0.12,66,0.3167634138621883,0.4853302638043416,0.2937770252337129,-0.022986388628475407
biogen_hlm,Biogen ADME,split3,ChemRasayan,full_mix,full_mix,tanimoto_ge_0_80,75,7,0.09333333333333334,68,0.3167634138621883,0.598352355655958,0.2877763169128297,-0.028987096949358637
biogen_hlm,Biogen ADME,split3,ChemRasayan,full_mix,full_mix,tanimoto_ge_0_90,75,7,0.09333333333333334,68,0.3167634138621883,0.598352355655958,0.2877763169128297,-0.028987096949358637
biogen_hlm,Biogen ADME,split3,ChemRasayan,full_mix,full_mix,tanimoto_ge_0_95,75,7,0.09333333333333334,68,0.3167634138621883,0.598352355655958,0.2877763169128297,-0.028987096949358637
biogen_hlm,Biogen ADME,split3,ChemRasayan,lora_mix,lora_mix,standardized_exact,75,6,0.08,69,0.34117902148614315,0.7345135482310944,0.3069760191604953,-0.03420300232564788
biogen_hlm,Biogen ADME,split3,ChemRasayan,lora_mix,lora_mix,connectivity_inchikey,75,6,0.08,69,0.34117902148614315,0.7345135482310944,0.3069760191604953,-0.03420300232564788
biogen_hlm,Biogen ADME,split3,ChemRasayan,lora_mix,lora_mix,tanimoto_ge_0_70,75,9,0.12,66,0.34117902148614315,0.5764733973898806,0.30909342477199714,-0.032085596714146014
biogen_hlm,Biogen ADME,split3,ChemRasayan,lora_mix,lora_mix,tanimoto_ge_0_80,75,7,0.09333333333333334,68,0.34117902148614315,0.699595714095446,0.3042831854822443,-0.03689583600389884
biogen_hlm,Biogen ADME,split3,ChemRasayan,lora_mix,lora_mix,tanimoto_ge_0_90,75,7,0.09333333333333334,68,0.34117902148614315,0.699595714095446,0.3042831854822443,-0.03689583600389884
biogen_hlm,Biogen ADME,split3,ChemRasayan,lora_mix,lora_mix,tanimoto_ge_0_95,75,7,0.09333333333333334,68,0.34117902148614315,0.699595714095446,0.3042831854822443,-0.03689583600389884
biogen_hlm,Biogen ADME,split3,ChemRasayan,frozen_mix,frozen_mix,standardized_exact,75,6,0.08,69,0.3327687344665198,0.6733004735893403,0.30315727889062233,-0.02961145557589745
biogen_hlm,Biogen ADME,split3,ChemRasayan,frozen_mix,frozen_mix,connectivity_inchikey,75,6,0.08,69,0.3327687344665198,0.6733004735893403,0.30315727889062233,-0.02961145557589745
biogen_hlm,Biogen ADME,split3,ChemRasayan,frozen_mix,frozen_mix,tanimoto_ge_0_70,75,9,0.12,66,0.3327687344665198,0.5608847225652636,0.3016620088166911,-0.031106725649828693
biogen_hlm,Biogen ADME,split3,ChemRasayan,frozen_mix,frozen_mix,tanimoto_ge_0_80,75,7,0.09333333333333334,68,0.3327687344665198,0.6530184831333312,0.29980184857434794,-0.03296688589217184
biogen_hlm,Biogen ADME,split3,ChemRasayan,frozen_mix,frozen_mix,tanimoto_ge_0_90,75,7,0.09333333333333334,68,0.3327687344665198,0.6530184831333312,0.29980184857434794,-0.03296688589217184
biogen_hlm,Biogen ADME,split3,ChemRasayan,frozen_mix,frozen_mix,tanimoto_ge_0_95,75,7,0.09333333333333334,68,0.3327687344665198,0.6530184831333312,0.29980184857434794,-0.03296688589217184
biogen_hlm,Biogen ADME,split3,ChemRasayan,validation_selected,full_mix,standardized_exact,75,6,0.08,69,0.3167634138621883,0.6282218582417959,0.28968007087265724,-0.02708334298953108
biogen_hlm,Biogen ADME,split3,ChemRasayan,validation_selected,full_mix,connectivity_inchikey,75,6,0.08,69,0.3167634138621883,0.6282218582417959,0.28968007087265724,-0.02708334298953108
biogen_hlm,Biogen ADME,split3,ChemRasayan,validation_selected,full_mix,tanimoto_ge_0_70,75,9,0.12,66,0.3167634138621883,0.4853302638043416,0.2937770252337129,-0.022986388628475407
biogen_hlm,Biogen ADME,split3,ChemRasayan,validation_selected,full_mix,tanimoto_ge_0_80,75,7,0.09333333333333334,68,0.3167634138621883,0.598352355655958,0.2877763169128297,-0.028987096949358637
biogen_hlm,Biogen ADME,split3,ChemRasayan,validation_selected,full_mix,tanimoto_ge_0_90,75,7,0.09333333333333334,68,0.3167634138621883,0.598352355655958,0.2877763169128297,-0.028987096949358637
biogen_hlm,Biogen ADME,split3,ChemRasayan,validation_selected,full_mix,tanimoto_ge_0_95,75,7,0.09333333333333334,68,0.3167634138621883,0.598352355655958,0.2877763169128297,-0.028987096949358637
biogen_hppb,Biogen ADME,split1,ChemRasayan,full_mix,full_mix,standardized_exact,25,1,0.04,24,0.38194085115270565,0.7442612033468475,0.36684416981128315,-0.015096681341422502
biogen_hppb,Biogen ADME,split1,ChemRasayan,full_mix,full_mix,connectivity_inchikey,25,1,0.04,24,0.38194085115270565,0.7442612033468475,0.36684416981128315,-0.015096681341422502
biogen_hppb,Biogen ADME,split1,ChemRasayan,full_mix,full_mix,tanimoto_ge_0_70,25,5,0.2,20,0.38194085115270565,0.6410029001133728,0.31717533891253896,-0.06476551224016669
biogen_hppb,Biogen ADME,split1,ChemRasayan,full_mix,full_mix,tanimoto_ge_0_80,25,1,0.04,24,0.38194085115270565,0.7442612033468475,0.36684416981128315,-0.015096681341422502
biogen_hppb,Biogen ADME,split1,ChemRasayan,full_mix,full_mix,tanimoto_ge_0_90,25,1,0.04,24,0.38194085115270565,0.7442612033468475,0.36684416981128315,-0.015096681341422502
biogen_hppb,Biogen ADME,split1,ChemRasayan,full_mix,full_mix,tanimoto_ge_0_95,25,1,0.04,24,0.38194085115270565,0.7442612033468475,0.36684416981128315,-0.015096681341422502
biogen_hppb,Biogen ADME,split1,ChemRasayan,lora_mix,lora_mix,standardized_exact,25,1,0.04,24,0.3882355439096729,0.6727940123659363,0.37637894105732855,-0.011856602852344356
biogen_hppb,Biogen ADME,split1,ChemRasayan,lora_mix,lora_mix,connectivity_inchikey,25,1,0.04,24,0.3882355439096729,0.6727940123659363,0.37637894105732855,-0.011856602852344356
biogen_hppb,Biogen ADME,split1,ChemRasayan,lora_mix,lora_mix,tanimoto_ge_0_70,25,5,0.2,20,0.3882355439096729,0.3979334428710876,0.3858110691693192,-0.0024244747403537326
biogen_hppb,Biogen ADME,split1,ChemRasayan,lora_mix,lora_mix,tanimoto_ge_0_80,25,1,0.04,24,0.3882355439096729,0.6727940123659363,0.37637894105732855,-0.011856602852344356
biogen_hppb,Biogen ADME,split1,ChemRasayan,lora_mix,lora_mix,tanimoto_ge_0_90,25,1,0.04,24,0.3882355439096729,0.6727940123659363,0.37637894105732855,-0.011856602852344356
biogen_hppb,Biogen ADME,split1,ChemRasayan,lora_mix,lora_mix,tanimoto_ge_0_95,25,1,0.04,24,0.3882355439096729,0.6727940123659363,0.37637894105732855,-0.011856602852344356
biogen_hppb,Biogen ADME,split1,ChemRasayan,frozen_mix,frozen_mix,standardized_exact,25,1,0.04,24,0.3922595265007795,0.516246883211731,0.38709338663782317,-0.0051661398629563315
biogen_hppb,Biogen ADME,split1,ChemRasayan,frozen_mix,frozen_mix,connectivity_inchikey,25,1,0.04,24,0.3922595265007795,0.516246883211731,0.38709338663782317,-0.0051661398629563315
biogen_hppb,Biogen ADME,split1,ChemRasayan,frozen_mix,frozen_mix,tanimoto_ge_0_70,25,5,0.2,20,0.3922595265007795,0.3986140742702423,0.39067088955841367,-0.0015886369423658286
biogen_hppb,Biogen ADME,split1,ChemRasayan,frozen_mix,frozen_mix,tanimoto_ge_0_80,25,1,0.04,24,0.3922595265007795,0.516246883211731,0.38709338663782317,-0.0051661398629563315
biogen_hppb,Biogen ADME,split1,ChemRasayan,frozen_mix,frozen_mix,tanimoto_ge_0_90,25,1,0.04,24,0.3922595265007795,0.516246883211731,0.38709338663782317,-0.0051661398629563315
biogen_hppb,Biogen ADME,split1,ChemRasayan,frozen_mix,frozen_mix,tanimoto_ge_0_95,25,1,0.04,24,0.3922595265007795,0.516246883211731,0.38709338663782317,-0.0051661398629563315
biogen_hppb,Biogen ADME,split1,ChemRasayan,validation_selected,frozen_mix,standardized_exact,25,1,0.04,24,0.3922595265007795,0.516246883211731,0.38709338663782317,-0.0051661398629563315
biogen_hppb,Biogen ADME,split1,ChemRasayan,validation_selected,frozen_mix,connectivity_inchikey,25,1,0.04,24,0.3922595265007795,0.516246883211731,0.38709338663782317,-0.0051661398629563315
biogen_hppb,Biogen ADME,split1,ChemRasayan,validation_selected,frozen_mix,tanimoto_ge_0_70,25,5,0.2,20,0.3922595265007795,0.3986140742702423,0.39067088955841367,-0.0015886369423658286
biogen_hppb,Biogen ADME,split1,ChemRasayan,validation_selected,frozen_mix,tanimoto_ge_0_80,25,1,0.04,24,0.3922595265007795,0.516246883211731,0.38709338663782317,-0.0051661398629563315
biogen_hppb,Biogen ADME,split1,ChemRasayan,validation_selected,frozen_mix,tanimoto_ge_0_90,25,1,0.04,24,0.3922595265007795,0.516246883211731,0.38709338663782317,-0.0051661398629563315
biogen_hppb,Biogen ADME,split1,ChemRasayan,validation_selected,frozen_mix,tanimoto_ge_0_95,25,1,0.04,24,0.3922595265007795,0.516246883211731,0.38709338663782317,-0.0051661398629563315
biogen_hppb,Biogen ADME,split2,ChemRasayan,full_mix,full_mix,standardized_exact,20,1,0.05,19,0.36743475825885086,1.0294013421234283,0.3325944117396626,-0.03484034651918827
biogen_hppb,Biogen ADME,split2,ChemRasayan,full_mix,full_mix,connectivity_inchikey,20,1,0.05,19,0.36743475825885086,1.0294013421234283,0.3325944117396626,-0.03484034651918827
biogen_hppb,Biogen ADME,split2,ChemRasayan,full_mix,full_mix,tanimoto_ge_0_70,20,1,0.05,19,0.36743475825885086,1.0294013421234283,0.3325944117396626,-0.03484034651918827
biogen_hppb,Biogen ADME,split2,ChemRasayan,full_mix,full_mix,tanimoto_ge_0_80,20,1,0.05,19,0.36743475825885086,1.0294013421234283,0.3325944117396626,-0.03484034651918827
biogen_hppb,Biogen ADME,split2,ChemRasayan,full_mix,full_mix,tanimoto_ge_0_90,20,1,0.05,19,0.36743475825885086,1.0294013421234283,0.3325944117396626,-0.03484034651918827
biogen_hppb,Biogen ADME,split2,ChemRasayan,full_mix,full_mix,tanimoto_ge_0_95,20,1,0.05,19,0.36743475825885086,1.0294013421234283,0.3325944117396626,-0.03484034651918827
biogen_hppb,Biogen ADME,split2,ChemRasayan,lora_mix,lora_mix,standardized_exact,20,1,0.05,19,0.3745350038473507,0.8150328050550614,0.3513509090469449,-0.02318409480040584
biogen_hppb,Biogen ADME,split2,ChemRasayan,lora_mix,lora_mix,connectivity_inchikey,20,1,0.05,19,0.3745350038473507,0.8150328050550614,0.3513509090469449,-0.02318409480040584
biogen_hppb,Biogen ADME,split2,ChemRasayan,lora_mix,lora_mix,tanimoto_ge_0_70,20,1,0.05,19,0.3745350038473507,0.8150328050550614,0.3513509090469449,-0.02318409480040584
biogen_hppb,Biogen ADME,split2,ChemRasayan,lora_mix,lora_mix,tanimoto_ge_0_80,20,1,0.05,19,0.3745350038473507,0.8150328050550614,0.3513509090469449,-0.02318409480040584
biogen_hppb,Biogen ADME,split2,ChemRasayan,lora_mix,lora_mix,tanimoto_ge_0_90,20,1,0.05,19,0.3745350038473507,0.8150328050550614,0.3513509090469449,-0.02318409480040584
biogen_hppb,Biogen ADME,split2,ChemRasayan,lora_mix,lora_mix,tanimoto_ge_0_95,20,1,0.05,19,0.3745350038473507,0.8150328050550614,0.3513509090469449,-0.02318409480040584
biogen_hppb,Biogen ADME,split2,ChemRasayan,frozen_mix,frozen_mix,standardized_exact,20,1,0.05,19,0.4787701562181398,1.2437698940929565,0.4385070121194652,-0.0402631440986746
biogen_hppb,Biogen ADME,split2,ChemRasayan,frozen_mix,frozen_mix,connectivity_inchikey,20,1,0.05,19,0.4787701562181398,1.2437698940929565,0.4385070121194652,-0.0402631440986746
biogen_hppb,Biogen ADME,split2,ChemRasayan,frozen_mix,frozen_mix,tanimoto_ge_0_70,20,1,0.05,19,0.4787701562181398,1.2437698940929565,0.4385070121194652,-0.0402631440986746
biogen_hppb,Biogen ADME,split2,ChemRasayan,frozen_mix,frozen_mix,tanimoto_ge_0_80,20,1,0.05,19,0.4787701562181398,1.2437698940929565,0.4385070121194652,-0.0402631440986746
biogen_hppb,Biogen ADME,split2,ChemRasayan,frozen_mix,frozen_mix,tanimoto_ge_0_90,20,1,0.05,19,0.4787701562181398,1.2437698940929565,0.4385070121194652,-0.0402631440986746
biogen_hppb,Biogen ADME,split2,ChemRasayan,frozen_mix,frozen_mix,tanimoto_ge_0_95,20,1,0.05,19,0.4787701562181398,1.2437698940929565,0.4385070121194652,-0.0402631440986746
biogen_hppb,Biogen ADME,split2,ChemRasayan,validation_selected,full_mix,standardized_exact,20,1,0.05,19,0.36743475825885086,1.0294013421234283,0.3325944117396626,-0.03484034651918827
biogen_hppb,Biogen ADME,split2,ChemRasayan,validation_selected,full_mix,connectivity_inchikey,20,1,0.05,19,0.36743475825885086,1.0294013421234283,0.3325944117396626,-0.03484034651918827
biogen_hppb,Biogen ADME,split2,ChemRasayan,validation_selected,full_mix,tanimoto_ge_0_70,20,1,0.05,19,0.36743475825885086,1.0294013421234283,0.3325944117396626,-0.03484034651918827
biogen_hppb,Biogen ADME,split2,ChemRasayan,validation_selected,full_mix,tanimoto_ge_0_80,20,1,0.05,19,0.36743475825885086,1.0294013421234283,0.3325944117396626,-0.03484034651918827
biogen_hppb,Biogen ADME,split2,ChemRasayan,validation_selected,full_mix,tanimoto_ge_0_90,20,1,0.05,19,0.36743475825885086,1.0294013421234283,0.3325944117396626,-0.03484034651918827
biogen_hppb,Biogen ADME,split2,ChemRasayan,validation_selected,full_mix,tanimoto_ge_0_95,20,1,0.05,19,0.36743475825885086,1.0294013421234283,0.3325944117396626,-0.03484034651918827
biogen_hppb,Biogen ADME,split3,ChemRasayan,full_mix,full_mix,standardized_exact,21,2,0.09523809523809523,19,0.6570713060078724,1.2258720998830817,0.5971975382315345,-0.059873767776337905
biogen_hppb,Biogen ADME,split3,ChemRasayan,full_mix,full_mix,connectivity_inchikey,21,2,0.09523809523809523,19,0.6570713060078724,1.2258720998830817,0.5971975382315345,-0.059873767776337905
biogen_hppb,Biogen ADME,split3,ChemRasayan,full_mix,full_mix,tanimoto_ge_0_70,21,3,0.14285714285714285,18,0.6570713060078724,1.3861932104564747,0.535550988599772,-0.12152031740810043
biogen_hppb,Biogen ADME,split3,ChemRasayan,full_mix,full_mix,tanimoto_ge_0_80,21,3,0.14285714285714285,18,0.6570713060078724,1.3861932104564747,0.535550988599772,-0.12152031740810043
biogen_hppb,Biogen ADME,split3,ChemRasayan,full_mix,full_mix,tanimoto_ge_0_90,21,2,0.09523809523809523,19,0.6570713060078724,1.2258720998830817,0.5971975382315345,-0.059873767776337905
biogen_hppb,Biogen ADME,split3,ChemRasayan,full_mix,full_mix,tanimoto_ge_0_95,21,2,0.09523809523809523,19,0.6570713060078724,1.2258720998830817,0.5971975382315345,-0.059873767776337905
biogen_hppb,Biogen ADME,split3,ChemRasayan,lora_mix,lora_mix,standardized_exact,21,2,0.09523809523809523,19,0.5881498442466717,1.410826631257469,0.5015522877192193,-0.08659755652745238
biogen_hppb,Biogen ADME,split3,ChemRasayan,lora_mix,lora_mix,connectivity_inchikey,21,2,0.09523809523809523,19,0.5881498442466717,1.410826631257469,0.5015522877192193,-0.08659755652745238
biogen_hppb,Biogen ADME,split3,ChemRasayan,lora_mix,lora_mix,tanimoto_ge_0_70,21,3,0.14285714285714285,18,0.5881498442466717,1.410650016859749,0.4510664821444923,-0.13708336210217942
biogen_hppb,Biogen ADME,split3,ChemRasayan,lora_mix,lora_mix,tanimoto_ge_0_80,21,3,0.14285714285714285,18,0.5881498442466717,1.410650016859749,0.4510664821444923,-0.13708336210217942
biogen_hppb,Biogen ADME,split3,ChemRasayan,lora_mix,lora_mix,tanimoto_ge_0_90,21,2,0.09523809523809523,19,0.5881498442466717,1.410826631257469,0.5015522877192193,-0.08659755652745238
biogen_hppb,Biogen ADME,split3,ChemRasayan,lora_mix,lora_mix,tanimoto_ge_0_95,21,2,0.09523809523809523,19,0.5881498442466717,1.410826631257469,0.5015522877192193,-0.08659755652745238
biogen_hppb,Biogen ADME,split3,ChemRasayan,frozen_mix,frozen_mix,standardized_exact,21,2,0.09523809523809523,19,0.5578731602806556,1.2977139618193454,0.4799951811713198,-0.0778779791093358
biogen_hppb,Biogen ADME,split3,ChemRasayan,frozen_mix,frozen_mix,connectivity_inchikey,21,2,0.09523809523809523,19,0.5578731602806556,1.2977139618193454,0.4799951811713198,-0.0778779791093358
biogen_hppb,Biogen ADME,split3,ChemRasayan,frozen_mix,frozen_mix,tanimoto_ge_0_70,21,3,0.14285714285714285,18,0.5578731602806556,1.2129575903173078,0.4486924219412136,-0.10918073833944197
biogen_hppb,Biogen ADME,split3,ChemRasayan,frozen_mix,frozen_mix,tanimoto_ge_0_80,21,3,0.14285714285714285,18,0.5578731602806556,1.2129575903173078,0.4486924219412136,-0.10918073833944197
biogen_hppb,Biogen ADME,split3,ChemRasayan,frozen_mix,frozen_mix,tanimoto_ge_0_90,21,2,0.09523809523809523,19,0.5578731602806556,1.2977139618193454,0.4799951811713198,-0.0778779791093358
biogen_hppb,Biogen ADME,split3,ChemRasayan,frozen_mix,frozen_mix,tanimoto_ge_0_95,21,2,0.09523809523809523,19,0.5578731602806556,1.2977139618193454,0.4799951811713198,-0.0778779791093358
biogen_hppb,Biogen ADME,split3,ChemRasayan,validation_selected,full_mix,standardized_exact,21,2,0.09523809523809523,19,0.6570713060078724,1.2258720998830817,0.5971975382315345,-0.059873767776337905
biogen_hppb,Biogen ADME,split3,ChemRasayan,validation_selected,full_mix,connectivity_inchikey,21,2,0.09523809523809523,19,0.6570713060078724,1.2258720998830817,0.5971975382315345,-0.059873767776337905
biogen_hppb,Biogen ADME,split3,ChemRasayan,validation_selected,full_mix,tanimoto_ge_0_70,21,3,0.14285714285714285,18,0.6570713060078724,1.3861932104564747,0.535550988599772,-0.12152031740810043
biogen_hppb,Biogen ADME,split3,ChemRasayan,validation_selected,full_mix,tanimoto_ge_0_80,21,3,0.14285714285714285,18,0.6570713060078724,1.3861932104564747,0.535550988599772,-0.12152031740810043
biogen_hppb,Biogen ADME,split3,ChemRasayan,validation_selected,full_mix,tanimoto_ge_0_90,21,2,0.09523809523809523,19,0.6570713060078724,1.2258720998830817,0.5971975382315345,-0.059873767776337905
biogen_hppb,Biogen ADME,split3,ChemRasayan,validation_selected,full_mix,tanimoto_ge_0_95,21,2,0.09523809523809523,19,0.6570713060078724,1.2258720998830817,0.5971975382315345,-0.059873767776337905
biogen_mdr1,Biogen ADME,split1,ChemRasayan,full_mix,full_mix,standardized_exact,77,2,0.025974025974025976,75,0.32428461505283185,0.04790242043382642,0.33165480690933874,0.007370191856506891
biogen_mdr1,Biogen ADME,split1,ChemRasayan,full_mix,full_mix,connectivity_inchikey,77,4,0.05194805194805195,73,0.32428461505283185,0.370843328518135,0.3217334526711715,-0.0025511623816603657
biogen_mdr1,Biogen ADME,split1,ChemRasayan,full_mix,full_mix,tanimoto_ge_0_70,77,13,0.16883116883116883,64,0.32428461505283185,0.2059289161853662,0.3483256163852859,0.02404100133245407
biogen_mdr1,Biogen ADME,split1,ChemRasayan,full_mix,full_mix,tanimoto_ge_0_80,77,4,0.05194805194805195,73,0.32428461505283185,0.370843328518135,0.3217334526711715,-0.0025511623816603657
biogen_mdr1,Biogen ADME,split1,ChemRasayan,full_mix,full_mix,tanimoto_ge_0_90,77,4,0.05194805194805195,73,0.32428461505283185,0.370843328518135,0.3217334526711715,-0.0025511623816603657
biogen_mdr1,Biogen ADME,split1,ChemRasayan,full_mix,full_mix,tanimoto_ge_0_95,77,4,0.05194805194805195,73,0.32428461505283185,0.370843328518135,0.3217334526711715,-0.0025511623816603657
biogen_mdr1,Biogen ADME,split1,ChemRasayan,lora_mix,lora_mix,standardized_exact,77,2,0.025974025974025976,75,0.32938921372017704,0.12953348085243988,0.3347186999299834,0.005329486209806333
biogen_mdr1,Biogen ADME,split1,ChemRasayan,lora_mix,lora_mix,connectivity_inchikey,77,4,0.05194805194805195,73,0.32938921372017704,0.3406281822838974,0.3287733798262746,-0.0006158338939024621
biogen_mdr1,Biogen ADME,split1,ChemRasayan,lora_mix,lora_mix,tanimoto_ge_0_70,77,13,0.16883116883116883,64,0.32938921372017704,0.2435376522424938,0.3468278121453315,0.01743859842515444
biogen_mdr1,Biogen ADME,split1,ChemRasayan,lora_mix,lora_mix,tanimoto_ge_0_80,77,4,0.05194805194805195,73,0.32938921372017704,0.3406281822838974,0.3287733798262746,-0.0006158338939024621
biogen_mdr1,Biogen ADME,split1,ChemRasayan,lora_mix,lora_mix,tanimoto_ge_0_90,77,4,0.05194805194805195,73,0.32938921372017704,0.3406281822838974,0.3287733798262746,-0.0006158338939024621
biogen_mdr1,Biogen ADME,split1,ChemRasayan,lora_mix,lora_mix,tanimoto_ge_0_95,77,4,0.05194805194805195,73,0.32938921372017704,0.3406281822838974,0.3287733798262746,-0.0006158338939024621
biogen_mdr1,Biogen ADME,split1,ChemRasayan,frozen_mix,frozen_mix,standardized_exact,77,2,0.025974025974025976,75,0.3909251865366637,0.10646016123645785,0.39851092054466913,0.00758573400800544
biogen_mdr1,Biogen ADME,split1,ChemRasayan,frozen_mix,frozen_mix,connectivity_inchikey,77,4,0.05194805194805195,73,0.3909251865366637,0.4170685295859928,0.38949267458875514,-0.0014325119479085546
biogen_mdr1,Biogen ADME,split1,ChemRasayan,frozen_mix,frozen_mix,tanimoto_ge_0_70,77,13,0.16883116883116883,64,0.3909251865366637,0.2614153839194888,0.41723186519327726,0.02630667865661357
biogen_mdr1,Biogen ADME,split1,ChemRasayan,frozen_mix,frozen_mix,tanimoto_ge_0_80,77,4,0.05194805194805195,73,0.3909251865366637,0.4170685295859928,0.38949267458875514,-0.0014325119479085546
biogen_mdr1,Biogen ADME,split1,ChemRasayan,frozen_mix,frozen_mix,tanimoto_ge_0_90,77,4,0.05194805194805195,73,0.3909251865366637,0.4170685295859928,0.38949267458875514,-0.0014325119479085546
biogen_mdr1,Biogen ADME,split1,ChemRasayan,frozen_mix,frozen_mix,tanimoto_ge_0_95,77,4,0.05194805194805195,73,0.3909251865366637,0.4170685295859928,0.38949267458875514,-0.0014325119479085546
biogen_mdr1,Biogen ADME,split1,ChemRasayan,validation_selected,full_mix,standardized_exact,77,2,0.025974025974025976,75,0.32428461505283185,0.04790242043382642,0.33165480690933874,0.007370191856506891
biogen_mdr1,Biogen ADME,split1,ChemRasayan,validation_selected,full_mix,connectivity_inchikey,77,4,0.05194805194805195,73,0.32428461505283185,0.370843328518135,0.3217334526711715,-0.0025511623816603657
biogen_mdr1,Biogen ADME,split1,ChemRasayan,validation_selected,full_mix,tanimoto_ge_0_70,77,13,0.16883116883116883,64,0.32428461505283185,0.2059289161853662,0.3483256163852859,0.02404100133245407
biogen_mdr1,Biogen ADME,split1,ChemRasayan,validation_selected,full_mix,tanimoto_ge_0_80,77,4,0.05194805194805195,73,0.32428461505283185,0.370843328518135,0.3217334526711715,-0.0025511623816603657
biogen_mdr1,Biogen ADME,split1,ChemRasayan,validation_selected,full_mix,tanimoto_ge_0_90,77,4,0.05194805194805195,73,0.32428461505283185,0.370843328518135,0.3217334526711715,-0.0025511623816603657
biogen_mdr1,Biogen ADME,split1,ChemRasayan,validation_selected,full_mix,tanimoto_ge_0_95,77,4,0.05194805194805195,73,0.32428461505283185,0.370843328518135,0.3217334526711715,-0.0025511623816603657
biogen_mdr1,Biogen ADME,split2,ChemRasayan,full_mix,full_mix,standardized_exact,75,2,0.02666666666666667,73,0.3669624653599816,0.3428190245135574,0.36762392949276035,0.000661464132778733
biogen_mdr1,Biogen ADME,split2,ChemRasayan,full_mix,full_mix,connectivity_inchikey,75,2,0.02666666666666667,73,0.3669624653599816,0.3428190245135574,0.36762392949276035,0.000661464132778733
biogen_mdr1,Biogen ADME,split2,ChemRasayan,full_mix,full_mix,tanimoto_ge_0_70,75,5,0.06666666666666667,70,0.3669624653599816,0.33282312936784364,0.36940098935942006,0.0024385239994384467
biogen_mdr1,Biogen ADME,split2,ChemRasayan,full_mix,full_mix,tanimoto_ge_0_80,75,3,0.04,72,0.3669624653599816,0.5139848394105683,0.3608365331078738,-0.006125932252107835
biogen_mdr1,Biogen ADME,split2,ChemRasayan,full_mix,full_mix,tanimoto_ge_0_90,75,3,0.04,72,0.3669624653599816,0.5139848394105683,0.3608365331078738,-0.006125932252107835
biogen_mdr1,Biogen ADME,split2,ChemRasayan,full_mix,full_mix,tanimoto_ge_0_95,75,2,0.02666666666666667,73,0.3669624653599816,0.3428190245135574,0.36762392949276035,0.000661464132778733
biogen_mdr1,Biogen ADME,split2,ChemRasayan,lora_mix,lora_mix,standardized_exact,75,2,0.02666666666666667,73,0.3147641631974168,0.29710625548203273,0.31524794149098895,0.00048377829357215685
biogen_mdr1,Biogen ADME,split2,ChemRasayan,lora_mix,lora_mix,connectivity_inchikey,75,2,0.02666666666666667,73,0.3147641631974168,0.29710625548203273,0.31524794149098895,0.00048377829357215685
biogen_mdr1,Biogen ADME,split2,ChemRasayan,lora_mix,lora_mix,tanimoto_ge_0_70,75,5,0.06666666666666667,70,0.3147641631974168,0.27833396580362013,0.31736632015411653,0.0026021569566997416
biogen_mdr1,Biogen ADME,split2,ChemRasayan,lora_mix,lora_mix,tanimoto_ge_0_80,75,3,0.04,72,0.3147641631974168,0.4064254366268565,0.31094494347119006,-0.0038192197262267302
biogen_mdr1,Biogen ADME,split2,ChemRasayan,lora_mix,lora_mix,tanimoto_ge_0_90,75,3,0.04,72,0.3147641631974168,0.4064254366268565,0.31094494347119006,-0.0038192197262267302
biogen_mdr1,Biogen ADME,split2,ChemRasayan,lora_mix,lora_mix,tanimoto_ge_0_95,75,2,0.02666666666666667,73,0.3147641631974168,0.29710625548203273,0.31524794149098895,0.00048377829357215685
biogen_mdr1,Biogen ADME,split2,ChemRasayan,frozen_mix,frozen_mix,standardized_exact,75,2,0.02666666666666667,73,0.3846500127610396,0.6493633433087616,0.3773975927460335,-0.007252420015006089
biogen_mdr1,Biogen ADME,split2,ChemRasayan,frozen_mix,frozen_mix,connectivity_inchikey,75,2,0.02666666666666667,73,0.3846500127610396,0.6493633433087616,0.3773975927460335,-0.007252420015006089
biogen_mdr1,Biogen ADME,split2,ChemRasayan,frozen_mix,frozen_mix,tanimoto_ge_0_70,75,5,0.06666666666666667,70,0.3846500127610396,0.3863117972848266,0.3845313138664834,-0.00011869889455617955
biogen_mdr1,Biogen ADME,split2,ChemRasayan,frozen_mix,frozen_mix,tanimoto_ge_0_80,75,3,0.04,72,0.3846500127610396,0.6170626186241557,0.37496615418340973,-0.009683858577629878
biogen_mdr1,Biogen ADME,split2,ChemRasayan,frozen_mix,frozen_mix,tanimoto_ge_0_90,75,3,0.04,72,0.3846500127610396,0.6170626186241557,0.37496615418340973,-0.009683858577629878
biogen_mdr1,Biogen ADME,split2,ChemRasayan,frozen_mix,frozen_mix,tanimoto_ge_0_95,75,2,0.02666666666666667,73,0.3846500127610396,0.6493633433087616,0.3773975927460335,-0.007252420015006089
biogen_mdr1,Biogen ADME,split2,ChemRasayan,validation_selected,full_mix,standardized_exact,75,2,0.02666666666666667,73,0.3669624653599816,0.3428190245135574,0.36762392949276035,0.000661464132778733
biogen_mdr1,Biogen ADME,split2,ChemRasayan,validation_selected,full_mix,connectivity_inchikey,75,2,0.02666666666666667,73,0.3669624653599816,0.3428190245135574,0.36762392949276035,0.000661464132778733
biogen_mdr1,Biogen ADME,split2,ChemRasayan,validation_selected,full_mix,tanimoto_ge_0_70,75,5,0.06666666666666667,70,0.3669624653599816,0.33282312936784364,0.36940098935942006,0.0024385239994384467
biogen_mdr1,Biogen ADME,split2,ChemRasayan,validation_selected,full_mix,tanimoto_ge_0_80,75,3,0.04,72,0.3669624653599816,0.5139848394105683,0.3608365331078738,-0.006125932252107835
biogen_mdr1,Biogen ADME,split2,ChemRasayan,validation_selected,full_mix,tanimoto_ge_0_90,75,3,0.04,72,0.3669624653599816,0.5139848394105683,0.3608365331078738,-0.006125932252107835
biogen_mdr1,Biogen ADME,split2,ChemRasayan,validation_selected,full_mix,tanimoto_ge_0_95,75,2,0.02666666666666667,73,0.3669624653599816,0.3428190245135574,0.36762392949276035,0.000661464132778733
biogen_mdr1,Biogen ADME,split3,ChemRasayan,full_mix,full_mix,standardized_exact,76,3,0.039473684210526314,73,0.31391371241813726,0.10516422869549054,0.32249245832454737,0.008578745906410112
biogen_mdr1,Biogen ADME,split3,ChemRasayan,full_mix,full_mix,connectivity_inchikey,76,3,0.039473684210526314,73,0.31391371241813726,0.10516422869549054,0.32249245832454737,0.008578745906410112
biogen_mdr1,Biogen ADME,split3,ChemRasayan,full_mix,full_mix,tanimoto_ge_0_70,76,7,0.09210526315789473,69,0.31391371241813726,0.21560502106761828,0.3238870579174653,0.009973345499328046
biogen_mdr1,Biogen ADME,split3,ChemRasayan,full_mix,full_mix,tanimoto_ge_0_80,76,4,0.05263157894736842,72,0.31391371241813726,0.19406478579737474,0.32057198611929066,0.0066582737011534054
biogen_mdr1,Biogen ADME,split3,ChemRasayan,full_mix,full_mix,tanimoto_ge_0_90,76,3,0.039473684210526314,73,0.31391371241813726,0.10516422869549054,0.32249245832454737,0.008578745906410112
biogen_mdr1,Biogen ADME,split3,ChemRasayan,full_mix,full_mix,tanimoto_ge_0_95,76,3,0.039473684210526314,73,0.31391371241813726,0.10516422869549054,0.32249245832454737,0.008578745906410112
biogen_mdr1,Biogen ADME,split3,ChemRasayan,lora_mix,lora_mix,standardized_exact,76,3,0.039473684210526314,73,0.34298554045946017,0.13373486597906492,0.3515848832463257,0.008599342786865527
biogen_mdr1,Biogen ADME,split3,ChemRasayan,lora_mix,lora_mix,connectivity_inchikey,76,3,0.039473684210526314,73,0.34298554045946017,0.13373486597906492,0.3515848832463257,0.008599342786865527
biogen_mdr1,Biogen ADME,split3,ChemRasayan,lora_mix,lora_mix,tanimoto_ge_0_70,76,7,0.09210526315789473,69,0.34298554045946017,0.23143743679220694,0.35430201474454387,0.0113164742850837
biogen_mdr1,Biogen ADME,split3,ChemRasayan,lora_mix,lora_mix,tanimoto_ge_0_80,76,4,0.05263157894736842,72,0.34298554045946017,0.19566512966390992,0.35117000772587953,0.00818446726641936
biogen_mdr1,Biogen ADME,split3,ChemRasayan,lora_mix,lora_mix,tanimoto_ge_0_90,76,3,0.039473684210526314,73,0.34298554045946017,0.13373486597906492,0.3515848832463257,0.008599342786865527
biogen_mdr1,Biogen ADME,split3,ChemRasayan,lora_mix,lora_mix,tanimoto_ge_0_95,76,3,0.039473684210526314,73,0.34298554045946017,0.13373486597906492,0.3515848832463257,0.008599342786865527
biogen_mdr1,Biogen ADME,split3,ChemRasayan,frozen_mix,frozen_mix,standardized_exact,76,3,0.039473684210526314,73,0.3632516923193671,0.10075810434208173,0.37403910004446106,0.010787407725093956
biogen_mdr1,Biogen ADME,split3,ChemRasayan,frozen_mix,frozen_mix,connectivity_inchikey,76,3,0.039473684210526314,73,0.3632516923193671,0.10075810434208173,0.37403910004446106,0.010787407725093956
biogen_mdr1,Biogen ADME,split3,ChemRasayan,frozen_mix,frozen_mix,tanimoto_ge_0_70,76,7,0.09210526315789473,69,0.3632516923193671,0.21601214184982084,0.3781890380191762,0.01493734569980909
biogen_mdr1,Biogen ADME,split3,ChemRasayan,frozen_mix,frozen_mix,tanimoto_ge_0_80,76,4,0.05263157894736842,72,0.3632516923193671,0.3031167360732727,0.3665925232219279,0.0033408309025608207
biogen_mdr1,Biogen ADME,split3,ChemRasayan,frozen_mix,frozen_mix,tanimoto_ge_0_90,76,3,0.039473684210526314,73,0.3632516923193671,0.10075810434208173,0.37403910004446106,0.010787407725093956
biogen_mdr1,Biogen ADME,split3,ChemRasayan,frozen_mix,frozen_mix,tanimoto_ge_0_95,76,3,0.039473684210526314,73,0.3632516923193671,0.10075810434208173,0.37403910004446106,0.010787407725093956
biogen_mdr1,Biogen ADME,split3,ChemRasayan,validation_selected,full_mix,standardized_exact,76,3,0.039473684210526314,73,0.31391371241813726,0.10516422869549054,0.32249245832454737,0.008578745906410112
biogen_mdr1,Biogen ADME,split3,ChemRasayan,validation_selected,full_mix,connectivity_inchikey,76,3,0.039473684210526314,73,0.31391371241813726,0.10516422869549054,0.32249245832454737,0.008578745906410112
biogen_mdr1,Biogen ADME,split3,ChemRasayan,validation_selected,full_mix,tanimoto_ge_0_70,76,7,0.09210526315789473,69,0.31391371241813726,0.21560502106761828,0.3238870579174653,0.009973345499328046
biogen_mdr1,Biogen ADME,split3,ChemRasayan,validation_selected,full_mix,tanimoto_ge_0_80,76,4,0.05263157894736842,72,0.31391371241813726,0.19406478579737474,0.32057198611929066,0.0066582737011534054
biogen_mdr1,Biogen ADME,split3,ChemRasayan,validation_selected,full_mix,tanimoto_ge_0_90,76,3,0.039473684210526314,73,0.31391371241813726,0.10516422869549054,0.32249245832454737,0.008578745906410112
biogen_mdr1,Biogen ADME,split3,ChemRasayan,validation_selected,full_mix,tanimoto_ge_0_95,76,3,0.039473684210526314,73,0.31391371241813726,0.10516422869549054,0.32249245832454737,0.008578745906410112
biogen_rlm,Biogen ADME,split1,ChemRasayan,full_mix,full_mix,standardized_exact,107,2,0.018691588785046728,105,0.34535193960436217,0.442142772355713,0.3435083046948126,-0.0018436349095495852
biogen_rlm,Biogen ADME,split1,ChemRasayan,full_mix,full_mix,connectivity_inchikey,107,2,0.018691588785046728,105,0.34535193960436217,0.442142772355713,0.3435083046948126,-0.0018436349095495852
biogen_rlm,Biogen ADME,split1,ChemRasayan,full_mix,full_mix,tanimoto_ge_0_70,107,7,0.06542056074766354,100,0.34535193960436217,0.3515918844252582,0.3449151434668994,-0.00043679613746278045
biogen_rlm,Biogen ADME,split1,ChemRasayan,full_mix,full_mix,tanimoto_ge_0_80,107,3,0.028037383177570093,104,0.34535193960436217,0.3400901172554119,0.34550372294135107,0.00015178333698889768
biogen_rlm,Biogen ADME,split1,ChemRasayan,full_mix,full_mix,tanimoto_ge_0_90,107,2,0.018691588785046728,105,0.34535193960436217,0.442142772355713,0.3435083046948126,-0.0018436349095495852
biogen_rlm,Biogen ADME,split1,ChemRasayan,full_mix,full_mix,tanimoto_ge_0_95,107,2,0.018691588785046728,105,0.34535193960436217,0.442142772355713,0.3435083046948126,-0.0018436349095495852
biogen_rlm,Biogen ADME,split1,ChemRasayan,lora_mix,lora_mix,standardized_exact,107,2,0.018691588785046728,105,0.35098505667565516,0.2413226687615968,0.35307386406449437,0.002088807388839209
biogen_rlm,Biogen ADME,split1,ChemRasayan,lora_mix,lora_mix,connectivity_inchikey,107,2,0.018691588785046728,105,0.35098505667565516,0.2413226687615968,0.35307386406449437,0.002088807388839209
biogen_rlm,Biogen ADME,split1,ChemRasayan,lora_mix,lora_mix,tanimoto_ge_0_70,107,7,0.06542056074766354,100,0.35098505667565516,0.2699831119318151,0.35665519280772395,0.005670136132068793
biogen_rlm,Biogen ADME,split1,ChemRasayan,lora_mix,lora_mix,tanimoto_ge_0_80,107,3,0.028037383177570093,104,0.35098505667565516,0.24908001342806005,0.35392462523087426,0.0029395685552190964
biogen_rlm,Biogen ADME,split1,ChemRasayan,lora_mix,lora_mix,tanimoto_ge_0_90,107,2,0.018691588785046728,105,0.35098505667565516,0.2413226687615968,0.35307386406449437,0.002088807388839209
biogen_rlm,Biogen ADME,split1,ChemRasayan,lora_mix,lora_mix,tanimoto_ge_0_95,107,2,0.018691588785046728,105,0.35098505667565516,0.2413226687615968,0.35307386406449437,0.002088807388839209
biogen_rlm,Biogen ADME,split1,ChemRasayan,frozen_mix,frozen_mix,standardized_exact,107,2,0.018691588785046728,105,0.3761201384646064,0.20660268036428842,0.379349042428422,0.003228903963815588
biogen_rlm,Biogen ADME,split1,ChemRasayan,frozen_mix,frozen_mix,connectivity_inchikey,107,2,0.018691588785046728,105,0.3761201384646064,0.20660268036428842,0.379349042428422,0.003228903963815588
biogen_rlm,Biogen ADME,split1,ChemRasayan,frozen_mix,frozen_mix,tanimoto_ge_0_70,107,7,0.06542056074766354,100,0.3761201384646064,0.40521440682162047,0.37408353967961544,-0.0020365987849909617
biogen_rlm,Biogen ADME,split1,ChemRasayan,frozen_mix,frozen_mix,tanimoto_ge_0_80,107,3,0.028037383177570093,104,0.3761201384646064,0.1975166414177044,0.3812721624178825,0.005152023953276075
biogen_rlm,Biogen ADME,split1,ChemRasayan,frozen_mix,frozen_mix,tanimoto_ge_0_90,107,2,0.018691588785046728,105,0.3761201384646064,0.20660268036428842,0.379349042428422,0.003228903963815588
biogen_rlm,Biogen ADME,split1,ChemRasayan,frozen_mix,frozen_mix,tanimoto_ge_0_95,107,2,0.018691588785046728,105,0.3761201384646064,0.20660268036428842,0.379349042428422,0.003228903963815588
biogen_rlm,Biogen ADME,split1,ChemRasayan,validation_selected,lora_mix,standardized_exact,107,2,0.018691588785046728,105,0.35098505667565516,0.2413226687615968,0.35307386406449437,0.002088807388839209
biogen_rlm,Biogen ADME,split1,ChemRasayan,validation_selected,lora_mix,connectivity_inchikey,107,2,0.018691588785046728,105,0.35098505667565516,0.2413226687615968,0.35307386406449437,0.002088807388839209
biogen_rlm,Biogen ADME,split1,ChemRasayan,validation_selected,lora_mix,tanimoto_ge_0_70,107,7,0.06542056074766354,100,0.35098505667565516,0.2699831119318151,0.35665519280772395,0.005670136132068793
biogen_rlm,Biogen ADME,split1,ChemRasayan,validation_selected,lora_mix,tanimoto_ge_0_80,107,3,0.028037383177570093,104,0.35098505667565516,0.24908001342806005,0.35392462523087426,0.0029395685552190964
biogen_rlm,Biogen ADME,split1,ChemRasayan,validation_selected,lora_mix,tanimoto_ge_0_90,107,2,0.018691588785046728,105,0.35098505667565516,0.2413226687615968,0.35307386406449437,0.002088807388839209
biogen_rlm,Biogen ADME,split1,ChemRasayan,validation_selected,lora_mix,tanimoto_ge_0_95,107,2,0.018691588785046728,105,0.35098505667565516,0.2413226687615968,0.35307386406449437,0.002088807388839209
biogen_rlm,Biogen ADME,split2,ChemRasayan,full_mix,full_mix,standardized_exact,124,5,0.04032258064516129,119,0.4026366415978176,0.30151588168610843,0.40688541302267944,0.0042487714248618524
biogen_rlm,Biogen ADME,split2,ChemRasayan,full_mix,full_mix,connectivity_inchikey,124,6,0.04838709677419355,118,0.4026366415978176,0.33398364836029054,0.40612747176243763,0.00349083016462004
biogen_rlm,Biogen ADME,split2,ChemRasayan,full_mix,full_mix,tanimoto_ge_0_70,124,9,0.07258064516129033,115,0.4026366415978176,0.2942218038948093,0.41112128107022694,0.00848463947240935
biogen_rlm,Biogen ADME,split2,ChemRasayan,full_mix,full_mix,tanimoto_ge_0_80,124,6,0.04838709677419355,118,0.4026366415978176,0.33398364836029054,0.40612747176243763,0.00349083016462004
biogen_rlm,Biogen ADME,split2,ChemRasayan,full_mix,full_mix,tanimoto_ge_0_90,124,6,0.04838709677419355,118,0.4026366415978176,0.33398364836029054,0.40612747176243763,0.00349083016462004
biogen_rlm,Biogen ADME,split2,ChemRasayan,full_mix,full_mix,tanimoto_ge_0_95,124,6,0.04838709677419355,118,0.4026366415978176,0.33398364836029054,0.40612747176243763,0.00349083016462004
biogen_rlm,Biogen ADME,split2,ChemRasayan,lora_mix,lora_mix,standardized_exact,124,5,0.04032258064516129,119,0.3744872768136926,0.4283112824611572,0.3722257639713622,-0.002261512842330393
biogen_rlm,Biogen ADME,split2,ChemRasayan,lora_mix,lora_mix,connectivity_inchikey,124,6,0.04838709677419355,118,0.3744872768136926,0.40707659708559163,0.3728301927320707,-0.0016570840816219068
biogen_rlm,Biogen ADME,split2,ChemRasayan,lora_mix,lora_mix,tanimoto_ge_0_70,124,9,0.07258064516129033,115,0.3744872768136926,0.3515816280614421,0.3762798928029992,0.001792615989306634
biogen_rlm,Biogen ADME,split2,ChemRasayan,lora_mix,lora_mix,tanimoto_ge_0_80,124,6,0.04838709677419355,118,0.3744872768136926,0.40707659708559163,0.3728301927320707,-0.0016570840816219068
biogen_rlm,Biogen ADME,split2,ChemRasayan,lora_mix,lora_mix,tanimoto_ge_0_90,124,6,0.04838709677419355,118,0.3744872768136926,0.40707659708559163,0.3728301927320707,-0.0016570840816219068
biogen_rlm,Biogen ADME,split2,ChemRasayan,lora_mix,lora_mix,tanimoto_ge_0_95,124,6,0.04838709677419355,118,0.3744872768136926,0.40707659708559163,0.3728301927320707,-0.0016570840816219068
biogen_rlm,Biogen ADME,split2,ChemRasayan,frozen_mix,frozen_mix,standardized_exact,124,5,0.04032258064516129,119,0.3914779877768958,0.2981139958553222,0.3954008445803234,0.003922856803427577
biogen_rlm,Biogen ADME,split2,ChemRasayan,frozen_mix,frozen_mix,connectivity_inchikey,124,6,0.04838709677419355,118,0.3914779877768958,0.289582490792867,0.3966591147421854,0.005181126965289606
biogen_rlm,Biogen ADME,split2,ChemRasayan,frozen_mix,frozen_mix,tanimoto_ge_0_70,124,9,0.07258064516129033,115,0.3914779877768958,0.3001685826595594,0.39862394122086126,0.007145953443965458
biogen_rlm,Biogen ADME,split2,ChemRasayan,frozen_mix,frozen_mix,tanimoto_ge_0_80,124,6,0.04838709677419355,118,0.3914779877768958,0.289582490792867,0.3966591147421854,0.005181126965289606
biogen_rlm,Biogen ADME,split2,ChemRasayan,frozen_mix,frozen_mix,tanimoto_ge_0_90,124,6,0.04838709677419355,118,0.3914779877768958,0.289582490792867,0.3966591147421854,0.005181126965289606
biogen_rlm,Biogen ADME,split2,ChemRasayan,frozen_mix,frozen_mix,tanimoto_ge_0_95,124,6,0.04838709677419355,118,0.3914779877768958,0.289582490792867,0.3966591147421854,0.005181126965289606
biogen_rlm,Biogen ADME,split2,ChemRasayan,validation_selected,lora_mix,standardized_exact,124,5,0.04032258064516129,119,0.3744872768136926,0.4283112824611572,0.3722257639713622,-0.002261512842330393
biogen_rlm,Biogen ADME,split2,ChemRasayan,validation_selected,lora_mix,connectivity_inchikey,124,6,0.04838709677419355,118,0.3744872768136926,0.40707659708559163,0.3728301927320707,-0.0016570840816219068
biogen_rlm,Biogen ADME,split2,ChemRasayan,validation_selected,lora_mix,tanimoto_ge_0_70,124,9,0.07258064516129033,115,0.3744872768136926,0.3515816280614421,0.3762798928029992,0.001792615989306634
biogen_rlm,Biogen ADME,split2,ChemRasayan,validation_selected,lora_mix,tanimoto_ge_0_80,124,6,0.04838709677419355,118,0.3744872768136926,0.40707659708559163,0.3728301927320707,-0.0016570840816219068
biogen_rlm,Biogen ADME,split2,ChemRasayan,validation_selected,lora_mix,tanimoto_ge_0_90,124,6,0.04838709677419355,118,0.3744872768136926,0.40707659708559163,0.3728301927320707,-0.0016570840816219068
biogen_rlm,Biogen ADME,split2,ChemRasayan,validation_selected,lora_mix,tanimoto_ge_0_95,124,6,0.04838709677419355,118,0.3744872768136926,0.40707659708559163,0.3728301927320707,-0.0016570840816219068
biogen_rlm,Biogen ADME,split3,ChemRasayan,full_mix,full_mix,standardized_exact,104,4,0.038461538461538464,100,0.3805276736174985,0.2662865103989257,0.38509732014624143,0.004569646528742921
biogen_rlm,Biogen ADME,split3,ChemRasayan,full_mix,full_mix,connectivity_inchikey,104,5,0.04807692307692308,99,0.3805276736174985,0.24638208477631834,0.38730270335695205,0.006775029739453542
biogen_rlm,Biogen ADME,split3,ChemRasayan,full_mix,full_mix,tanimoto_ge_0_70,104,12,0.11538461538461539,92,0.3805276736174985,0.31713926917849733,0.38879572637041176,0.008268052752913257
biogen_rlm,Biogen ADME,split3,ChemRasayan,full_mix,full_mix,tanimoto_ge_0_80,104,8,0.07692307692307693,96,0.3805276736174985,0.21486832829953,0.39433261906066247,0.013804945443163963
biogen_rlm,Biogen ADME,split3,ChemRasayan,full_mix,full_mix,tanimoto_ge_0_90,104,5,0.04807692307692308,99,0.3805276736174985,0.24638208477631834,0.38730270335695205,0.006775029739453542
biogen_rlm,Biogen ADME,split3,ChemRasayan,full_mix,full_mix,tanimoto_ge_0_95,104,5,0.04807692307692308,99,0.3805276736174985,0.24638208477631834,0.38730270335695205,0.006775029739453542
biogen_rlm,Biogen ADME,split3,ChemRasayan,lora_mix,lora_mix,standardized_exact,104,4,0.038461538461538464,100,0.4049417326255965,0.20705360325228883,0.41285725780052884,0.007915525174932325
biogen_rlm,Biogen ADME,split3,ChemRasayan,lora_mix,lora_mix,connectivity_inchikey,104,5,0.04807692307692308,99,0.4049417326255965,0.20016901688676764,0.41528378897604246,0.010342056350445938
biogen_rlm,Biogen ADME,split3,ChemRasayan,lora_mix,lora_mix,tanimoto_ge_0_70,104,12,0.11538461538461539,92,0.4049417326255965,0.29192588745377096,0.4196829298219216,0.014741197196325106
biogen_rlm,Biogen ADME,split3,ChemRasayan,lora_mix,lora_mix,tanimoto_ge_0_80,104,8,0.07692307692307693,96,0.4049417326255965,0.2087174187115784,0.42129375878509806,0.016352026159501543
biogen_rlm,Biogen ADME,split3,ChemRasayan,lora_mix,lora_mix,tanimoto_ge_0_90,104,5,0.04807692307692308,99,0.4049417326255965,0.20016901688676764,0.41528378897604246,0.010342056350445938
biogen_rlm,Biogen ADME,split3,ChemRasayan,lora_mix,lora_mix,tanimoto_ge_0_95,104,5,0.04807692307692308,99,0.4049417326255965,0.20016901688676764,0.41528378897604246,0.010342056350445938
biogen_rlm,Biogen ADME,split3,ChemRasayan,frozen_mix,frozen_mix,standardized_exact,104,4,0.038461538461538464,100,0.4358877237313681,0.3200708335342254,0.4405203993392538,0.004632675607885717
biogen_rlm,Biogen ADME,split3,ChemRasayan,frozen_mix,frozen_mix,connectivity_inchikey,104,5,0.04807692307692308,99,0.4358877237313681,0.29896693200228264,0.442802915232837,0.006915191501468909
biogen_rlm,Biogen ADME,split3,ChemRasayan,frozen_mix,frozen_mix,tanimoto_ge_0_70,104,12,0.11538461538461539,92,0.4358877237313681,0.3551958276874491,0.4464127536501401,0.010525029918772022
biogen_rlm,Biogen ADME,split3,ChemRasayan,frozen_mix,frozen_mix,tanimoto_ge_0_80,104,8,0.07692307692307693,96,0.4358877237313681,0.23991694433080285,0.45221862201474855,0.01633089828338047
biogen_rlm,Biogen ADME,split3,ChemRasayan,frozen_mix,frozen_mix,tanimoto_ge_0_90,104,5,0.04807692307692308,99,0.4358877237313681,0.29896693200228264,0.442802915232837,0.006915191501468909
biogen_rlm,Biogen ADME,split3,ChemRasayan,frozen_mix,frozen_mix,tanimoto_ge_0_95,104,5,0.04807692307692308,99,0.4358877237313681,0.29896693200228264,0.442802915232837,0.006915191501468909
biogen_rlm,Biogen ADME,split3,ChemRasayan,validation_selected,full_mix,standardized_exact,104,4,0.038461538461538464,100,0.3805276736174985,0.2662865103989257,0.38509732014624143,0.004569646528742921
biogen_rlm,Biogen ADME,split3,ChemRasayan,validation_selected,full_mix,connectivity_inchikey,104,5,0.04807692307692308,99,0.3805276736174985,0.24638208477631834,0.38730270335695205,0.006775029739453542
biogen_rlm,Biogen ADME,split3,ChemRasayan,validation_selected,full_mix,tanimoto_ge_0_70,104,12,0.11538461538461539,92,0.3805276736174985,0.31713926917849733,0.38879572637041176,0.008268052752913257
biogen_rlm,Biogen ADME,split3,ChemRasayan,validation_selected,full_mix,tanimoto_ge_0_80,104,8,0.07692307692307693,96,0.3805276736174985,0.21486832829953,0.39433261906066247,0.013804945443163963
biogen_rlm,Biogen ADME,split3,ChemRasayan,validation_selected,full_mix,tanimoto_ge_0_90,104,5,0.04807692307692308,99,0.3805276736174985,0.24638208477631834,0.38730270335695205,0.006775029739453542
biogen_rlm,Biogen ADME,split3,ChemRasayan,validation_selected,full_mix,tanimoto_ge_0_95,104,5,0.04807692307692308,99,0.3805276736174985,0.24638208477631834,0.38730270335695205,0.006775029739453542
biogen_rppb,Biogen ADME,split1,ChemRasayan,full_mix,full_mix,standardized_exact,20,1,0.05,19,0.4319495692154892,0.05144557454449461,0.4519760952508046,0.020026526035315406
biogen_rppb,Biogen ADME,split1,ChemRasayan,full_mix,full_mix,connectivity_inchikey,20,1,0.05,19,0.4319495692154892,0.05144557454449461,0.4519760952508046,0.020026526035315406
biogen_rppb,Biogen ADME,split1,ChemRasayan,full_mix,full_mix,tanimoto_ge_0_70,20,2,0.1,18,0.4319495692154892,0.2377173226052856,0.4535309299499562,0.02158136073446698
biogen_rppb,Biogen ADME,split1,ChemRasayan,full_mix,full_mix,tanimoto_ge_0_80,20,1,0.05,19,0.4319495692154892,0.05144557454449461,0.4519760952508046,0.020026526035315406
biogen_rppb,Biogen ADME,split1,ChemRasayan,full_mix,full_mix,tanimoto_ge_0_90,20,1,0.05,19,0.4319495692154892,0.05144557454449461,0.4519760952508046,0.020026526035315406
biogen_rppb,Biogen ADME,split1,ChemRasayan,full_mix,full_mix,tanimoto_ge_0_95,20,1,0.05,19,0.4319495692154892,0.05144557454449461,0.4519760952508046,0.020026526035315406
biogen_rppb,Biogen ADME,split1,ChemRasayan,lora_mix,lora_mix,standardized_exact,20,1,0.05,19,0.522136536038664,0.08362194993359373,0.5452162510968255,0.023079715058161532
biogen_rppb,Biogen ADME,split1,ChemRasayan,lora_mix,lora_mix,connectivity_inchikey,20,1,0.05,19,0.522136536038664,0.08362194993359373,0.5452162510968255,0.023079715058161532
biogen_rppb,Biogen ADME,split1,ChemRasayan,lora_mix,lora_mix,tanimoto_ge_0_70,20,2,0.1,18,0.522136536038664,0.25139229704681393,0.5522192292599806,0.030082693221316625
biogen_rppb,Biogen ADME,split1,ChemRasayan,lora_mix,lora_mix,tanimoto_ge_0_80,20,1,0.05,19,0.522136536038664,0.08362194993359373,0.5452162510968255,0.023079715058161532
biogen_rppb,Biogen ADME,split1,ChemRasayan,lora_mix,lora_mix,tanimoto_ge_0_90,20,1,0.05,19,0.522136536038664,0.08362194993359373,0.5452162510968255,0.023079715058161532
biogen_rppb,Biogen ADME,split1,ChemRasayan,lora_mix,lora_mix,tanimoto_ge_0_95,20,1,0.05,19,0.522136536038664,0.08362194993359373,0.5452162510968255,0.023079715058161532
biogen_rppb,Biogen ADME,split1,ChemRasayan,frozen_mix,frozen_mix,standardized_exact,20,1,0.05,19,0.4532789322082591,0.19953027269976809,0.46663412481396915,0.013355192605710053
biogen_rppb,Biogen ADME,split1,ChemRasayan,frozen_mix,frozen_mix,connectivity_inchikey,20,1,0.05,19,0.4532789322082591,0.19953027269976809,0.46663412481396915,0.013355192605710053
biogen_rppb,Biogen ADME,split1,ChemRasayan,frozen_mix,frozen_mix,tanimoto_ge_0_70,20,2,0.1,18,0.4532789322082591,0.38093890857180784,0.46131671261230917,0.008037780404050066
biogen_rppb,Biogen ADME,split1,ChemRasayan,frozen_mix,frozen_mix,tanimoto_ge_0_80,20,1,0.05,19,0.4532789322082591,0.19953027269976809,0.46663412481396915,0.013355192605710053
biogen_rppb,Biogen ADME,split1,ChemRasayan,frozen_mix,frozen_mix,tanimoto_ge_0_90,20,1,0.05,19,0.4532789322082591,0.19953027269976809,0.46663412481396915,0.013355192605710053
biogen_rppb,Biogen ADME,split1,ChemRasayan,frozen_mix,frozen_mix,tanimoto_ge_0_95,20,1,0.05,19,0.4532789322082591,0.19953027269976809,0.46663412481396915,0.013355192605710053
biogen_rppb,Biogen ADME,split1,ChemRasayan,validation_selected,lora_mix,standardized_exact,20,1,0.05,19,0.522136536038664,0.08362194993359373,0.5452162510968255,0.023079715058161532
biogen_rppb,Biogen ADME,split1,ChemRasayan,validation_selected,lora_mix,connectivity_inchikey,20,1,0.05,19,0.522136536038664,0.08362194993359373,0.5452162510968255,0.023079715058161532
biogen_rppb,Biogen ADME,split1,ChemRasayan,validation_selected,lora_mix,tanimoto_ge_0_70,20,2,0.1,18,0.522136536038664,0.25139229704681393,0.5522192292599806,0.030082693221316625
biogen_rppb,Biogen ADME,split1,ChemRasayan,validation_selected,lora_mix,tanimoto_ge_0_80,20,1,0.05,19,0.522136536038664,0.08362194993359373,0.5452162510968255,0.023079715058161532
biogen_rppb,Biogen ADME,split1,ChemRasayan,validation_selected,lora_mix,tanimoto_ge_0_90,20,1,0.05,19,0.522136536038664,0.08362194993359373,0.5452162510968255,0.023079715058161532
biogen_rppb,Biogen ADME,split1,ChemRasayan,validation_selected,lora_mix,tanimoto_ge_0_95,20,1,0.05,19,0.522136536038664,0.08362194993359373,0.5452162510968255,0.023079715058161532
biogen_rppb,Biogen ADME,split2,ChemRasayan,full_mix,full_mix,standardized_exact,20,4,0.2,16,0.5236968427846097,0.36414631038264655,0.5635844758851005,0.039887633100490816
biogen_rppb,Biogen ADME,split2,ChemRasayan,full_mix,full_mix,connectivity_inchikey,20,4,0.2,16,0.5236968427846097,0.36414631038264655,0.5635844758851005,0.039887633100490816
biogen_rppb,Biogen ADME,split2,ChemRasayan,full_mix,full_mix,tanimoto_ge_0_70,20,5,0.25,15,0.5236968427846097,0.31504584293366855,0.5932471760682567,0.06955033328364701
biogen_rppb,Biogen ADME,split2,ChemRasayan,full_mix,full_mix,tanimoto_ge_0_80,20,5,0.25,15,0.5236968427846097,0.31504584293366855,0.5932471760682567,0.06955033328364701
biogen_rppb,Biogen ADME,split2,ChemRasayan,full_mix,full_mix,tanimoto_ge_0_90,20,5,0.25,15,0.5236968427846097,0.31504584293366855,0.5932471760682567,0.06955033328364701
biogen_rppb,Biogen ADME,split2,ChemRasayan,full_mix,full_mix,tanimoto_ge_0_95,20,4,0.2,16,0.5236968427846097,0.36414631038264655,0.5635844758851005,0.039887633100490816
biogen_rppb,Biogen ADME,split2,ChemRasayan,lora_mix,lora_mix,standardized_exact,20,4,0.2,16,0.5459884570710166,0.46792122490064525,0.5655052651136095,0.019516808042592926
biogen_rppb,Biogen ADME,split2,ChemRasayan,lora_mix,lora_mix,connectivity_inchikey,20,4,0.2,16,0.5459884570710166,0.46792122490064525,0.5655052651136095,0.019516808042592926
biogen_rppb,Biogen ADME,split2,ChemRasayan,lora_mix,lora_mix,tanimoto_ge_0_70,20,5,0.25,15,0.5459884570710166,0.39196137677432474,0.597330817169914,0.051342360098897366
biogen_rppb,Biogen ADME,split2,ChemRasayan,lora_mix,lora_mix,tanimoto_ge_0_80,20,5,0.25,15,0.5459884570710166,0.39196137677432474,0.597330817169914,0.051342360098897366
biogen_rppb,Biogen ADME,split2,ChemRasayan,lora_mix,lora_mix,tanimoto_ge_0_90,20,5,0.25,15,0.5459884570710166,0.39196137677432474,0.597330817169914,0.051342360098897366
biogen_rppb,Biogen ADME,split2,ChemRasayan,lora_mix,lora_mix,tanimoto_ge_0_95,20,4,0.2,16,0.5459884570710166,0.46792122490064525,0.5655052651136095,0.019516808042592926
biogen_rppb,Biogen ADME,split2,ChemRasayan,frozen_mix,frozen_mix,standardized_exact,20,4,0.2,16,0.5699566099696292,0.5362142431672039,0.5783922016702353,0.008435591700606149
biogen_rppb,Biogen ADME,split2,ChemRasayan,frozen_mix,frozen_mix,connectivity_inchikey,20,4,0.2,16,0.5699566099696292,0.5362142431672039,0.5783922016702353,0.008435591700606149
biogen_rppb,Biogen ADME,split2,ChemRasayan,frozen_mix,frozen_mix,tanimoto_ge_0_70,20,5,0.25,15,0.5699566099696292,0.43210197872090905,0.6159081537192024,0.04595154374957322
biogen_rppb,Biogen ADME,split2,ChemRasayan,frozen_mix,frozen_mix,tanimoto_ge_0_80,20,5,0.25,15,0.5699566099696292,0.43210197872090905,0.6159081537192024,0.04595154374957322
biogen_rppb,Biogen ADME,split2,ChemRasayan,frozen_mix,frozen_mix,tanimoto_ge_0_90,20,5,0.25,15,0.5699566099696292,0.43210197872090905,0.6159081537192024,0.04595154374957322
biogen_rppb,Biogen ADME,split2,ChemRasayan,frozen_mix,frozen_mix,tanimoto_ge_0_95,20,4,0.2,16,0.5699566099696292,0.5362142431672039,0.5783922016702353,0.008435591700606149
biogen_rppb,Biogen ADME,split2,ChemRasayan,validation_selected,full_mix,standardized_exact,20,4,0.2,16,0.5236968427846097,0.36414631038264655,0.5635844758851005,0.039887633100490816
biogen_rppb,Biogen ADME,split2,ChemRasayan,validation_selected,full_mix,connectivity_inchikey,20,4,0.2,16,0.5236968427846097,0.36414631038264655,0.5635844758851005,0.039887633100490816
biogen_rppb,Biogen ADME,split2,ChemRasayan,validation_selected,full_mix,tanimoto_ge_0_70,20,5,0.25,15,0.5236968427846097,0.31504584293366855,0.5932471760682567,0.06955033328364701
biogen_rppb,Biogen ADME,split2,ChemRasayan,validation_selected,full_mix,tanimoto_ge_0_80,20,5,0.25,15,0.5236968427846097,0.31504584293366855,0.5932471760682567,0.06955033328364701
biogen_rppb,Biogen ADME,split2,ChemRasayan,validation_selected,full_mix,tanimoto_ge_0_90,20,5,0.25,15,0.5236968427846097,0.31504584293366855,0.5932471760682567,0.06955033328364701
biogen_rppb,Biogen ADME,split2,ChemRasayan,validation_selected,full_mix,tanimoto_ge_0_95,20,4,0.2,16,0.5236968427846097,0.36414631038264655,0.5635844758851005,0.039887633100490816
biogen_rppb,Biogen ADME,split3,ChemRasayan,full_mix,full_mix,standardized_exact,20,2,0.1,18,0.37872479009033944,0.5250423502531738,0.3624672834055801,-0.016257506684759337
biogen_rppb,Biogen ADME,split3,ChemRasayan,full_mix,full_mix,connectivity_inchikey,20,2,0.1,18,0.37872479009033944,0.5250423502531738,0.3624672834055801,-0.016257506684759337
biogen_rppb,Biogen ADME,split3,ChemRasayan,full_mix,full_mix,tanimoto_ge_0_70,20,3,0.15,17,0.37872479009033944,0.5236626394369812,0.35314752255857906,-0.025577267531760373
biogen_rppb,Biogen ADME,split3,ChemRasayan,full_mix,full_mix,tanimoto_ge_0_80,20,3,0.15,17,0.37872479009033944,0.5236626394369812,0.35314752255857906,-0.025577267531760373
biogen_rppb,Biogen ADME,split3,ChemRasayan,full_mix,full_mix,tanimoto_ge_0_90,20,2,0.1,18,0.37872479009033944,0.5250423502531738,0.3624672834055801,-0.016257506684759337
biogen_rppb,Biogen ADME,split3,ChemRasayan,full_mix,full_mix,tanimoto_ge_0_95,20,2,0.1,18,0.37872479009033944,0.5250423502531738,0.3624672834055801,-0.016257506684759337
biogen_rppb,Biogen ADME,split3,ChemRasayan,lora_mix,lora_mix,standardized_exact,20,2,0.1,18,0.37105350141048427,0.5529560696688385,0.35084210493733387,-0.0202113964731504
biogen_rppb,Biogen ADME,split3,ChemRasayan,lora_mix,lora_mix,connectivity_inchikey,20,2,0.1,18,0.37105350141048427,0.5529560696688385,0.35084210493733387,-0.0202113964731504
biogen_rppb,Biogen ADME,split3,ChemRasayan,lora_mix,lora_mix,tanimoto_ge_0_70,20,3,0.15,17,0.37105350141048427,0.6140687393922221,0.3281684594137071,-0.04288504199677717
biogen_rppb,Biogen ADME,split3,ChemRasayan,lora_mix,lora_mix,tanimoto_ge_0_80,20,3,0.15,17,0.37105350141048427,0.6140687393922221,0.3281684594137071,-0.04288504199677717
biogen_rppb,Biogen ADME,split3,ChemRasayan,lora_mix,lora_mix,tanimoto_ge_0_90,20,2,0.1,18,0.37105350141048427,0.5529560696688385,0.35084210493733387,-0.0202113964731504
biogen_rppb,Biogen ADME,split3,ChemRasayan,lora_mix,lora_mix,tanimoto_ge_0_95,20,2,0.1,18,0.37105350141048427,0.5529560696688385,0.35084210493733387,-0.0202113964731504
biogen_rppb,Biogen ADME,split3,ChemRasayan,frozen_mix,frozen_mix,standardized_exact,20,2,0.1,18,0.43381924391922144,0.8275398861971588,0.3900725058883395,-0.043746738030881915
biogen_rppb,Biogen ADME,split3,ChemRasayan,frozen_mix,frozen_mix,connectivity_inchikey,20,2,0.1,18,0.43381924391922144,0.8275398861971588,0.3900725058883395,-0.043746738030881915
biogen_rppb,Biogen ADME,split3,ChemRasayan,frozen_mix,frozen_mix,tanimoto_ge_0_70,20,3,0.15,17,0.43381924391922144,0.69589618124352,0.3875703726266982,-0.04624887129252325
biogen_rppb,Biogen ADME,split3,ChemRasayan,frozen_mix,frozen_mix,tanimoto_ge_0_80,20,3,0.15,17,0.43381924391922144,0.69589618124352,0.3875703726266982,-0.04624887129252325
biogen_rppb,Biogen ADME,split3,ChemRasayan,frozen_mix,frozen_mix,tanimoto_ge_0_90,20,2,0.1,18,0.43381924391922144,0.8275398861971588,0.3900725058883395,-0.043746738030881915
biogen_rppb,Biogen ADME,split3,ChemRasayan,frozen_mix,frozen_mix,tanimoto_ge_0_95,20,2,0.1,18,0.43381924391922144,0.8275398861971588,0.3900725058883395,-0.043746738030881915
biogen_rppb,Biogen ADME,split3,ChemRasayan,validation_selected,frozen_mix,standardized_exact,20,2,0.1,18,0.43381924391922144,0.8275398861971588,0.3900725058883395,-0.043746738030881915
biogen_rppb,Biogen ADME,split3,ChemRasayan,validation_selected,frozen_mix,connectivity_inchikey,20,2,0.1,18,0.43381924391922144,0.8275398861971588,0.3900725058883395,-0.043746738030881915
biogen_rppb,Biogen ADME,split3,ChemRasayan,validation_selected,frozen_mix,tanimoto_ge_0_70,20,3,0.15,17,0.43381924391922144,0.69589618124352,0.3875703726266982,-0.04624887129252325
biogen_rppb,Biogen ADME,split3,ChemRasayan,validation_selected,frozen_mix,tanimoto_ge_0_80,20,3,0.15,17,0.43381924391922144,0.69589618124352,0.3875703726266982,-0.04624887129252325
biogen_rppb,Biogen ADME,split3,ChemRasayan,validation_selected,frozen_mix,tanimoto_ge_0_90,20,2,0.1,18,0.43381924391922144,0.8275398861971588,0.3900725058883395,-0.043746738030881915
biogen_rppb,Biogen ADME,split3,ChemRasayan,validation_selected,frozen_mix,tanimoto_ge_0_95,20,2,0.1,18,0.43381924391922144,0.8275398861971588,0.3900725058883395,-0.043746738030881915
biogen_solubility,Biogen ADME,split1,ChemRasayan,full_mix,full_mix,standardized_exact,98,5,0.05102040816326531,93,0.37153964334323314,0.529607529888208,0.3630413698730732,-0.008498273470159912
biogen_solubility,Biogen ADME,split1,ChemRasayan,full_mix,full_mix,connectivity_inchikey,98,6,0.061224489795918366,92,0.37153964334323314,0.44968372265175366,0.3664432903448514,-0.005096352998381737
biogen_solubility,Biogen ADME,split1,ChemRasayan,full_mix,full_mix,tanimoto_ge_0_70,98,11,0.11224489795918367,87,0.37153964334323314,0.553976471598924,0.348472917931594,-0.023066725411639122
biogen_solubility,Biogen ADME,split1,ChemRasayan,full_mix,full_mix,tanimoto_ge_0_80,98,6,0.061224489795918366,92,0.37153964334323314,0.44968372265175366,0.3664432903448514,-0.005096352998381737
biogen_solubility,Biogen ADME,split1,ChemRasayan,full_mix,full_mix,tanimoto_ge_0_90,98,6,0.061224489795918366,92,0.37153964334323314,0.44968372265175366,0.3664432903448514,-0.005096352998381737
biogen_solubility,Biogen ADME,split1,ChemRasayan,full_mix,full_mix,tanimoto_ge_0_95,98,6,0.061224489795918366,92,0.37153964334323314,0.44968372265175366,0.3664432903448514,-0.005096352998381737
biogen_solubility,Biogen ADME,split1,ChemRasayan,lora_mix,lora_mix,standardized_exact,98,5,0.05102040816326531,93,0.3742355627121647,0.5302092268562866,0.3658498818442011,-0.008385680867963596
biogen_solubility,Biogen ADME,split1,ChemRasayan,lora_mix,lora_mix,connectivity_inchikey,98,6,0.061224489795918366,92,0.3742355627121647,0.4488480059273579,0.36936953380682597,-0.004866028905338715
biogen_solubility,Biogen ADME,split1,ChemRasayan,lora_mix,lora_mix,tanimoto_ge_0_70,98,11,0.11224489795918367,87,0.3742355627121647,0.5316022046710316,0.3543386309702389,-0.019896931741925805
biogen_solubility,Biogen ADME,split1,ChemRasayan,lora_mix,lora_mix,tanimoto_ge_0_80,98,6,0.061224489795918366,92,0.3742355627121647,0.4488480059273579,0.36936953380682597,-0.004866028905338715
biogen_solubility,Biogen ADME,split1,ChemRasayan,lora_mix,lora_mix,tanimoto_ge_0_90,98,6,0.061224489795918366,92,0.3742355627121647,0.4488480059273579,0.36936953380682597,-0.004866028905338715
biogen_solubility,Biogen ADME,split1,ChemRasayan,lora_mix,lora_mix,tanimoto_ge_0_95,98,6,0.061224489795918366,92,0.3742355627121647,0.4488480059273579,0.36936953380682597,-0.004866028905338715
biogen_solubility,Biogen ADME,split1,ChemRasayan,frozen_mix,frozen_mix,standardized_exact,98,5,0.05102040816326531,93,0.3958338312898901,0.7016637637711121,0.3793913618016524,-0.016442469488237688
biogen_solubility,Biogen ADME,split1,ChemRasayan,frozen_mix,frozen_mix,connectivity_inchikey,98,6,0.061224489795918366,92,0.3958338312898901,0.61066957990006,0.3818228042066182,-0.014011027083271899
biogen_solubility,Biogen ADME,split1,ChemRasayan,frozen_mix,frozen_mix,tanimoto_ge_0_70,98,11,0.11224489795918367,87,0.3958338312898901,0.5643451507932823,0.3745278023871624,-0.021306028902727703
biogen_solubility,Biogen ADME,split1,ChemRasayan,frozen_mix,frozen_mix,tanimoto_ge_0_80,98,6,0.061224489795918366,92,0.3958338312898901,0.61066957990006,0.3818228042066182,-0.014011027083271899
biogen_solubility,Biogen ADME,split1,ChemRasayan,frozen_mix,frozen_mix,tanimoto_ge_0_90,98,6,0.061224489795918366,92,0.3958338312898901,0.61066957990006,0.3818228042066182,-0.014011027083271899
biogen_solubility,Biogen ADME,split1,ChemRasayan,frozen_mix,frozen_mix,tanimoto_ge_0_95,98,6,0.061224489795918366,92,0.3958338312898901,0.61066957990006,0.3818228042066182,-0.014011027083271899
biogen_solubility,Biogen ADME,split1,ChemRasayan,validation_selected,full_mix,standardized_exact,98,5,0.05102040816326531,93,0.37153964334323314,0.529607529888208,0.3630413698730732,-0.008498273470159912
biogen_solubility,Biogen ADME,split1,ChemRasayan,validation_selected,full_mix,connectivity_inchikey,98,6,0.061224489795918366,92,0.37153964334323314,0.44968372265175366,0.3664432903448514,-0.005096352998381737
biogen_solubility,Biogen ADME,split1,ChemRasayan,validation_selected,full_mix,tanimoto_ge_0_70,98,11,0.11224489795918367,87,0.37153964334323314,0.553976471598924,0.348472917931594,-0.023066725411639122
biogen_solubility,Biogen ADME,split1,ChemRasayan,validation_selected,full_mix,tanimoto_ge_0_80,98,6,0.061224489795918366,92,0.37153964334323314,0.44968372265175366,0.3664432903448514,-0.005096352998381737
biogen_solubility,Biogen ADME,split1,ChemRasayan,validation_selected,full_mix,tanimoto_ge_0_90,98,6,0.061224489795918366,92,0.37153964334323314,0.44968372265175366,0.3664432903448514,-0.005096352998381737
biogen_solubility,Biogen ADME,split1,ChemRasayan,validation_selected,full_mix,tanimoto_ge_0_95,98,6,0.061224489795918366,92,0.37153964334323314,0.44968372265175366,0.3664432903448514,-0.005096352998381737
biogen_solubility,Biogen ADME,split2,ChemRasayan,full_mix,full_mix,standardized_exact,113,10,0.08849557522123894,103,0.3706785538410473,0.429911502635978,0.36492778211338417,-0.00575077172766314
biogen_solubility,Biogen ADME,split2,ChemRasayan,full_mix,full_mix,connectivity_inchikey,113,12,0.10619469026548672,101,0.3706785538410473,0.3808252685280082,0.3694730035812104,-0.0012055502598369294
biogen_solubility,Biogen ADME,split2,ChemRasayan,full_mix,full_mix,tanimoto_ge_0_70,113,14,0.12389380530973451,99,0.3706785538410473,0.3536879238356307,0.3730812691953486,0.0024027153543013102
biogen_solubility,Biogen ADME,split2,ChemRasayan,full_mix,full_mix,tanimoto_ge_0_80,113,12,0.10619469026548672,101,0.3706785538410473,0.4033971077390779,0.3667912009026674,-0.0038873529383798844
biogen_solubility,Biogen ADME,split2,ChemRasayan,full_mix,full_mix,tanimoto_ge_0_90,113,11,0.09734513274336283,102,0.3706785538410473,0.415146930227942,0.36588294462285276,-0.004795609218194552
biogen_solubility,Biogen ADME,split2,ChemRasayan,full_mix,full_mix,tanimoto_ge_0_95,113,11,0.09734513274336283,102,0.3706785538410473,0.415146930227942,0.36588294462285276,-0.004795609218194552
biogen_solubility,Biogen ADME,split2,ChemRasayan,lora_mix,lora_mix,standardized_exact,113,10,0.08849557522123894,103,0.3294712839143243,0.30809276656326295,0.3315468681231651,0.002075584208840797
biogen_solubility,Biogen ADME,split2,ChemRasayan,lora_mix,lora_mix,connectivity_inchikey,113,12,0.10619469026548672,101,0.3294712839143243,0.2918879339140625,0.33393663242920674,0.00446534851488245
biogen_solubility,Biogen ADME,split2,ChemRasayan,lora_mix,lora_mix,tanimoto_ge_0_70,113,14,0.12389380530973451,99,0.3294712839143243,0.2835651689077759,0.33596305775363405,0.006491773839309767
biogen_solubility,Biogen ADME,split2,ChemRasayan,lora_mix,lora_mix,tanimoto_ge_0_80,113,12,0.10619469026548672,101,0.3294712839143243,0.2999893548121541,0.3329740873720078,0.003502803457683501
biogen_solubility,Biogen ADME,split2,ChemRasayan,lora_mix,lora_mix,tanimoto_ge_0_90,113,11,0.09734513274336283,102,0.3294712839143243,0.31187608265060146,0.3313688056192355,0.001897521704911198
biogen_solubility,Biogen ADME,split2,ChemRasayan,lora_mix,lora_mix,tanimoto_ge_0_95,113,11,0.09734513274336283,102,0.3294712839143243,0.31187608265060146,0.3313688056192355,0.001897521704911198
biogen_solubility,Biogen ADME,split2,ChemRasayan,frozen_mix,frozen_mix,standardized_exact,113,10,0.08849557522123894,103,0.3529132222239123,0.314429208422583,0.3566495342434589,0.003736312019546606
biogen_solubility,Biogen ADME,split2,ChemRasayan,frozen_mix,frozen_mix,connectivity_inchikey,113,12,0.10619469026548672,101,0.3529132222239123,0.29290065923478187,0.36004342772757136,0.0071302055036590595
biogen_solubility,Biogen ADME,split2,ChemRasayan,frozen_mix,frozen_mix,tanimoto_ge_0_70,113,14,0.12389380530973451,99,0.3529132222239123,0.3266296377565613,0.35663009275464885,0.003716870530736549
biogen_solubility,Biogen ADME,split2,ChemRasayan,frozen_mix,frozen_mix,tanimoto_ge_0_80,113,12,0.10619469026548672,101,0.3529132222239123,0.30982912074441016,0.3580321253699918,0.00511890314607949
biogen_solubility,Biogen ADME,split2,ChemRasayan,frozen_mix,frozen_mix,tanimoto_ge_0_90,113,11,0.09734513274336283,102,0.3529132222239123,0.31947421474860727,0.35651938969673935,0.0036061674728270487
biogen_solubility,Biogen ADME,split2,ChemRasayan,frozen_mix,frozen_mix,tanimoto_ge_0_95,113,11,0.09734513274336283,102,0.3529132222239123,0.31947421474860727,0.35651938969673935,0.0036061674728270487
biogen_solubility,Biogen ADME,split2,ChemRasayan,validation_selected,full_mix,standardized_exact,113,10,0.08849557522123894,103,0.3706785538410473,0.429911502635978,0.36492778211338417,-0.00575077172766314
biogen_solubility,Biogen ADME,split2,ChemRasayan,validation_selected,full_mix,connectivity_inchikey,113,12,0.10619469026548672,101,0.3706785538410473,0.3808252685280082,0.3694730035812104,-0.0012055502598369294
biogen_solubility,Biogen ADME,split2,ChemRasayan,validation_selected,full_mix,tanimoto_ge_0_70,113,14,0.12389380530973451,99,0.3706785538410473,0.3536879238356307,0.3730812691953486,0.0024027153543013102
biogen_solubility,Biogen ADME,split2,ChemRasayan,validation_selected,full_mix,tanimoto_ge_0_80,113,12,0.10619469026548672,101,0.3706785538410473,0.4033971077390779,0.3667912009026674,-0.0038873529383798844
biogen_solubility,Biogen ADME,split2,ChemRasayan,validation_selected,full_mix,tanimoto_ge_0_90,113,11,0.09734513274336283,102,0.3706785538410473,0.415146930227942,0.36588294462285276,-0.004795609218194552
biogen_solubility,Biogen ADME,split2,ChemRasayan,validation_selected,full_mix,tanimoto_ge_0_95,113,11,0.09734513274336283,102,0.3706785538410473,0.415146930227942,0.36588294462285276,-0.004795609218194552
biogen_solubility,Biogen ADME,split3,ChemRasayan,full_mix,full_mix,standardized_exact,125,4,0.032,121,0.3781220606672109,1.0452626951916772,0.3560678248151623,-0.022054235852048576
biogen_solubility,Biogen ADME,split3,ChemRasayan,full_mix,full_mix,connectivity_inchikey,125,4,0.032,121,0.3781220606672109,1.0452626951916772,0.3560678248151623,-0.022054235852048576
biogen_solubility,Biogen ADME,split3,ChemRasayan,full_mix,full_mix,tanimoto_ge_0_70,125,24,0.192,101,0.3781220606672109,0.5737660847725029,0.331632391572884,-0.04648966909432689
biogen_solubility,Biogen ADME,split3,ChemRasayan,full_mix,full_mix,tanimoto_ge_0_80,125,11,0.088,114,0.3781220606672109,0.6849935382987478,0.34851165493083447,-0.02961040573637641
biogen_solubility,Biogen ADME,split3,ChemRasayan,full_mix,full_mix,tanimoto_ge_0_90,125,6,0.048,119,0.3781220606672109,0.7136678649797669,0.361203784819519,-0.0169182758476919
biogen_solubility,Biogen ADME,split3,ChemRasayan,full_mix,full_mix,tanimoto_ge_0_95,125,6,0.048,119,0.3781220606672109,0.7136678649797669,0.361203784819519,-0.0169182758476919
biogen_solubility,Biogen ADME,split3,ChemRasayan,lora_mix,lora_mix,standardized_exact,125,4,0.032,121,0.40319482320542205,0.8251303219183045,0.3892465422562358,-0.013948280949186265
biogen_solubility,Biogen ADME,split3,ChemRasayan,lora_mix,lora_mix,connectivity_inchikey,125,4,0.032,121,0.40319482320542205,0.8251303219183045,0.3892465422562358,-0.013948280949186265
biogen_solubility,Biogen ADME,split3,ChemRasayan,lora_mix,lora_mix,tanimoto_ge_0_70,125,24,0.192,101,0.40319482320542205,0.45983775725827414,0.38973511610375416,-0.013459707101667884
biogen_solubility,Biogen ADME,split3,ChemRasayan,lora_mix,lora_mix,tanimoto_ge_0_80,125,11,0.088,114,0.40319482320542205,0.47967224054441976,0.39581542328674674,-0.007379399918675311
biogen_solubility,Biogen ADME,split3,ChemRasayan,lora_mix,lora_mix,tanimoto_ge_0_90,125,6,0.048,119,0.40319482320542205,0.5911482261425883,0.3937181810405229,-0.00947664216489913
biogen_solubility,Biogen ADME,split3,ChemRasayan,lora_mix,lora_mix,tanimoto_ge_0_95,125,6,0.048,119,0.40319482320542205,0.5911482261425883,0.3937181810405229,-0.00947664216489913
biogen_solubility,Biogen ADME,split3,ChemRasayan,frozen_mix,frozen_mix,standardized_exact,125,4,0.032,121,0.4076170384622837,0.6226841592176514,0.40050738157780863,-0.0071096568844750685
biogen_solubility,Biogen ADME,split3,ChemRasayan,frozen_mix,frozen_mix,connectivity_inchikey,125,4,0.032,121,0.4076170384622837,0.6226841592176514,0.40050738157780863,-0.0071096568844750685
biogen_solubility,Biogen ADME,split3,ChemRasayan,frozen_mix,frozen_mix,tanimoto_ge_0_70,125,24,0.192,101,0.4076170384622837,0.48240164104795014,0.38984643982806594,-0.01777059863421776
biogen_solubility,Biogen ADME,split3,ChemRasayan,frozen_mix,frozen_mix,tanimoto_ge_0_80,125,11,0.088,114,0.4076170384622837,0.49856854507590415,0.39884101589430276,-0.008776022567980934
biogen_solubility,Biogen ADME,split3,ChemRasayan,frozen_mix,frozen_mix,tanimoto_ge_0_90,125,6,0.048,119,0.4076170384622837,0.5118268417126567,0.4023627626681473,-0.005254275794136398
biogen_solubility,Biogen ADME,split3,ChemRasayan,frozen_mix,frozen_mix,tanimoto_ge_0_95,125,6,0.048,119,0.4076170384622837,0.5118268417126567,0.4023627626681473,-0.005254275794136398
biogen_solubility,Biogen ADME,split3,ChemRasayan,validation_selected,lora_mix,standardized_exact,125,4,0.032,121,0.40319482320542205,0.8251303219183045,0.3892465422562358,-0.013948280949186265
biogen_solubility,Biogen ADME,split3,ChemRasayan,validation_selected,lora_mix,connectivity_inchikey,125,4,0.032,121,0.40319482320542205,0.8251303219183045,0.3892465422562358,-0.013948280949186265
biogen_solubility,Biogen ADME,split3,ChemRasayan,validation_selected,lora_mix,tanimoto_ge_0_70,125,24,0.192,101,0.40319482320542205,0.45983775725827414,0.38973511610375416,-0.013459707101667884
biogen_solubility,Biogen ADME,split3,ChemRasayan,validation_selected,lora_mix,tanimoto_ge_0_80,125,11,0.088,114,0.40319482320542205,0.47967224054441976,0.39581542328674674,-0.007379399918675311
biogen_solubility,Biogen ADME,split3,ChemRasayan,validation_selected,lora_mix,tanimoto_ge_0_90,125,6,0.048,119,0.40319482320542205,0.5911482261425883,0.3937181810405229,-0.00947664216489913
biogen_solubility,Biogen ADME,split3,ChemRasayan,validation_selected,lora_mix,tanimoto_ge_0_95,125,6,0.048,119,0.40319482320542205,0.5911482261425883,0.3937181810405229,-0.00947664216489913
expansion_caco2_efflux,ExpansionRx,split1,ChemRasayan,full_mix,full_mix,standardized_exact,339,0,0.0,339,0.22246197957862718,,0.22246197957862718,0.0
expansion_caco2_efflux,ExpansionRx,split1,ChemRasayan,full_mix,full_mix,connectivity_inchikey,339,0,0.0,339,0.22246197957862718,,0.22246197957862718,0.0
expansion_caco2_efflux,ExpansionRx,split1,ChemRasayan,full_mix,full_mix,tanimoto_ge_0_70,339,1,0.0029498525073746312,338,0.22246197957862718,0.16601703297411363,0.2226289764620725,0.0001669968834453195
expansion_caco2_efflux,ExpansionRx,split1,ChemRasayan,full_mix,full_mix,tanimoto_ge_0_80,339,0,0.0,339,0.22246197957862718,,0.22246197957862718,0.0
expansion_caco2_efflux,ExpansionRx,split1,ChemRasayan,full_mix,full_mix,tanimoto_ge_0_90,339,0,0.0,339,0.22246197957862718,,0.22246197957862718,0.0
expansion_caco2_efflux,ExpansionRx,split1,ChemRasayan,full_mix,full_mix,tanimoto_ge_0_95,339,0,0.0,339,0.22246197957862718,,0.22246197957862718,0.0
expansion_caco2_efflux,ExpansionRx,split1,ChemRasayan,lora_mix,lora_mix,standardized_exact,339,0,0.0,339,0.2214241109367764,,0.2214241109367764,0.0
expansion_caco2_efflux,ExpansionRx,split1,ChemRasayan,lora_mix,lora_mix,connectivity_inchikey,339,0,0.0,339,0.2214241109367764,,0.2214241109367764,0.0
expansion_caco2_efflux,ExpansionRx,split1,ChemRasayan,lora_mix,lora_mix,tanimoto_ge_0_70,339,1,0.0029498525073746312,338,0.2214241109367764,0.006903149001945663,0.22205878833895049,0.000634677402174072
expansion_caco2_efflux,ExpansionRx,split1,ChemRasayan,lora_mix,lora_mix,tanimoto_ge_0_80,339,0,0.0,339,0.2214241109367764,,0.2214241109367764,0.0
expansion_caco2_efflux,ExpansionRx,split1,ChemRasayan,lora_mix,lora_mix,tanimoto_ge_0_90,339,0,0.0,339,0.2214241109367764,,0.2214241109367764,0.0
expansion_caco2_efflux,ExpansionRx,split1,ChemRasayan,lora_mix,lora_mix,tanimoto_ge_0_95,339,0,0.0,339,0.2214241109367764,,0.2214241109367764,0.0
expansion_caco2_efflux,ExpansionRx,split1,ChemRasayan,frozen_mix,frozen_mix,standardized_exact,339,0,0.0,339,0.2322068959599503,,0.2322068959599503,0.0
expansion_caco2_efflux,ExpansionRx,split1,ChemRasayan,frozen_mix,frozen_mix,connectivity_inchikey,339,0,0.0,339,0.2322068959599503,,0.2322068959599503,0.0
expansion_caco2_efflux,ExpansionRx,split1,ChemRasayan,frozen_mix,frozen_mix,tanimoto_ge_0_70,339,1,0.0029498525073746312,338,0.2322068959599503,0.15973966587270338,0.2324212960489658,0.0002144000890154929
expansion_caco2_efflux,ExpansionRx,split1,ChemRasayan,frozen_mix,frozen_mix,tanimoto_ge_0_80,339,0,0.0,339,0.2322068959599503,,0.2322068959599503,0.0
expansion_caco2_efflux,ExpansionRx,split1,ChemRasayan,frozen_mix,frozen_mix,tanimoto_ge_0_90,339,0,0.0,339,0.2322068959599503,,0.2322068959599503,0.0
expansion_caco2_efflux,ExpansionRx,split1,ChemRasayan,frozen_mix,frozen_mix,tanimoto_ge_0_95,339,0,0.0,339,0.2322068959599503,,0.2322068959599503,0.0
expansion_caco2_efflux,ExpansionRx,split1,ChemRasayan,validation_selected,full_mix,standardized_exact,339,0,0.0,339,0.22246197957862718,,0.22246197957862718,0.0
expansion_caco2_efflux,ExpansionRx,split1,ChemRasayan,validation_selected,full_mix,connectivity_inchikey,339,0,0.0,339,0.22246197957862718,,0.22246197957862718,0.0
expansion_caco2_efflux,ExpansionRx,split1,ChemRasayan,validation_selected,full_mix,tanimoto_ge_0_70,339,1,0.0029498525073746312,338,0.22246197957862718,0.16601703297411363,0.2226289764620725,0.0001669968834453195
expansion_caco2_efflux,ExpansionRx,split1,ChemRasayan,validation_selected,full_mix,tanimoto_ge_0_80,339,0,0.0,339,0.22246197957862718,,0.22246197957862718,0.0
expansion_caco2_efflux,ExpansionRx,split1,ChemRasayan,validation_selected,full_mix,tanimoto_ge_0_90,339,0,0.0,339,0.22246197957862718,,0.22246197957862718,0.0
expansion_caco2_efflux,ExpansionRx,split1,ChemRasayan,validation_selected,full_mix,tanimoto_ge_0_95,339,0,0.0,339,0.22246197957862718,,0.22246197957862718,0.0
expansion_caco2_efflux,ExpansionRx,split2,ChemRasayan,full_mix,full_mix,standardized_exact,260,0,0.0,260,0.24665299015551828,,0.24665299015551828,0.0
expansion_caco2_efflux,ExpansionRx,split2,ChemRasayan,full_mix,full_mix,connectivity_inchikey,260,0,0.0,260,0.24665299015551828,,0.24665299015551828,0.0
expansion_caco2_efflux,ExpansionRx,split2,ChemRasayan,full_mix,full_mix,tanimoto_ge_0_70,260,0,0.0,260,0.24665299015551828,,0.24665299015551828,0.0
expansion_caco2_efflux,ExpansionRx,split2,ChemRasayan,full_mix,full_mix,tanimoto_ge_0_80,260,0,0.0,260,0.24665299015551828,,0.24665299015551828,0.0
expansion_caco2_efflux,ExpansionRx,split2,ChemRasayan,full_mix,full_mix,tanimoto_ge_0_90,260,0,0.0,260,0.24665299015551828,,0.24665299015551828,0.0
expansion_caco2_efflux,ExpansionRx,split2,ChemRasayan,full_mix,full_mix,tanimoto_ge_0_95,260,0,0.0,260,0.24665299015551828,,0.24665299015551828,0.0
expansion_caco2_efflux,ExpansionRx,split2,ChemRasayan,lora_mix,lora_mix,standardized_exact,260,0,0.0,260,0.24475768625599004,,0.24475768625599004,0.0
expansion_caco2_efflux,ExpansionRx,split2,ChemRasayan,lora_mix,lora_mix,connectivity_inchikey,260,0,0.0,260,0.24475768625599004,,0.24475768625599004,0.0
expansion_caco2_efflux,ExpansionRx,split2,ChemRasayan,lora_mix,lora_mix,tanimoto_ge_0_70,260,0,0.0,260,0.24475768625599004,,0.24475768625599004,0.0
expansion_caco2_efflux,ExpansionRx,split2,ChemRasayan,lora_mix,lora_mix,tanimoto_ge_0_80,260,0,0.0,260,0.24475768625599004,,0.24475768625599004,0.0
expansion_caco2_efflux,ExpansionRx,split2,ChemRasayan,lora_mix,lora_mix,tanimoto_ge_0_90,260,0,0.0,260,0.24475768625599004,,0.24475768625599004,0.0
expansion_caco2_efflux,ExpansionRx,split2,ChemRasayan,lora_mix,lora_mix,tanimoto_ge_0_95,260,0,0.0,260,0.24475768625599004,,0.24475768625599004,0.0
expansion_caco2_efflux,ExpansionRx,split2,ChemRasayan,frozen_mix,frozen_mix,standardized_exact,260,0,0.0,260,0.2478494967890181,,0.2478494967890181,0.0
expansion_caco2_efflux,ExpansionRx,split2,ChemRasayan,frozen_mix,frozen_mix,connectivity_inchikey,260,0,0.0,260,0.2478494967890181,,0.2478494967890181,0.0
expansion_caco2_efflux,ExpansionRx,split2,ChemRasayan,frozen_mix,frozen_mix,tanimoto_ge_0_70,260,0,0.0,260,0.2478494967890181,,0.2478494967890181,0.0
expansion_caco2_efflux,ExpansionRx,split2,ChemRasayan,frozen_mix,frozen_mix,tanimoto_ge_0_80,260,0,0.0,260,0.2478494967890181,,0.2478494967890181,0.0
expansion_caco2_efflux,ExpansionRx,split2,ChemRasayan,frozen_mix,frozen_mix,tanimoto_ge_0_90,260,0,0.0,260,0.2478494967890181,,0.2478494967890181,0.0
expansion_caco2_efflux,ExpansionRx,split2,ChemRasayan,frozen_mix,frozen_mix,tanimoto_ge_0_95,260,0,0.0,260,0.2478494967890181,,0.2478494967890181,0.0
expansion_caco2_efflux,ExpansionRx,split2,ChemRasayan,validation_selected,full_mix,standardized_exact,260,0,0.0,260,0.24665299015551828,,0.24665299015551828,0.0
expansion_caco2_efflux,ExpansionRx,split2,ChemRasayan,validation_selected,full_mix,connectivity_inchikey,260,0,0.0,260,0.24665299015551828,,0.24665299015551828,0.0
expansion_caco2_efflux,ExpansionRx,split2,ChemRasayan,validation_selected,full_mix,tanimoto_ge_0_70,260,0,0.0,260,0.24665299015551828,,0.24665299015551828,0.0
expansion_caco2_efflux,ExpansionRx,split2,ChemRasayan,validation_selected,full_mix,tanimoto_ge_0_80,260,0,0.0,260,0.24665299015551828,,0.24665299015551828,0.0
expansion_caco2_efflux,ExpansionRx,split2,ChemRasayan,validation_selected,full_mix,tanimoto_ge_0_90,260,0,0.0,260,0.24665299015551828,,0.24665299015551828,0.0
expansion_caco2_efflux,ExpansionRx,split2,ChemRasayan,validation_selected,full_mix,tanimoto_ge_0_95,260,0,0.0,260,0.24665299015551828,,0.24665299015551828,0.0
expansion_caco2_efflux,ExpansionRx,split3,ChemRasayan,full_mix,full_mix,standardized_exact,208,0,0.0,208,0.22888672600047733,,0.22888672600047733,0.0
expansion_caco2_efflux,ExpansionRx,split3,ChemRasayan,full_mix,full_mix,connectivity_inchikey,208,0,0.0,208,0.22888672600047733,,0.22888672600047733,0.0
expansion_caco2_efflux,ExpansionRx,split3,ChemRasayan,full_mix,full_mix,tanimoto_ge_0_70,208,2,0.009615384615384616,206,0.22888672600047733,0.003576962258078294,0.2310741994348695,0.0021874734343921842
expansion_caco2_efflux,ExpansionRx,split3,ChemRasayan,full_mix,full_mix,tanimoto_ge_0_80,208,0,0.0,208,0.22888672600047733,,0.22888672600047733,0.0
expansion_caco2_efflux,ExpansionRx,split3,ChemRasayan,full_mix,full_mix,tanimoto_ge_0_90,208,0,0.0,208,0.22888672600047733,,0.22888672600047733,0.0
expansion_caco2_efflux,ExpansionRx,split3,ChemRasayan,full_mix,full_mix,tanimoto_ge_0_95,208,0,0.0,208,0.22888672600047733,,0.22888672600047733,0.0
expansion_caco2_efflux,ExpansionRx,split3,ChemRasayan,lora_mix,lora_mix,standardized_exact,208,0,0.0,208,0.22697826851581632,,0.22697826851581632,0.0
expansion_caco2_efflux,ExpansionRx,split3,ChemRasayan,lora_mix,lora_mix,connectivity_inchikey,208,0,0.0,208,0.22697826851581632,,0.22697826851581632,0.0
expansion_caco2_efflux,ExpansionRx,split3,ChemRasayan,lora_mix,lora_mix,tanimoto_ge_0_70,208,2,0.009615384615384616,206,0.22697826851581632,0.1338351201655978,0.22788257092698347,0.0009043024111671516
expansion_caco2_efflux,ExpansionRx,split3,ChemRasayan,lora_mix,lora_mix,tanimoto_ge_0_80,208,0,0.0,208,0.22697826851581632,,0.22697826851581632,0.0
expansion_caco2_efflux,ExpansionRx,split3,ChemRasayan,lora_mix,lora_mix,tanimoto_ge_0_90,208,0,0.0,208,0.22697826851581632,,0.22697826851581632,0.0
expansion_caco2_efflux,ExpansionRx,split3,ChemRasayan,lora_mix,lora_mix,tanimoto_ge_0_95,208,0,0.0,208,0.22697826851581632,,0.22697826851581632,0.0
expansion_caco2_efflux,ExpansionRx,split3,ChemRasayan,frozen_mix,frozen_mix,standardized_exact,208,0,0.0,208,0.21849738156772486,,0.21849738156772486,0.0
expansion_caco2_efflux,ExpansionRx,split3,ChemRasayan,frozen_mix,frozen_mix,connectivity_inchikey,208,0,0.0,208,0.21849738156772486,,0.21849738156772486,0.0
expansion_caco2_efflux,ExpansionRx,split3,ChemRasayan,frozen_mix,frozen_mix,tanimoto_ge_0_70,208,2,0.009615384615384616,206,0.21849738156772486,0.011202494942365648,0.22050995328253423,0.002012571714809369
expansion_caco2_efflux,ExpansionRx,split3,ChemRasayan,frozen_mix,frozen_mix,tanimoto_ge_0_80,208,0,0.0,208,0.21849738156772486,,0.21849738156772486,0.0
expansion_caco2_efflux,ExpansionRx,split3,ChemRasayan,frozen_mix,frozen_mix,tanimoto_ge_0_90,208,0,0.0,208,0.21849738156772486,,0.21849738156772486,0.0
expansion_caco2_efflux,ExpansionRx,split3,ChemRasayan,frozen_mix,frozen_mix,tanimoto_ge_0_95,208,0,0.0,208,0.21849738156772486,,0.21849738156772486,0.0
expansion_caco2_efflux,ExpansionRx,split3,ChemRasayan,validation_selected,lora_mix,standardized_exact,208,0,0.0,208,0.22697826851581632,,0.22697826851581632,0.0
expansion_caco2_efflux,ExpansionRx,split3,ChemRasayan,validation_selected,lora_mix,connectivity_inchikey,208,0,0.0,208,0.22697826851581632,,0.22697826851581632,0.0
expansion_caco2_efflux,ExpansionRx,split3,ChemRasayan,validation_selected,lora_mix,tanimoto_ge_0_70,208,2,0.009615384615384616,206,0.22697826851581632,0.1338351201655978,0.22788257092698347,0.0009043024111671516
expansion_caco2_efflux,ExpansionRx,split3,ChemRasayan,validation_selected,lora_mix,tanimoto_ge_0_80,208,0,0.0,208,0.22697826851581632,,0.22697826851581632,0.0
expansion_caco2_efflux,ExpansionRx,split3,ChemRasayan,validation_selected,lora_mix,tanimoto_ge_0_90,208,0,0.0,208,0.22697826851581632,,0.22697826851581632,0.0
expansion_caco2_efflux,ExpansionRx,split3,ChemRasayan,validation_selected,lora_mix,tanimoto_ge_0_95,208,0,0.0,208,0.22697826851581632,,0.22697826851581632,0.0
expansion_caco2_pappa,ExpansionRx,split1,ChemRasayan,full_mix,full_mix,standardized_exact,238,0,0.0,238,0.2977409922335519,,0.2977409922335519,0.0
expansion_caco2_pappa,ExpansionRx,split1,ChemRasayan,full_mix,full_mix,connectivity_inchikey,238,0,0.0,238,0.2977409922335519,,0.2977409922335519,0.0
expansion_caco2_pappa,ExpansionRx,split1,ChemRasayan,full_mix,full_mix,tanimoto_ge_0_70,238,1,0.004201680672268907,237,0.2977409922335519,0.3498783653632618,0.2975210033173928,-0.00021998891615909733
expansion_caco2_pappa,ExpansionRx,split1,ChemRasayan,full_mix,full_mix,tanimoto_ge_0_80,238,0,0.0,238,0.2977409922335519,,0.2977409922335519,0.0
expansion_caco2_pappa,ExpansionRx,split1,ChemRasayan,full_mix,full_mix,tanimoto_ge_0_90,238,0,0.0,238,0.2977409922335519,,0.2977409922335519,0.0
expansion_caco2_pappa,ExpansionRx,split1,ChemRasayan,full_mix,full_mix,tanimoto_ge_0_95,238,0,0.0,238,0.2977409922335519,,0.2977409922335519,0.0
expansion_caco2_pappa,ExpansionRx,split1,ChemRasayan,lora_mix,lora_mix,standardized_exact,238,0,0.0,238,0.3334249816508304,,0.3334249816508304,0.0
expansion_caco2_pappa,ExpansionRx,split1,ChemRasayan,lora_mix,lora_mix,connectivity_inchikey,238,0,0.0,238,0.3334249816508304,,0.3334249816508304,0.0
expansion_caco2_pappa,ExpansionRx,split1,ChemRasayan,lora_mix,lora_mix,tanimoto_ge_0_70,238,1,0.004201680672268907,237,0.3334249816508304,0.13567000087656744,0.3342593908524095,0.0008344092015791227
expansion_caco2_pappa,ExpansionRx,split1,ChemRasayan,lora_mix,lora_mix,tanimoto_ge_0_80,238,0,0.0,238,0.3334249816508304,,0.3334249816508304,0.0
expansion_caco2_pappa,ExpansionRx,split1,ChemRasayan,lora_mix,lora_mix,tanimoto_ge_0_90,238,0,0.0,238,0.3334249816508304,,0.3334249816508304,0.0
expansion_caco2_pappa,ExpansionRx,split1,ChemRasayan,lora_mix,lora_mix,tanimoto_ge_0_95,238,0,0.0,238,0.3334249816508304,,0.3334249816508304,0.0
expansion_caco2_pappa,ExpansionRx,split1,ChemRasayan,frozen_mix,frozen_mix,standardized_exact,238,0,0.0,238,0.30187990843370677,,0.30187990843370677,0.0
expansion_caco2_pappa,ExpansionRx,split1,ChemRasayan,frozen_mix,frozen_mix,connectivity_inchikey,238,0,0.0,238,0.30187990843370677,,0.30187990843370677,0.0
expansion_caco2_pappa,ExpansionRx,split1,ChemRasayan,frozen_mix,frozen_mix,tanimoto_ge_0_70,238,1,0.004201680672268907,237,0.30187990843370677,0.13791304286875494,0.30257175174832684,0.0006918433146200775
expansion_caco2_pappa,ExpansionRx,split1,ChemRasayan,frozen_mix,frozen_mix,tanimoto_ge_0_80,238,0,0.0,238,0.30187990843370677,,0.30187990843370677,0.0
expansion_caco2_pappa,ExpansionRx,split1,ChemRasayan,frozen_mix,frozen_mix,tanimoto_ge_0_90,238,0,0.0,238,0.30187990843370677,,0.30187990843370677,0.0
expansion_caco2_pappa,ExpansionRx,split1,ChemRasayan,frozen_mix,frozen_mix,tanimoto_ge_0_95,238,0,0.0,238,0.30187990843370677,,0.30187990843370677,0.0
expansion_caco2_pappa,ExpansionRx,split1,ChemRasayan,validation_selected,full_mix,standardized_exact,238,0,0.0,238,0.2977409922335519,,0.2977409922335519,0.0
expansion_caco2_pappa,ExpansionRx,split1,ChemRasayan,validation_selected,full_mix,connectivity_inchikey,238,0,0.0,238,0.2977409922335519,,0.2977409922335519,0.0
expansion_caco2_pappa,ExpansionRx,split1,ChemRasayan,validation_selected,full_mix,tanimoto_ge_0_70,238,1,0.004201680672268907,237,0.2977409922335519,0.3498783653632618,0.2975210033173928,-0.00021998891615909733
expansion_caco2_pappa,ExpansionRx,split1,ChemRasayan,validation_selected,full_mix,tanimoto_ge_0_80,238,0,0.0,238,0.2977409922335519,,0.2977409922335519,0.0
expansion_caco2_pappa,ExpansionRx,split1,ChemRasayan,validation_selected,full_mix,tanimoto_ge_0_90,238,0,0.0,238,0.2977409922335519,,0.2977409922335519,0.0
expansion_caco2_pappa,ExpansionRx,split1,ChemRasayan,validation_selected,full_mix,tanimoto_ge_0_95,238,0,0.0,238,0.2977409922335519,,0.2977409922335519,0.0
expansion_caco2_pappa,ExpansionRx,split2,ChemRasayan,full_mix,full_mix,standardized_exact,214,0,0.0,214,0.2699528260518302,,0.2699528260518302,0.0
expansion_caco2_pappa,ExpansionRx,split2,ChemRasayan,full_mix,full_mix,connectivity_inchikey,214,0,0.0,214,0.2699528260518302,,0.2699528260518302,0.0
expansion_caco2_pappa,ExpansionRx,split2,ChemRasayan,full_mix,full_mix,tanimoto_ge_0_70,214,0,0.0,214,0.2699528260518302,,0.2699528260518302,0.0
expansion_caco2_pappa,ExpansionRx,split2,ChemRasayan,full_mix,full_mix,tanimoto_ge_0_80,214,0,0.0,214,0.2699528260518302,,0.2699528260518302,0.0
expansion_caco2_pappa,ExpansionRx,split2,ChemRasayan,full_mix,full_mix,tanimoto_ge_0_90,214,0,0.0,214,0.2699528260518302,,0.2699528260518302,0.0
expansion_caco2_pappa,ExpansionRx,split2,ChemRasayan,full_mix,full_mix,tanimoto_ge_0_95,214,0,0.0,214,0.2699528260518302,,0.2699528260518302,0.0
expansion_caco2_pappa,ExpansionRx,split2,ChemRasayan,lora_mix,lora_mix,standardized_exact,214,0,0.0,214,0.2654567864551331,,0.2654567864551331,0.0
expansion_caco2_pappa,ExpansionRx,split2,ChemRasayan,lora_mix,lora_mix,connectivity_inchikey,214,0,0.0,214,0.2654567864551331,,0.2654567864551331,0.0
expansion_caco2_pappa,ExpansionRx,split2,ChemRasayan,lora_mix,lora_mix,tanimoto_ge_0_70,214,0,0.0,214,0.2654567864551331,,0.2654567864551331,0.0
expansion_caco2_pappa,ExpansionRx,split2,ChemRasayan,lora_mix,lora_mix,tanimoto_ge_0_80,214,0,0.0,214,0.2654567864551331,,0.2654567864551331,0.0
expansion_caco2_pappa,ExpansionRx,split2,ChemRasayan,lora_mix,lora_mix,tanimoto_ge_0_90,214,0,0.0,214,0.2654567864551331,,0.2654567864551331,0.0
expansion_caco2_pappa,ExpansionRx,split2,ChemRasayan,lora_mix,lora_mix,tanimoto_ge_0_95,214,0,0.0,214,0.2654567864551331,,0.2654567864551331,0.0
expansion_caco2_pappa,ExpansionRx,split2,ChemRasayan,frozen_mix,frozen_mix,standardized_exact,214,0,0.0,214,0.29446693254059353,,0.29446693254059353,0.0
expansion_caco2_pappa,ExpansionRx,split2,ChemRasayan,frozen_mix,frozen_mix,connectivity_inchikey,214,0,0.0,214,0.29446693254059353,,0.29446693254059353,0.0
expansion_caco2_pappa,ExpansionRx,split2,ChemRasayan,frozen_mix,frozen_mix,tanimoto_ge_0_70,214,0,0.0,214,0.29446693254059353,,0.29446693254059353,0.0
expansion_caco2_pappa,ExpansionRx,split2,ChemRasayan,frozen_mix,frozen_mix,tanimoto_ge_0_80,214,0,0.0,214,0.29446693254059353,,0.29446693254059353,0.0
expansion_caco2_pappa,ExpansionRx,split2,ChemRasayan,frozen_mix,frozen_mix,tanimoto_ge_0_90,214,0,0.0,214,0.29446693254059353,,0.29446693254059353,0.0
expansion_caco2_pappa,ExpansionRx,split2,ChemRasayan,frozen_mix,frozen_mix,tanimoto_ge_0_95,214,0,0.0,214,0.29446693254059353,,0.29446693254059353,0.0
expansion_caco2_pappa,ExpansionRx,split2,ChemRasayan,validation_selected,frozen_mix,standardized_exact,214,0,0.0,214,0.29446693254059353,,0.29446693254059353,0.0
expansion_caco2_pappa,ExpansionRx,split2,ChemRasayan,validation_selected,frozen_mix,connectivity_inchikey,214,0,0.0,214,0.29446693254059353,,0.29446693254059353,0.0
expansion_caco2_pappa,ExpansionRx,split2,ChemRasayan,validation_selected,frozen_mix,tanimoto_ge_0_70,214,0,0.0,214,0.29446693254059353,,0.29446693254059353,0.0
expansion_caco2_pappa,ExpansionRx,split2,ChemRasayan,validation_selected,frozen_mix,tanimoto_ge_0_80,214,0,0.0,214,0.29446693254059353,,0.29446693254059353,0.0
expansion_caco2_pappa,ExpansionRx,split2,ChemRasayan,validation_selected,frozen_mix,tanimoto_ge_0_90,214,0,0.0,214,0.29446693254059353,,0.29446693254059353,0.0
expansion_caco2_pappa,ExpansionRx,split2,ChemRasayan,validation_selected,frozen_mix,tanimoto_ge_0_95,214,0,0.0,214,0.29446693254059353,,0.29446693254059353,0.0
expansion_caco2_pappa,ExpansionRx,split3,ChemRasayan,full_mix,full_mix,standardized_exact,202,0,0.0,202,0.3129394790978215,,0.3129394790978215,0.0
expansion_caco2_pappa,ExpansionRx,split3,ChemRasayan,full_mix,full_mix,connectivity_inchikey,202,0,0.0,202,0.3129394790978215,,0.3129394790978215,0.0
expansion_caco2_pappa,ExpansionRx,split3,ChemRasayan,full_mix,full_mix,tanimoto_ge_0_70,202,2,0.009900990099009901,200,0.3129394790978215,0.09558124914873556,0.3151130613973123,0.0021735822994908283
expansion_caco2_pappa,ExpansionRx,split3,ChemRasayan,full_mix,full_mix,tanimoto_ge_0_80,202,0,0.0,202,0.3129394790978215,,0.3129394790978215,0.0
expansion_caco2_pappa,ExpansionRx,split3,ChemRasayan,full_mix,full_mix,tanimoto_ge_0_90,202,0,0.0,202,0.3129394790978215,,0.3129394790978215,0.0
expansion_caco2_pappa,ExpansionRx,split3,ChemRasayan,full_mix,full_mix,tanimoto_ge_0_95,202,0,0.0,202,0.3129394790978215,,0.3129394790978215,0.0
expansion_caco2_pappa,ExpansionRx,split3,ChemRasayan,lora_mix,lora_mix,standardized_exact,202,0,0.0,202,0.29323814482048055,,0.29323814482048055,0.0
expansion_caco2_pappa,ExpansionRx,split3,ChemRasayan,lora_mix,lora_mix,connectivity_inchikey,202,0,0.0,202,0.29323814482048055,,0.29323814482048055,0.0
expansion_caco2_pappa,ExpansionRx,split3,ChemRasayan,lora_mix,lora_mix,tanimoto_ge_0_70,202,2,0.009900990099009901,200,0.29323814482048055,0.24712988954225934,0.29369922737326276,0.00046108255278221044
expansion_caco2_pappa,ExpansionRx,split3,ChemRasayan,lora_mix,lora_mix,tanimoto_ge_0_80,202,0,0.0,202,0.29323814482048055,,0.29323814482048055,0.0
expansion_caco2_pappa,ExpansionRx,split3,ChemRasayan,lora_mix,lora_mix,tanimoto_ge_0_90,202,0,0.0,202,0.29323814482048055,,0.29323814482048055,0.0
expansion_caco2_pappa,ExpansionRx,split3,ChemRasayan,lora_mix,lora_mix,tanimoto_ge_0_95,202,0,0.0,202,0.29323814482048055,,0.29323814482048055,0.0
expansion_caco2_pappa,ExpansionRx,split3,ChemRasayan,frozen_mix,frozen_mix,standardized_exact,202,0,0.0,202,0.3059559949026613,,0.3059559949026613,0.0
expansion_caco2_pappa,ExpansionRx,split3,ChemRasayan,frozen_mix,frozen_mix,connectivity_inchikey,202,0,0.0,202,0.3059559949026613,,0.3059559949026613,0.0
expansion_caco2_pappa,ExpansionRx,split3,ChemRasayan,frozen_mix,frozen_mix,tanimoto_ge_0_70,202,2,0.009900990099009901,200,0.3059559949026613,0.20438659411112226,0.3069716889105767,0.001015694007915402
expansion_caco2_pappa,ExpansionRx,split3,ChemRasayan,frozen_mix,frozen_mix,tanimoto_ge_0_80,202,0,0.0,202,0.3059559949026613,,0.3059559949026613,0.0
expansion_caco2_pappa,ExpansionRx,split3,ChemRasayan,frozen_mix,frozen_mix,tanimoto_ge_0_90,202,0,0.0,202,0.3059559949026613,,0.3059559949026613,0.0
expansion_caco2_pappa,ExpansionRx,split3,ChemRasayan,frozen_mix,frozen_mix,tanimoto_ge_0_95,202,0,0.0,202,0.3059559949026613,,0.3059559949026613,0.0
expansion_caco2_pappa,ExpansionRx,split3,ChemRasayan,validation_selected,frozen_mix,standardized_exact,202,0,0.0,202,0.3059559949026613,,0.3059559949026613,0.0
expansion_caco2_pappa,ExpansionRx,split3,ChemRasayan,validation_selected,frozen_mix,connectivity_inchikey,202,0,0.0,202,0.3059559949026613,,0.3059559949026613,0.0
expansion_caco2_pappa,ExpansionRx,split3,ChemRasayan,validation_selected,frozen_mix,tanimoto_ge_0_70,202,2,0.009900990099009901,200,0.3059559949026613,0.20438659411112226,0.3069716889105767,0.001015694007915402
expansion_caco2_pappa,ExpansionRx,split3,ChemRasayan,validation_selected,frozen_mix,tanimoto_ge_0_80,202,0,0.0,202,0.3059559949026613,,0.3059559949026613,0.0
expansion_caco2_pappa,ExpansionRx,split3,ChemRasayan,validation_selected,frozen_mix,tanimoto_ge_0_90,202,0,0.0,202,0.3059559949026613,,0.3059559949026613,0.0
expansion_caco2_pappa,ExpansionRx,split3,ChemRasayan,validation_selected,frozen_mix,tanimoto_ge_0_95,202,0,0.0,202,0.3059559949026613,,0.3059559949026613,0.0
expansion_hlm,ExpansionRx,split1,ChemRasayan,full_mix,full_mix,standardized_exact,443,0,0.0,443,0.3267202379011458,,0.3267202379011458,0.0
expansion_hlm,ExpansionRx,split1,ChemRasayan,full_mix,full_mix,connectivity_inchikey,443,0,0.0,443,0.3267202379011458,,0.3267202379011458,0.0
expansion_hlm,ExpansionRx,split1,ChemRasayan,full_mix,full_mix,tanimoto_ge_0_70,443,9,0.020316027088036117,434,0.3267202379011458,0.6238198838097727,0.32055918533622035,-0.00616105256492544
expansion_hlm,ExpansionRx,split1,ChemRasayan,full_mix,full_mix,tanimoto_ge_0_80,443,0,0.0,443,0.3267202379011458,,0.3267202379011458,0.0
expansion_hlm,ExpansionRx,split1,ChemRasayan,full_mix,full_mix,tanimoto_ge_0_90,443,0,0.0,443,0.3267202379011458,,0.3267202379011458,0.0
expansion_hlm,ExpansionRx,split1,ChemRasayan,full_mix,full_mix,tanimoto_ge_0_95,443,0,0.0,443,0.3267202379011458,,0.3267202379011458,0.0
expansion_hlm,ExpansionRx,split1,ChemRasayan,lora_mix,lora_mix,standardized_exact,443,0,0.0,443,0.3460986435467392,,0.3460986435467392,0.0
expansion_hlm,ExpansionRx,split1,ChemRasayan,lora_mix,lora_mix,connectivity_inchikey,443,0,0.0,443,0.3460986435467392,,0.3460986435467392,0.0
expansion_hlm,ExpansionRx,split1,ChemRasayan,lora_mix,lora_mix,tanimoto_ge_0_70,443,9,0.020316027088036117,434,0.3460986435467392,0.7071369450244418,0.3386116741612568,-0.007486969385482378
expansion_hlm,ExpansionRx,split1,ChemRasayan,lora_mix,lora_mix,tanimoto_ge_0_80,443,0,0.0,443,0.3460986435467392,,0.3460986435467392,0.0
expansion_hlm,ExpansionRx,split1,ChemRasayan,lora_mix,lora_mix,tanimoto_ge_0_90,443,0,0.0,443,0.3460986435467392,,0.3460986435467392,0.0
expansion_hlm,ExpansionRx,split1,ChemRasayan,lora_mix,lora_mix,tanimoto_ge_0_95,443,0,0.0,443,0.3460986435467392,,0.3460986435467392,0.0
expansion_hlm,ExpansionRx,split1,ChemRasayan,frozen_mix,frozen_mix,standardized_exact,443,0,0.0,443,0.3484439102830147,,0.3484439102830147,0.0
expansion_hlm,ExpansionRx,split1,ChemRasayan,frozen_mix,frozen_mix,connectivity_inchikey,443,0,0.0,443,0.3484439102830147,,0.3484439102830147,0.0
expansion_hlm,ExpansionRx,split1,ChemRasayan,frozen_mix,frozen_mix,tanimoto_ge_0_70,443,9,0.020316027088036117,434,0.3484439102830147,0.5844098224527086,0.3435506079569151,-0.00489330232609958
expansion_hlm,ExpansionRx,split1,ChemRasayan,frozen_mix,frozen_mix,tanimoto_ge_0_80,443,0,0.0,443,0.3484439102830147,,0.3484439102830147,0.0
expansion_hlm,ExpansionRx,split1,ChemRasayan,frozen_mix,frozen_mix,tanimoto_ge_0_90,443,0,0.0,443,0.3484439102830147,,0.3484439102830147,0.0
expansion_hlm,ExpansionRx,split1,ChemRasayan,frozen_mix,frozen_mix,tanimoto_ge_0_95,443,0,0.0,443,0.3484439102830147,,0.3484439102830147,0.0
expansion_hlm,ExpansionRx,split1,ChemRasayan,validation_selected,full_mix,standardized_exact,443,0,0.0,443,0.3267202379011458,,0.3267202379011458,0.0
expansion_hlm,ExpansionRx,split1,ChemRasayan,validation_selected,full_mix,connectivity_inchikey,443,0,0.0,443,0.3267202379011458,,0.3267202379011458,0.0
expansion_hlm,ExpansionRx,split1,ChemRasayan,validation_selected,full_mix,tanimoto_ge_0_70,443,9,0.020316027088036117,434,0.3267202379011458,0.6238198838097727,0.32055918533622035,-0.00616105256492544
expansion_hlm,ExpansionRx,split1,ChemRasayan,validation_selected,full_mix,tanimoto_ge_0_80,443,0,0.0,443,0.3267202379011458,,0.3267202379011458,0.0
expansion_hlm,ExpansionRx,split1,ChemRasayan,validation_selected,full_mix,tanimoto_ge_0_90,443,0,0.0,443,0.3267202379011458,,0.3267202379011458,0.0
expansion_hlm,ExpansionRx,split1,ChemRasayan,validation_selected,full_mix,tanimoto_ge_0_95,443,0,0.0,443,0.3267202379011458,,0.3267202379011458,0.0
expansion_hlm,ExpansionRx,split2,ChemRasayan,full_mix,full_mix,standardized_exact,409,1,0.0024449877750611247,408,0.34094286118807615,0.28060897735048984,0.3410907383543447,0.00014787716626857295
expansion_hlm,ExpansionRx,split2,ChemRasayan,full_mix,full_mix,connectivity_inchikey,409,1,0.0024449877750611247,408,0.34094286118807615,0.28060897735048984,0.3410907383543447,0.00014787716626857295
expansion_hlm,ExpansionRx,split2,ChemRasayan,full_mix,full_mix,tanimoto_ge_0_70,409,2,0.004889975550122249,407,0.34094286118807615,0.2730186659858773,0.3412766410170795,0.00033377982900334446
expansion_hlm,ExpansionRx,split2,ChemRasayan,full_mix,full_mix,tanimoto_ge_0_80,409,1,0.0024449877750611247,408,0.34094286118807615,0.28060897735048984,0.3410907383543447,0.00014787716626857295
expansion_hlm,ExpansionRx,split2,ChemRasayan,full_mix,full_mix,tanimoto_ge_0_90,409,1,0.0024449877750611247,408,0.34094286118807615,0.28060897735048984,0.3410907383543447,0.00014787716626857295
expansion_hlm,ExpansionRx,split2,ChemRasayan,full_mix,full_mix,tanimoto_ge_0_95,409,1,0.0024449877750611247,408,0.34094286118807615,0.28060897735048984,0.3410907383543447,0.00014787716626857295
expansion_hlm,ExpansionRx,split2,ChemRasayan,lora_mix,lora_mix,standardized_exact,409,1,0.0024449877750611247,408,0.3528702326211929,0.6496570959417984,0.35214281383854434,-0.0007274187826485368
expansion_hlm,ExpansionRx,split2,ChemRasayan,lora_mix,lora_mix,connectivity_inchikey,409,1,0.0024449877750611247,408,0.3528702326211929,0.6496570959417984,0.35214281383854434,-0.0007274187826485368
expansion_hlm,ExpansionRx,split2,ChemRasayan,lora_mix,lora_mix,tanimoto_ge_0_70,409,2,0.004889975550122249,407,0.3528702326211929,0.4857339341209481,0.3522173397391301,-0.0006528928820627722
expansion_hlm,ExpansionRx,split2,ChemRasayan,lora_mix,lora_mix,tanimoto_ge_0_80,409,1,0.0024449877750611247,408,0.3528702326211929,0.6496570959417984,0.35214281383854434,-0.0007274187826485368
expansion_hlm,ExpansionRx,split2,ChemRasayan,lora_mix,lora_mix,tanimoto_ge_0_90,409,1,0.0024449877750611247,408,0.3528702326211929,0.6496570959417984,0.35214281383854434,-0.0007274187826485368
expansion_hlm,ExpansionRx,split2,ChemRasayan,lora_mix,lora_mix,tanimoto_ge_0_95,409,1,0.0024449877750611247,408,0.3528702326211929,0.6496570959417984,0.35214281383854434,-0.0007274187826485368
expansion_hlm,ExpansionRx,split2,ChemRasayan,frozen_mix,frozen_mix,standardized_exact,409,1,0.0024449877750611247,408,0.34940469065577434,0.5471437826483414,0.34892003601853766,-0.0004846546372366811
expansion_hlm,ExpansionRx,split2,ChemRasayan,frozen_mix,frozen_mix,connectivity_inchikey,409,1,0.0024449877750611247,408,0.34940469065577434,0.5471437826483414,0.34892003601853766,-0.0004846546372366811
expansion_hlm,ExpansionRx,split2,ChemRasayan,frozen_mix,frozen_mix,tanimoto_ge_0_70,409,2,0.004889975550122249,407,0.34940469065577434,0.40611084063478464,0.34912603635612327,-0.000278654299651071
expansion_hlm,ExpansionRx,split2,ChemRasayan,frozen_mix,frozen_mix,tanimoto_ge_0_80,409,1,0.0024449877750611247,408,0.34940469065577434,0.5471437826483414,0.34892003601853766,-0.0004846546372366811
expansion_hlm,ExpansionRx,split2,ChemRasayan,frozen_mix,frozen_mix,tanimoto_ge_0_90,409,1,0.0024449877750611247,408,0.34940469065577434,0.5471437826483414,0.34892003601853766,-0.0004846546372366811
expansion_hlm,ExpansionRx,split2,ChemRasayan,frozen_mix,frozen_mix,tanimoto_ge_0_95,409,1,0.0024449877750611247,408,0.34940469065577434,0.5471437826483414,0.34892003601853766,-0.0004846546372366811
expansion_hlm,ExpansionRx,split2,ChemRasayan,validation_selected,frozen_mix,standardized_exact,409,1,0.0024449877750611247,408,0.34940469065577434,0.5471437826483414,0.34892003601853766,-0.0004846546372366811
expansion_hlm,ExpansionRx,split2,ChemRasayan,validation_selected,frozen_mix,connectivity_inchikey,409,1,0.0024449877750611247,408,0.34940469065577434,0.5471437826483414,0.34892003601853766,-0.0004846546372366811
expansion_hlm,ExpansionRx,split2,ChemRasayan,validation_selected,frozen_mix,tanimoto_ge_0_70,409,2,0.004889975550122249,407,0.34940469065577434,0.40611084063478464,0.34912603635612327,-0.000278654299651071
expansion_hlm,ExpansionRx,split2,ChemRasayan,validation_selected,frozen_mix,tanimoto_ge_0_80,409,1,0.0024449877750611247,408,0.34940469065577434,0.5471437826483414,0.34892003601853766,-0.0004846546372366811
expansion_hlm,ExpansionRx,split2,ChemRasayan,validation_selected,frozen_mix,tanimoto_ge_0_90,409,1,0.0024449877750611247,408,0.34940469065577434,0.5471437826483414,0.34892003601853766,-0.0004846546372366811
expansion_hlm,ExpansionRx,split2,ChemRasayan,validation_selected,frozen_mix,tanimoto_ge_0_95,409,1,0.0024449877750611247,408,0.34940469065577434,0.5471437826483414,0.34892003601853766,-0.0004846546372366811
expansion_hlm,ExpansionRx,split3,ChemRasayan,full_mix,full_mix,standardized_exact,426,0,0.0,426,0.3835840087881573,,0.3835840087881573,0.0
expansion_hlm,ExpansionRx,split3,ChemRasayan,full_mix,full_mix,connectivity_inchikey,426,0,0.0,426,0.3835840087881573,,0.3835840087881573,0.0
expansion_hlm,ExpansionRx,split3,ChemRasayan,full_mix,full_mix,tanimoto_ge_0_70,426,2,0.004694835680751174,424,0.3835840087881573,0.3377855296633374,0.3838000393500668,0.0002160305619094971
expansion_hlm,ExpansionRx,split3,ChemRasayan,full_mix,full_mix,tanimoto_ge_0_80,426,0,0.0,426,0.3835840087881573,,0.3835840087881573,0.0
expansion_hlm,ExpansionRx,split3,ChemRasayan,full_mix,full_mix,tanimoto_ge_0_90,426,0,0.0,426,0.3835840087881573,,0.3835840087881573,0.0
expansion_hlm,ExpansionRx,split3,ChemRasayan,full_mix,full_mix,tanimoto_ge_0_95,426,0,0.0,426,0.3835840087881573,,0.3835840087881573,0.0
expansion_hlm,ExpansionRx,split3,ChemRasayan,lora_mix,lora_mix,standardized_exact,426,0,0.0,426,0.4089907079907495,,0.4089907079907495,0.0
expansion_hlm,ExpansionRx,split3,ChemRasayan,lora_mix,lora_mix,connectivity_inchikey,426,0,0.0,426,0.4089907079907495,,0.4089907079907495,0.0
expansion_hlm,ExpansionRx,split3,ChemRasayan,lora_mix,lora_mix,tanimoto_ge_0_70,426,2,0.004694835680751174,424,0.4089907079907495,0.4221058960459363,0.40892884389614964,-6.186409459985054e-05
expansion_hlm,ExpansionRx,split3,ChemRasayan,lora_mix,lora_mix,tanimoto_ge_0_80,426,0,0.0,426,0.4089907079907495,,0.4089907079907495,0.0
expansion_hlm,ExpansionRx,split3,ChemRasayan,lora_mix,lora_mix,tanimoto_ge_0_90,426,0,0.0,426,0.4089907079907495,,0.4089907079907495,0.0
expansion_hlm,ExpansionRx,split3,ChemRasayan,lora_mix,lora_mix,tanimoto_ge_0_95,426,0,0.0,426,0.4089907079907495,,0.4089907079907495,0.0
expansion_hlm,ExpansionRx,split3,ChemRasayan,frozen_mix,frozen_mix,standardized_exact,426,0,0.0,426,0.39889410853948115,,0.39889410853948115,0.0
expansion_hlm,ExpansionRx,split3,ChemRasayan,frozen_mix,frozen_mix,connectivity_inchikey,426,0,0.0,426,0.39889410853948115,,0.39889410853948115,0.0
expansion_hlm,ExpansionRx,split3,ChemRasayan,frozen_mix,frozen_mix,tanimoto_ge_0_70,426,2,0.004694835680751174,424,0.39889410853948115,0.3275648232004773,0.39923056743258967,0.0003364588931085155
expansion_hlm,ExpansionRx,split3,ChemRasayan,frozen_mix,frozen_mix,tanimoto_ge_0_80,426,0,0.0,426,0.39889410853948115,,0.39889410853948115,0.0
expansion_hlm,ExpansionRx,split3,ChemRasayan,frozen_mix,frozen_mix,tanimoto_ge_0_90,426,0,0.0,426,0.39889410853948115,,0.39889410853948115,0.0
expansion_hlm,ExpansionRx,split3,ChemRasayan,frozen_mix,frozen_mix,tanimoto_ge_0_95,426,0,0.0,426,0.39889410853948115,,0.39889410853948115,0.0
expansion_hlm,ExpansionRx,split3,ChemRasayan,validation_selected,full_mix,standardized_exact,426,0,0.0,426,0.3835840087881573,,0.3835840087881573,0.0
expansion_hlm,ExpansionRx,split3,ChemRasayan,validation_selected,full_mix,connectivity_inchikey,426,0,0.0,426,0.3835840087881573,,0.3835840087881573,0.0
expansion_hlm,ExpansionRx,split3,ChemRasayan,validation_selected,full_mix,tanimoto_ge_0_70,426,2,0.004694835680751174,424,0.3835840087881573,0.3377855296633374,0.3838000393500668,0.0002160305619094971
expansion_hlm,ExpansionRx,split3,ChemRasayan,validation_selected,full_mix,tanimoto_ge_0_80,426,0,0.0,426,0.3835840087881573,,0.3835840087881573,0.0
expansion_hlm,ExpansionRx,split3,ChemRasayan,validation_selected,full_mix,tanimoto_ge_0_90,426,0,0.0,426,0.3835840087881573,,0.3835840087881573,0.0
expansion_hlm,ExpansionRx,split3,ChemRasayan,validation_selected,full_mix,tanimoto_ge_0_95,426,0,0.0,426,0.3835840087881573,,0.3835840087881573,0.0
expansion_ksol,ExpansionRx,split1,ChemRasayan,full_mix,full_mix,standardized_exact,608,0,0.0,608,0.3963300861487138,,0.3963300861487138,0.0
expansion_ksol,ExpansionRx,split1,ChemRasayan,full_mix,full_mix,connectivity_inchikey,608,0,0.0,608,0.3963300861487138,,0.3963300861487138,0.0
expansion_ksol,ExpansionRx,split1,ChemRasayan,full_mix,full_mix,tanimoto_ge_0_70,608,4,0.006578947368421052,604,0.3963300861487138,0.26424411370648077,0.3972048276880663,0.0008747415393525193
expansion_ksol,ExpansionRx,split1,ChemRasayan,full_mix,full_mix,tanimoto_ge_0_80,608,2,0.003289473684210526,606,0.3963300861487138,0.3170491950129589,0.39659173925477237,0.00026165310605857917
expansion_ksol,ExpansionRx,split1,ChemRasayan,full_mix,full_mix,tanimoto_ge_0_90,608,0,0.0,608,0.3963300861487138,,0.3963300861487138,0.0
expansion_ksol,ExpansionRx,split1,ChemRasayan,full_mix,full_mix,tanimoto_ge_0_95,608,0,0.0,608,0.3963300861487138,,0.3963300861487138,0.0
expansion_ksol,ExpansionRx,split1,ChemRasayan,lora_mix,lora_mix,standardized_exact,608,0,0.0,608,0.4036572237214136,,0.4036572237214136,0.0
expansion_ksol,ExpansionRx,split1,ChemRasayan,lora_mix,lora_mix,connectivity_inchikey,608,0,0.0,608,0.4036572237214136,,0.4036572237214136,0.0
expansion_ksol,ExpansionRx,split1,ChemRasayan,lora_mix,lora_mix,tanimoto_ge_0_70,608,4,0.006578947368421052,604,0.4036572237214136,0.3511775425915173,0.4040047712785652,0.00034754755715160623
expansion_ksol,ExpansionRx,split1,ChemRasayan,lora_mix,lora_mix,tanimoto_ge_0_80,608,2,0.003289473684210526,606,0.4036572237214136,0.6074021626420801,0.40298479818042127,-0.0006724255409923385
expansion_ksol,ExpansionRx,split1,ChemRasayan,lora_mix,lora_mix,tanimoto_ge_0_90,608,0,0.0,608,0.4036572237214136,,0.4036572237214136,0.0
expansion_ksol,ExpansionRx,split1,ChemRasayan,lora_mix,lora_mix,tanimoto_ge_0_95,608,0,0.0,608,0.4036572237214136,,0.4036572237214136,0.0
expansion_ksol,ExpansionRx,split1,ChemRasayan,frozen_mix,frozen_mix,standardized_exact,608,0,0.0,608,0.4436038219413967,,0.4436038219413967,0.0
expansion_ksol,ExpansionRx,split1,ChemRasayan,frozen_mix,frozen_mix,connectivity_inchikey,608,0,0.0,608,0.4436038219413967,,0.4436038219413967,0.0
expansion_ksol,ExpansionRx,split1,ChemRasayan,frozen_mix,frozen_mix,tanimoto_ge_0_70,608,4,0.006578947368421052,604,0.4436038219413967,0.5386760711347804,0.44297420439706964,-0.0006296175443270546
expansion_ksol,ExpansionRx,split1,ChemRasayan,frozen_mix,frozen_mix,tanimoto_ge_0_80,608,2,0.003289473684210526,606,0.4436038219413967,1.0360774565645046,0.4416484634112875,-0.001955358530109197
expansion_ksol,ExpansionRx,split1,ChemRasayan,frozen_mix,frozen_mix,tanimoto_ge_0_90,608,0,0.0,608,0.4436038219413967,,0.4436038219413967,0.0
expansion_ksol,ExpansionRx,split1,ChemRasayan,frozen_mix,frozen_mix,tanimoto_ge_0_95,608,0,0.0,608,0.4436038219413967,,0.4436038219413967,0.0
expansion_ksol,ExpansionRx,split1,ChemRasayan,validation_selected,lora_mix,standardized_exact,608,0,0.0,608,0.4036572237214136,,0.4036572237214136,0.0
expansion_ksol,ExpansionRx,split1,ChemRasayan,validation_selected,lora_mix,connectivity_inchikey,608,0,0.0,608,0.4036572237214136,,0.4036572237214136,0.0
expansion_ksol,ExpansionRx,split1,ChemRasayan,validation_selected,lora_mix,tanimoto_ge_0_70,608,4,0.006578947368421052,604,0.4036572237214136,0.3511775425915173,0.4040047712785652,0.00034754755715160623
expansion_ksol,ExpansionRx,split1,ChemRasayan,validation_selected,lora_mix,tanimoto_ge_0_80,608,2,0.003289473684210526,606,0.4036572237214136,0.6074021626420801,0.40298479818042127,-0.0006724255409923385
expansion_ksol,ExpansionRx,split1,ChemRasayan,validation_selected,lora_mix,tanimoto_ge_0_90,608,0,0.0,608,0.4036572237214136,,0.4036572237214136,0.0
expansion_ksol,ExpansionRx,split1,ChemRasayan,validation_selected,lora_mix,tanimoto_ge_0_95,608,0,0.0,608,0.4036572237214136,,0.4036572237214136,0.0
expansion_ksol,ExpansionRx,split2,ChemRasayan,full_mix,full_mix,standardized_exact,496,0,0.0,496,0.4501578158531471,,0.4501578158531471,0.0
expansion_ksol,ExpansionRx,split2,ChemRasayan,full_mix,full_mix,connectivity_inchikey,496,0,0.0,496,0.4501578158531471,,0.4501578158531471,0.0
expansion_ksol,ExpansionRx,split2,ChemRasayan,full_mix,full_mix,tanimoto_ge_0_70,496,8,0.016129032258064516,488,0.4501578158531471,0.4369192637370828,0.4503748412976728,0.00021702544452567585
expansion_ksol,ExpansionRx,split2,ChemRasayan,full_mix,full_mix,tanimoto_ge_0_80,496,3,0.006048387096774193,493,0.4501578158531471,0.5640225296779612,0.44946492712804686,-0.0006928887251002602
expansion_ksol,ExpansionRx,split2,ChemRasayan,full_mix,full_mix,tanimoto_ge_0_90,496,1,0.0020161290322580645,495,0.4501578158531471,0.18140239693489746,0.450700756093386,0.0005429402402388761
expansion_ksol,ExpansionRx,split2,ChemRasayan,full_mix,full_mix,tanimoto_ge_0_95,496,0,0.0,496,0.4501578158531471,,0.4501578158531471,0.0
expansion_ksol,ExpansionRx,split2,ChemRasayan,lora_mix,lora_mix,standardized_exact,496,0,0.0,496,0.4622549911061312,,0.4622549911061312,0.0
expansion_ksol,ExpansionRx,split2,ChemRasayan,lora_mix,lora_mix,connectivity_inchikey,496,0,0.0,496,0.4622549911061312,,0.4622549911061312,0.0
expansion_ksol,ExpansionRx,split2,ChemRasayan,lora_mix,lora_mix,tanimoto_ge_0_70,496,8,0.016129032258064516,488,0.4622549911061312,0.49614798971317065,0.4616993681781469,-0.0005556229279843339
expansion_ksol,ExpansionRx,split2,ChemRasayan,lora_mix,lora_mix,tanimoto_ge_0_80,496,3,0.006048387096774193,493,0.4622549911061312,0.4828392075544928,0.46212973218251036,-0.00012525892362086344
expansion_ksol,ExpansionRx,split2,ChemRasayan,lora_mix,lora_mix,tanimoto_ge_0_90,496,1,0.0020161290322580645,495,0.4622549911061312,0.008141684753029788,0.4631723917250264,0.00091740061889517
expansion_ksol,ExpansionRx,split2,ChemRasayan,lora_mix,lora_mix,tanimoto_ge_0_95,496,0,0.0,496,0.4622549911061312,,0.4622549911061312,0.0
expansion_ksol,ExpansionRx,split2,ChemRasayan,frozen_mix,frozen_mix,standardized_exact,496,0,0.0,496,0.5537123432486413,,0.5537123432486413,0.0
expansion_ksol,ExpansionRx,split2,ChemRasayan,frozen_mix,frozen_mix,connectivity_inchikey,496,0,0.0,496,0.5537123432486413,,0.5537123432486413,0.0
expansion_ksol,ExpansionRx,split2,ChemRasayan,frozen_mix,frozen_mix,tanimoto_ge_0_70,496,8,0.016129032258064516,488,0.5537123432486413,0.5141930740194324,0.5543602001212513,0.000647856872610042
expansion_ksol,ExpansionRx,split2,ChemRasayan,frozen_mix,frozen_mix,tanimoto_ge_0_80,496,3,0.006048387096774193,493,0.5537123432486413,0.7823932702903091,0.5523207757412884,-0.00139156750735292
expansion_ksol,ExpansionRx,split2,ChemRasayan,frozen_mix,frozen_mix,tanimoto_ge_0_90,496,1,0.0020161290322580645,495,0.5537123432486413,0.5983995316204138,0.5536220661004154,-9.027714822584798e-05
expansion_ksol,ExpansionRx,split2,ChemRasayan,frozen_mix,frozen_mix,tanimoto_ge_0_95,496,0,0.0,496,0.5537123432486413,,0.5537123432486413,0.0
expansion_ksol,ExpansionRx,split2,ChemRasayan,validation_selected,full_mix,standardized_exact,496,0,0.0,496,0.4501578158531471,,0.4501578158531471,0.0
expansion_ksol,ExpansionRx,split2,ChemRasayan,validation_selected,full_mix,connectivity_inchikey,496,0,0.0,496,0.4501578158531471,,0.4501578158531471,0.0
expansion_ksol,ExpansionRx,split2,ChemRasayan,validation_selected,full_mix,tanimoto_ge_0_70,496,8,0.016129032258064516,488,0.4501578158531471,0.4369192637370828,0.4503748412976728,0.00021702544452567585
expansion_ksol,ExpansionRx,split2,ChemRasayan,validation_selected,full_mix,tanimoto_ge_0_80,496,3,0.006048387096774193,493,0.4501578158531471,0.5640225296779612,0.44946492712804686,-0.0006928887251002602
expansion_ksol,ExpansionRx,split2,ChemRasayan,validation_selected,full_mix,tanimoto_ge_0_90,496,1,0.0020161290322580645,495,0.4501578158531471,0.18140239693489746,0.450700756093386,0.0005429402402388761
expansion_ksol,ExpansionRx,split2,ChemRasayan,validation_selected,full_mix,tanimoto_ge_0_95,496,0,0.0,496,0.4501578158531471,,0.4501578158531471,0.0
expansion_ksol,ExpansionRx,split3,ChemRasayan,full_mix,full_mix,standardized_exact,520,0,0.0,520,0.400993502096125,,0.400993502096125,0.0
expansion_ksol,ExpansionRx,split3,ChemRasayan,full_mix,full_mix,connectivity_inchikey,520,0,0.0,520,0.400993502096125,,0.400993502096125,0.0
expansion_ksol,ExpansionRx,split3,ChemRasayan,full_mix,full_mix,tanimoto_ge_0_70,520,4,0.007692307692307693,516,0.400993502096125,0.3148058235323176,0.4016616236353793,0.0006681215392542739
expansion_ksol,ExpansionRx,split3,ChemRasayan,full_mix,full_mix,tanimoto_ge_0_80,520,2,0.0038461538461538464,518,0.400993502096125,0.38744719514330084,0.4010458044395722,5.230234344721918e-05
expansion_ksol,ExpansionRx,split3,ChemRasayan,full_mix,full_mix,tanimoto_ge_0_90,520,0,0.0,520,0.400993502096125,,0.400993502096125,0.0
expansion_ksol,ExpansionRx,split3,ChemRasayan,full_mix,full_mix,tanimoto_ge_0_95,520,0,0.0,520,0.400993502096125,,0.400993502096125,0.0
expansion_ksol,ExpansionRx,split3,ChemRasayan,lora_mix,lora_mix,standardized_exact,520,0,0.0,520,0.3799903518169392,,0.3799903518169392,0.0
expansion_ksol,ExpansionRx,split3,ChemRasayan,lora_mix,lora_mix,connectivity_inchikey,520,0,0.0,520,0.3799903518169392,,0.3799903518169392,0.0
expansion_ksol,ExpansionRx,split3,ChemRasayan,lora_mix,lora_mix,tanimoto_ge_0_70,520,4,0.007692307692307693,516,0.3799903518169392,0.34417623712910345,0.3802679806129689,0.00027762879602971635
expansion_ksol,ExpansionRx,split3,ChemRasayan,lora_mix,lora_mix,tanimoto_ge_0_80,520,2,0.0038461538461538464,518,0.3799903518169392,0.5111170308207592,0.37948407120302485,-0.0005062806139143339
expansion_ksol,ExpansionRx,split3,ChemRasayan,lora_mix,lora_mix,tanimoto_ge_0_90,520,0,0.0,520,0.3799903518169392,,0.3799903518169392,0.0
expansion_ksol,ExpansionRx,split3,ChemRasayan,lora_mix,lora_mix,tanimoto_ge_0_95,520,0,0.0,520,0.3799903518169392,,0.3799903518169392,0.0
expansion_ksol,ExpansionRx,split3,ChemRasayan,frozen_mix,frozen_mix,standardized_exact,520,0,0.0,520,0.4053003690226209,,0.4053003690226209,0.0
expansion_ksol,ExpansionRx,split3,ChemRasayan,frozen_mix,frozen_mix,connectivity_inchikey,520,0,0.0,520,0.4053003690226209,,0.4053003690226209,0.0
expansion_ksol,ExpansionRx,split3,ChemRasayan,frozen_mix,frozen_mix,tanimoto_ge_0_70,520,4,0.007692307692307693,516,0.4053003690226209,0.43639847555202754,0.4050592984293696,-0.00024107059325129132
expansion_ksol,ExpansionRx,split3,ChemRasayan,frozen_mix,frozen_mix,tanimoto_ge_0_80,520,2,0.0038461538461538464,518,0.4053003690226209,0.805798308939535,0.40375404493027756,-0.001546324092343343
expansion_ksol,ExpansionRx,split3,ChemRasayan,frozen_mix,frozen_mix,tanimoto_ge_0_90,520,0,0.0,520,0.4053003690226209,,0.4053003690226209,0.0
expansion_ksol,ExpansionRx,split3,ChemRasayan,frozen_mix,frozen_mix,tanimoto_ge_0_95,520,0,0.0,520,0.4053003690226209,,0.4053003690226209,0.0
expansion_ksol,ExpansionRx,split3,ChemRasayan,validation_selected,full_mix,standardized_exact,520,0,0.0,520,0.400993502096125,,0.400993502096125,0.0
expansion_ksol,ExpansionRx,split3,ChemRasayan,validation_selected,full_mix,connectivity_inchikey,520,0,0.0,520,0.400993502096125,,0.400993502096125,0.0
expansion_ksol,ExpansionRx,split3,ChemRasayan,validation_selected,full_mix,tanimoto_ge_0_70,520,4,0.007692307692307693,516,0.400993502096125,0.3148058235323176,0.4016616236353793,0.0006681215392542739
expansion_ksol,ExpansionRx,split3,ChemRasayan,validation_selected,full_mix,tanimoto_ge_0_80,520,2,0.0038461538461538464,518,0.400993502096125,0.38744719514330084,0.4010458044395722,5.230234344721918e-05
expansion_ksol,ExpansionRx,split3,ChemRasayan,validation_selected,full_mix,tanimoto_ge_0_90,520,0,0.0,520,0.400993502096125,,0.400993502096125,0.0
expansion_ksol,ExpansionRx,split3,ChemRasayan,validation_selected,full_mix,tanimoto_ge_0_95,520,0,0.0,520,0.400993502096125,,0.400993502096125,0.0
expansion_logd,ExpansionRx,split1,ChemRasayan,full_mix,full_mix,standardized_exact,534,0,0.0,534,0.24831191541606118,,0.24831191541606118,0.0
expansion_logd,ExpansionRx,split1,ChemRasayan,full_mix,full_mix,connectivity_inchikey,534,0,0.0,534,0.24831191541606118,,0.24831191541606118,0.0
expansion_logd,ExpansionRx,split1,ChemRasayan,full_mix,full_mix,tanimoto_ge_0_70,534,1,0.0018726591760299626,533,0.24831191541606118,0.19907898902893084,0.2484042848839545,9.236946789331624e-05
expansion_logd,ExpansionRx,split1,ChemRasayan,full_mix,full_mix,tanimoto_ge_0_80,534,0,0.0,534,0.24831191541606118,,0.24831191541606118,0.0
expansion_logd,ExpansionRx,split1,ChemRasayan,full_mix,full_mix,tanimoto_ge_0_90,534,0,0.0,534,0.24831191541606118,,0.24831191541606118,0.0
expansion_logd,ExpansionRx,split1,ChemRasayan,full_mix,full_mix,tanimoto_ge_0_95,534,0,0.0,534,0.24831191541606118,,0.24831191541606118,0.0
expansion_logd,ExpansionRx,split1,ChemRasayan,lora_mix,lora_mix,standardized_exact,534,0,0.0,534,0.29806048147021075,,0.29806048147021075,0.0
expansion_logd,ExpansionRx,split1,ChemRasayan,lora_mix,lora_mix,connectivity_inchikey,534,0,0.0,534,0.29806048147021075,,0.29806048147021075,0.0
expansion_logd,ExpansionRx,split1,ChemRasayan,lora_mix,lora_mix,tanimoto_ge_0_70,534,1,0.0018726591760299626,533,0.29806048147021075,0.0491396903991701,0.2985274998399501,0.00046701836973933597
expansion_logd,ExpansionRx,split1,ChemRasayan,lora_mix,lora_mix,tanimoto_ge_0_80,534,0,0.0,534,0.29806048147021075,,0.29806048147021075,0.0
expansion_logd,ExpansionRx,split1,ChemRasayan,lora_mix,lora_mix,tanimoto_ge_0_90,534,0,0.0,534,0.29806048147021075,,0.29806048147021075,0.0
expansion_logd,ExpansionRx,split1,ChemRasayan,lora_mix,lora_mix,tanimoto_ge_0_95,534,0,0.0,534,0.29806048147021075,,0.29806048147021075,0.0
expansion_logd,ExpansionRx,split1,ChemRasayan,frozen_mix,frozen_mix,standardized_exact,534,0,0.0,534,0.3003133520764763,,0.3003133520764763,0.0
expansion_logd,ExpansionRx,split1,ChemRasayan,frozen_mix,frozen_mix,connectivity_inchikey,534,0,0.0,534,0.3003133520764763,,0.3003133520764763,0.0
expansion_logd,ExpansionRx,split1,ChemRasayan,frozen_mix,frozen_mix,tanimoto_ge_0_70,534,1,0.0018726591760299626,533,0.3003133520764763,0.04457216262817365,0.3007931666908258,0.000479814614349483
expansion_logd,ExpansionRx,split1,ChemRasayan,frozen_mix,frozen_mix,tanimoto_ge_0_80,534,0,0.0,534,0.3003133520764763,,0.3003133520764763,0.0
expansion_logd,ExpansionRx,split1,ChemRasayan,frozen_mix,frozen_mix,tanimoto_ge_0_90,534,0,0.0,534,0.3003133520764763,,0.3003133520764763,0.0
expansion_logd,ExpansionRx,split1,ChemRasayan,frozen_mix,frozen_mix,tanimoto_ge_0_95,534,0,0.0,534,0.3003133520764763,,0.3003133520764763,0.0
expansion_logd,ExpansionRx,split1,ChemRasayan,validation_selected,full_mix,standardized_exact,534,0,0.0,534,0.24831191541606118,,0.24831191541606118,0.0
expansion_logd,ExpansionRx,split1,ChemRasayan,validation_selected,full_mix,connectivity_inchikey,534,0,0.0,534,0.24831191541606118,,0.24831191541606118,0.0
expansion_logd,ExpansionRx,split1,ChemRasayan,validation_selected,full_mix,tanimoto_ge_0_70,534,1,0.0018726591760299626,533,0.24831191541606118,0.19907898902893084,0.2484042848839545,9.236946789331624e-05
expansion_logd,ExpansionRx,split1,ChemRasayan,validation_selected,full_mix,tanimoto_ge_0_80,534,0,0.0,534,0.24831191541606118,,0.24831191541606118,0.0
expansion_logd,ExpansionRx,split1,ChemRasayan,validation_selected,full_mix,tanimoto_ge_0_90,534,0,0.0,534,0.24831191541606118,,0.24831191541606118,0.0
expansion_logd,ExpansionRx,split1,ChemRasayan,validation_selected,full_mix,tanimoto_ge_0_95,534,0,0.0,534,0.24831191541606118,,0.24831191541606118,0.0
expansion_logd,ExpansionRx,split2,ChemRasayan,full_mix,full_mix,standardized_exact,570,0,0.0,570,0.28857097014000543,,0.28857097014000543,0.0
expansion_logd,ExpansionRx,split2,ChemRasayan,full_mix,full_mix,connectivity_inchikey,570,0,0.0,570,0.28857097014000543,,0.28857097014000543,0.0
expansion_logd,ExpansionRx,split2,ChemRasayan,full_mix,full_mix,tanimoto_ge_0_70,570,2,0.0035087719298245615,568,0.28857097014000543,0.29887285232543936,0.28853469590695807,-3.627423304736199e-05
expansion_logd,ExpansionRx,split2,ChemRasayan,full_mix,full_mix,tanimoto_ge_0_80,570,1,0.0017543859649122807,569,0.28857097014000543,0.25028676986694354,0.28863825344452754,6.72833045221033e-05
expansion_logd,ExpansionRx,split2,ChemRasayan,full_mix,full_mix,tanimoto_ge_0_90,570,1,0.0017543859649122807,569,0.28857097014000543,0.25028676986694354,0.28863825344452754,6.72833045221033e-05
expansion_logd,ExpansionRx,split2,ChemRasayan,full_mix,full_mix,tanimoto_ge_0_95,570,0,0.0,570,0.28857097014000543,,0.28857097014000543,0.0
expansion_logd,ExpansionRx,split2,ChemRasayan,lora_mix,lora_mix,standardized_exact,570,0,0.0,570,0.3099882339228664,,0.3099882339228664,0.0
expansion_logd,ExpansionRx,split2,ChemRasayan,lora_mix,lora_mix,connectivity_inchikey,570,0,0.0,570,0.3099882339228664,,0.3099882339228664,0.0
expansion_logd,ExpansionRx,split2,ChemRasayan,lora_mix,lora_mix,tanimoto_ge_0_70,570,2,0.0035087719298245615,568,0.3099882339228664,0.51012864112854,0.3092835141791844,-0.0007047197436819697
expansion_logd,ExpansionRx,split2,ChemRasayan,lora_mix,lora_mix,tanimoto_ge_0_80,570,1,0.0017543859649122807,569,0.3099882339228664,0.616463613510132,0.3094496128691101,-0.0005386210537562941
expansion_logd,ExpansionRx,split2,ChemRasayan,lora_mix,lora_mix,tanimoto_ge_0_90,570,1,0.0017543859649122807,569,0.3099882339228664,0.616463613510132,0.3094496128691101,-0.0005386210537562941
expansion_logd,ExpansionRx,split2,ChemRasayan,lora_mix,lora_mix,tanimoto_ge_0_95,570,0,0.0,570,0.3099882339228664,,0.3099882339228664,0.0
expansion_logd,ExpansionRx,split2,ChemRasayan,frozen_mix,frozen_mix,standardized_exact,570,0,0.0,570,0.31229162109787,,0.31229162109787,0.0
expansion_logd,ExpansionRx,split2,ChemRasayan,frozen_mix,frozen_mix,connectivity_inchikey,570,0,0.0,570,0.31229162109787,,0.31229162109787,0.0
expansion_logd,ExpansionRx,split2,ChemRasayan,frozen_mix,frozen_mix,tanimoto_ge_0_70,570,2,0.0035087719298245615,568,0.31229162109787,0.6368822097778319,0.311148696489842,-0.0011429246080280064
expansion_logd,ExpansionRx,split2,ChemRasayan,frozen_mix,frozen_mix,tanimoto_ge_0_80,570,1,0.0017543859649122807,569,0.31229162109787,0.5601286411285402,0.3118560551575701,-0.00043556594029992013
expansion_logd,ExpansionRx,split2,ChemRasayan,frozen_mix,frozen_mix,tanimoto_ge_0_90,570,1,0.0017543859649122807,569,0.31229162109787,0.5601286411285402,0.3118560551575701,-0.00043556594029992013
expansion_logd,ExpansionRx,split2,ChemRasayan,frozen_mix,frozen_mix,tanimoto_ge_0_95,570,0,0.0,570,0.31229162109787,,0.31229162109787,0.0
expansion_logd,ExpansionRx,split2,ChemRasayan,validation_selected,full_mix,standardized_exact,570,0,0.0,570,0.28857097014000543,,0.28857097014000543,0.0
expansion_logd,ExpansionRx,split2,ChemRasayan,validation_selected,full_mix,connectivity_inchikey,570,0,0.0,570,0.28857097014000543,,0.28857097014000543,0.0
expansion_logd,ExpansionRx,split2,ChemRasayan,validation_selected,full_mix,tanimoto_ge_0_70,570,2,0.0035087719298245615,568,0.28857097014000543,0.29887285232543936,0.28853469590695807,-3.627423304736199e-05
expansion_logd,ExpansionRx,split2,ChemRasayan,validation_selected,full_mix,tanimoto_ge_0_80,570,1,0.0017543859649122807,569,0.28857097014000543,0.25028676986694354,0.28863825344452754,6.72833045221033e-05
expansion_logd,ExpansionRx,split2,ChemRasayan,validation_selected,full_mix,tanimoto_ge_0_90,570,1,0.0017543859649122807,569,0.28857097014000543,0.25028676986694354,0.28863825344452754,6.72833045221033e-05
expansion_logd,ExpansionRx,split2,ChemRasayan,validation_selected,full_mix,tanimoto_ge_0_95,570,0,0.0,570,0.28857097014000543,,0.28857097014000543,0.0
expansion_logd,ExpansionRx,split3,ChemRasayan,full_mix,full_mix,standardized_exact,551,0,0.0,551,0.2796354842184622,,0.2796354842184622,0.0
expansion_logd,ExpansionRx,split3,ChemRasayan,full_mix,full_mix,connectivity_inchikey,551,0,0.0,551,0.2796354842184622,,0.2796354842184622,0.0
expansion_logd,ExpansionRx,split3,ChemRasayan,full_mix,full_mix,tanimoto_ge_0_70,551,5,0.009074410163339383,546,0.2796354842184622,0.4040522861480714,0.27849613621544383,-0.0011393480030183478
expansion_logd,ExpansionRx,split3,ChemRasayan,full_mix,full_mix,tanimoto_ge_0_80,551,0,0.0,551,0.2796354842184622,,0.2796354842184622,0.0
expansion_logd,ExpansionRx,split3,ChemRasayan,full_mix,full_mix,tanimoto_ge_0_90,551,0,0.0,551,0.2796354842184622,,0.2796354842184622,0.0
expansion_logd,ExpansionRx,split3,ChemRasayan,full_mix,full_mix,tanimoto_ge_0_95,551,0,0.0,551,0.2796354842184622,,0.2796354842184622,0.0
expansion_logd,ExpansionRx,split3,ChemRasayan,lora_mix,lora_mix,standardized_exact,551,0,0.0,551,0.31032791678910354,,0.31032791678910354,0.0
expansion_logd,ExpansionRx,split3,ChemRasayan,lora_mix,lora_mix,connectivity_inchikey,551,0,0.0,551,0.31032791678910354,,0.31032791678910354,0.0
expansion_logd,ExpansionRx,split3,ChemRasayan,lora_mix,lora_mix,tanimoto_ge_0_70,551,5,0.009074410163339383,546,0.31032791678910354,0.4751110839843752,0.30881891342650947,-0.0015090033625940746
expansion_logd,ExpansionRx,split3,ChemRasayan,lora_mix,lora_mix,tanimoto_ge_0_80,551,0,0.0,551,0.31032791678910354,,0.31032791678910354,0.0
expansion_logd,ExpansionRx,split3,ChemRasayan,lora_mix,lora_mix,tanimoto_ge_0_90,551,0,0.0,551,0.31032791678910354,,0.31032791678910354,0.0
expansion_logd,ExpansionRx,split3,ChemRasayan,lora_mix,lora_mix,tanimoto_ge_0_95,551,0,0.0,551,0.31032791678910354,,0.31032791678910354,0.0
expansion_logd,ExpansionRx,split3,ChemRasayan,frozen_mix,frozen_mix,standardized_exact,551,0,0.0,551,0.32380260081316076,,0.32380260081316076,0.0
expansion_logd,ExpansionRx,split3,ChemRasayan,frozen_mix,frozen_mix,connectivity_inchikey,551,0,0.0,551,0.32380260081316076,,0.32380260081316076,0.0
expansion_logd,ExpansionRx,split3,ChemRasayan,frozen_mix,frozen_mix,tanimoto_ge_0_70,551,5,0.009074410163339383,546,0.32380260081316076,0.4489315319061281,0.3226567314808076,-0.0011458693323531666
expansion_logd,ExpansionRx,split3,ChemRasayan,frozen_mix,frozen_mix,tanimoto_ge_0_80,551,0,0.0,551,0.32380260081316076,,0.32380260081316076,0.0
expansion_logd,ExpansionRx,split3,ChemRasayan,frozen_mix,frozen_mix,tanimoto_ge_0_90,551,0,0.0,551,0.32380260081316076,,0.32380260081316076,0.0
expansion_logd,ExpansionRx,split3,ChemRasayan,frozen_mix,frozen_mix,tanimoto_ge_0_95,551,0,0.0,551,0.32380260081316076,,0.32380260081316076,0.0
expansion_logd,ExpansionRx,split3,ChemRasayan,validation_selected,full_mix,standardized_exact,551,0,0.0,551,0.2796354842184622,,0.2796354842184622,0.0
expansion_logd,ExpansionRx,split3,ChemRasayan,validation_selected,full_mix,connectivity_inchikey,551,0,0.0,551,0.2796354842184622,,0.2796354842184622,0.0
expansion_logd,ExpansionRx,split3,ChemRasayan,validation_selected,full_mix,tanimoto_ge_0_70,551,5,0.009074410163339383,546,0.2796354842184622,0.4040522861480714,0.27849613621544383,-0.0011393480030183478
expansion_logd,ExpansionRx,split3,ChemRasayan,validation_selected,full_mix,tanimoto_ge_0_80,551,0,0.0,551,0.2796354842184622,,0.2796354842184622,0.0
expansion_logd,ExpansionRx,split3,ChemRasayan,validation_selected,full_mix,tanimoto_ge_0_90,551,0,0.0,551,0.2796354842184622,,0.2796354842184622,0.0
expansion_logd,ExpansionRx,split3,ChemRasayan,validation_selected,full_mix,tanimoto_ge_0_95,551,0,0.0,551,0.2796354842184622,,0.2796354842184622,0.0
expansion_mbpb,ExpansionRx,split1,ChemRasayan,full_mix,full_mix,standardized_exact,120,0,0.0,120,0.2647599176751324,,0.2647599176751324,0.0
expansion_mbpb,ExpansionRx,split1,ChemRasayan,full_mix,full_mix,connectivity_inchikey,120,0,0.0,120,0.2647599176751324,,0.2647599176751324,0.0
expansion_mbpb,ExpansionRx,split1,ChemRasayan,full_mix,full_mix,tanimoto_ge_0_70,120,0,0.0,120,0.2647599176751324,,0.2647599176751324,0.0
expansion_mbpb,ExpansionRx,split1,ChemRasayan,full_mix,full_mix,tanimoto_ge_0_80,120,0,0.0,120,0.2647599176751324,,0.2647599176751324,0.0
expansion_mbpb,ExpansionRx,split1,ChemRasayan,full_mix,full_mix,tanimoto_ge_0_90,120,0,0.0,120,0.2647599176751324,,0.2647599176751324,0.0
expansion_mbpb,ExpansionRx,split1,ChemRasayan,full_mix,full_mix,tanimoto_ge_0_95,120,0,0.0,120,0.2647599176751324,,0.2647599176751324,0.0
expansion_mbpb,ExpansionRx,split1,ChemRasayan,lora_mix,lora_mix,standardized_exact,120,0,0.0,120,0.278688148847856,,0.278688148847856,0.0
expansion_mbpb,ExpansionRx,split1,ChemRasayan,lora_mix,lora_mix,connectivity_inchikey,120,0,0.0,120,0.278688148847856,,0.278688148847856,0.0
expansion_mbpb,ExpansionRx,split1,ChemRasayan,lora_mix,lora_mix,tanimoto_ge_0_70,120,0,0.0,120,0.278688148847856,,0.278688148847856,0.0
expansion_mbpb,ExpansionRx,split1,ChemRasayan,lora_mix,lora_mix,tanimoto_ge_0_80,120,0,0.0,120,0.278688148847856,,0.278688148847856,0.0
expansion_mbpb,ExpansionRx,split1,ChemRasayan,lora_mix,lora_mix,tanimoto_ge_0_90,120,0,0.0,120,0.278688148847856,,0.278688148847856,0.0
expansion_mbpb,ExpansionRx,split1,ChemRasayan,lora_mix,lora_mix,tanimoto_ge_0_95,120,0,0.0,120,0.278688148847856,,0.278688148847856,0.0
expansion_mbpb,ExpansionRx,split1,ChemRasayan,frozen_mix,frozen_mix,standardized_exact,120,0,0.0,120,0.27961389865336755,,0.27961389865336755,0.0
expansion_mbpb,ExpansionRx,split1,ChemRasayan,frozen_mix,frozen_mix,connectivity_inchikey,120,0,0.0,120,0.27961389865336755,,0.27961389865336755,0.0
expansion_mbpb,ExpansionRx,split1,ChemRasayan,frozen_mix,frozen_mix,tanimoto_ge_0_70,120,0,0.0,120,0.27961389865336755,,0.27961389865336755,0.0
expansion_mbpb,ExpansionRx,split1,ChemRasayan,frozen_mix,frozen_mix,tanimoto_ge_0_80,120,0,0.0,120,0.27961389865336755,,0.27961389865336755,0.0
expansion_mbpb,ExpansionRx,split1,ChemRasayan,frozen_mix,frozen_mix,tanimoto_ge_0_90,120,0,0.0,120,0.27961389865336755,,0.27961389865336755,0.0
expansion_mbpb,ExpansionRx,split1,ChemRasayan,frozen_mix,frozen_mix,tanimoto_ge_0_95,120,0,0.0,120,0.27961389865336755,,0.27961389865336755,0.0
expansion_mbpb,ExpansionRx,split1,ChemRasayan,validation_selected,full_mix,standardized_exact,120,0,0.0,120,0.2647599176751324,,0.2647599176751324,0.0
expansion_mbpb,ExpansionRx,split1,ChemRasayan,validation_selected,full_mix,connectivity_inchikey,120,0,0.0,120,0.2647599176751324,,0.2647599176751324,0.0
expansion_mbpb,ExpansionRx,split1,ChemRasayan,validation_selected,full_mix,tanimoto_ge_0_70,120,0,0.0,120,0.2647599176751324,,0.2647599176751324,0.0
expansion_mbpb,ExpansionRx,split1,ChemRasayan,validation_selected,full_mix,tanimoto_ge_0_80,120,0,0.0,120,0.2647599176751324,,0.2647599176751324,0.0
expansion_mbpb,ExpansionRx,split1,ChemRasayan,validation_selected,full_mix,tanimoto_ge_0_90,120,0,0.0,120,0.2647599176751324,,0.2647599176751324,0.0
expansion_mbpb,ExpansionRx,split1,ChemRasayan,validation_selected,full_mix,tanimoto_ge_0_95,120,0,0.0,120,0.2647599176751324,,0.2647599176751324,0.0
expansion_mbpb,ExpansionRx,split2,ChemRasayan,full_mix,full_mix,standardized_exact,113,0,0.0,113,0.24117337705498137,,0.24117337705498137,0.0
expansion_mbpb,ExpansionRx,split2,ChemRasayan,full_mix,full_mix,connectivity_inchikey,113,0,0.0,113,0.24117337705498137,,0.24117337705498137,0.0
expansion_mbpb,ExpansionRx,split2,ChemRasayan,full_mix,full_mix,tanimoto_ge_0_70,113,0,0.0,113,0.24117337705498137,,0.24117337705498137,0.0
expansion_mbpb,ExpansionRx,split2,ChemRasayan,full_mix,full_mix,tanimoto_ge_0_80,113,0,0.0,113,0.24117337705498137,,0.24117337705498137,0.0
expansion_mbpb,ExpansionRx,split2,ChemRasayan,full_mix,full_mix,tanimoto_ge_0_90,113,0,0.0,113,0.24117337705498137,,0.24117337705498137,0.0
expansion_mbpb,ExpansionRx,split2,ChemRasayan,full_mix,full_mix,tanimoto_ge_0_95,113,0,0.0,113,0.24117337705498137,,0.24117337705498137,0.0
expansion_mbpb,ExpansionRx,split2,ChemRasayan,lora_mix,lora_mix,standardized_exact,113,0,0.0,113,0.2410096672265424,,0.2410096672265424,0.0
expansion_mbpb,ExpansionRx,split2,ChemRasayan,lora_mix,lora_mix,connectivity_inchikey,113,0,0.0,113,0.2410096672265424,,0.2410096672265424,0.0
expansion_mbpb,ExpansionRx,split2,ChemRasayan,lora_mix,lora_mix,tanimoto_ge_0_70,113,0,0.0,113,0.2410096672265424,,0.2410096672265424,0.0
expansion_mbpb,ExpansionRx,split2,ChemRasayan,lora_mix,lora_mix,tanimoto_ge_0_80,113,0,0.0,113,0.2410096672265424,,0.2410096672265424,0.0
expansion_mbpb,ExpansionRx,split2,ChemRasayan,lora_mix,lora_mix,tanimoto_ge_0_90,113,0,0.0,113,0.2410096672265424,,0.2410096672265424,0.0
expansion_mbpb,ExpansionRx,split2,ChemRasayan,lora_mix,lora_mix,tanimoto_ge_0_95,113,0,0.0,113,0.2410096672265424,,0.2410096672265424,0.0
expansion_mbpb,ExpansionRx,split2,ChemRasayan,frozen_mix,frozen_mix,standardized_exact,113,0,0.0,113,0.21693522376784838,,0.21693522376784838,0.0
expansion_mbpb,ExpansionRx,split2,ChemRasayan,frozen_mix,frozen_mix,connectivity_inchikey,113,0,0.0,113,0.21693522376784838,,0.21693522376784838,0.0
expansion_mbpb,ExpansionRx,split2,ChemRasayan,frozen_mix,frozen_mix,tanimoto_ge_0_70,113,0,0.0,113,0.21693522376784838,,0.21693522376784838,0.0
expansion_mbpb,ExpansionRx,split2,ChemRasayan,frozen_mix,frozen_mix,tanimoto_ge_0_80,113,0,0.0,113,0.21693522376784838,,0.21693522376784838,0.0
expansion_mbpb,ExpansionRx,split2,ChemRasayan,frozen_mix,frozen_mix,tanimoto_ge_0_90,113,0,0.0,113,0.21693522376784838,,0.21693522376784838,0.0
expansion_mbpb,ExpansionRx,split2,ChemRasayan,frozen_mix,frozen_mix,tanimoto_ge_0_95,113,0,0.0,113,0.21693522376784838,,0.21693522376784838,0.0
expansion_mbpb,ExpansionRx,split2,ChemRasayan,validation_selected,lora_mix,standardized_exact,113,0,0.0,113,0.2410096672265424,,0.2410096672265424,0.0
expansion_mbpb,ExpansionRx,split2,ChemRasayan,validation_selected,lora_mix,connectivity_inchikey,113,0,0.0,113,0.2410096672265424,,0.2410096672265424,0.0
expansion_mbpb,ExpansionRx,split2,ChemRasayan,validation_selected,lora_mix,tanimoto_ge_0_70,113,0,0.0,113,0.2410096672265424,,0.2410096672265424,0.0
expansion_mbpb,ExpansionRx,split2,ChemRasayan,validation_selected,lora_mix,tanimoto_ge_0_80,113,0,0.0,113,0.2410096672265424,,0.2410096672265424,0.0
expansion_mbpb,ExpansionRx,split2,ChemRasayan,validation_selected,lora_mix,tanimoto_ge_0_90,113,0,0.0,113,0.2410096672265424,,0.2410096672265424,0.0
expansion_mbpb,ExpansionRx,split2,ChemRasayan,validation_selected,lora_mix,tanimoto_ge_0_95,113,0,0.0,113,0.2410096672265424,,0.2410096672265424,0.0
expansion_mbpb,ExpansionRx,split3,ChemRasayan,full_mix,full_mix,standardized_exact,176,0,0.0,176,0.24478231330411623,,0.24478231330411623,0.0
expansion_mbpb,ExpansionRx,split3,ChemRasayan,full_mix,full_mix,connectivity_inchikey,176,0,0.0,176,0.24478231330411623,,0.24478231330411623,0.0
expansion_mbpb,ExpansionRx,split3,ChemRasayan,full_mix,full_mix,tanimoto_ge_0_70,176,1,0.005681818181818182,175,0.24478231330411623,0.14958193342146486,0.24532631547487427,0.0005440021707580345
expansion_mbpb,ExpansionRx,split3,ChemRasayan,full_mix,full_mix,tanimoto_ge_0_80,176,0,0.0,176,0.24478231330411623,,0.24478231330411623,0.0
expansion_mbpb,ExpansionRx,split3,ChemRasayan,full_mix,full_mix,tanimoto_ge_0_90,176,0,0.0,176,0.24478231330411623,,0.24478231330411623,0.0
expansion_mbpb,ExpansionRx,split3,ChemRasayan,full_mix,full_mix,tanimoto_ge_0_95,176,0,0.0,176,0.24478231330411623,,0.24478231330411623,0.0
expansion_mbpb,ExpansionRx,split3,ChemRasayan,lora_mix,lora_mix,standardized_exact,176,0,0.0,176,0.2451113255599834,,0.2451113255599834,0.0
expansion_mbpb,ExpansionRx,split3,ChemRasayan,lora_mix,lora_mix,connectivity_inchikey,176,0,0.0,176,0.2451113255599834,,0.2451113255599834,0.0
expansion_mbpb,ExpansionRx,split3,ChemRasayan,lora_mix,lora_mix,tanimoto_ge_0_70,176,1,0.005681818181818182,175,0.2451113255599834,0.05098859031739622,0.2462205983327982,0.0011092727728147789
expansion_mbpb,ExpansionRx,split3,ChemRasayan,lora_mix,lora_mix,tanimoto_ge_0_80,176,0,0.0,176,0.2451113255599834,,0.2451113255599834,0.0
expansion_mbpb,ExpansionRx,split3,ChemRasayan,lora_mix,lora_mix,tanimoto_ge_0_90,176,0,0.0,176,0.2451113255599834,,0.2451113255599834,0.0
expansion_mbpb,ExpansionRx,split3,ChemRasayan,lora_mix,lora_mix,tanimoto_ge_0_95,176,0,0.0,176,0.2451113255599834,,0.2451113255599834,0.0
expansion_mbpb,ExpansionRx,split3,ChemRasayan,frozen_mix,frozen_mix,standardized_exact,176,0,0.0,176,0.2632881166908648,,0.2632881166908648,0.0
expansion_mbpb,ExpansionRx,split3,ChemRasayan,frozen_mix,frozen_mix,connectivity_inchikey,176,0,0.0,176,0.2632881166908648,,0.2632881166908648,0.0
expansion_mbpb,ExpansionRx,split3,ChemRasayan,frozen_mix,frozen_mix,tanimoto_ge_0_70,176,1,0.005681818181818182,175,0.2632881166908648,0.16763972680029482,0.26383467891881096,0.0005465622279461346
expansion_mbpb,ExpansionRx,split3,ChemRasayan,frozen_mix,frozen_mix,tanimoto_ge_0_80,176,0,0.0,176,0.2632881166908648,,0.2632881166908648,0.0
expansion_mbpb,ExpansionRx,split3,ChemRasayan,frozen_mix,frozen_mix,tanimoto_ge_0_90,176,0,0.0,176,0.2632881166908648,,0.2632881166908648,0.0
expansion_mbpb,ExpansionRx,split3,ChemRasayan,frozen_mix,frozen_mix,tanimoto_ge_0_95,176,0,0.0,176,0.2632881166908648,,0.2632881166908648,0.0
expansion_mbpb,ExpansionRx,split3,ChemRasayan,validation_selected,full_mix,standardized_exact,176,0,0.0,176,0.24478231330411623,,0.24478231330411623,0.0
expansion_mbpb,ExpansionRx,split3,ChemRasayan,validation_selected,full_mix,connectivity_inchikey,176,0,0.0,176,0.24478231330411623,,0.24478231330411623,0.0
expansion_mbpb,ExpansionRx,split3,ChemRasayan,validation_selected,full_mix,tanimoto_ge_0_70,176,1,0.005681818181818182,175,0.24478231330411623,0.14958193342146486,0.24532631547487427,0.0005440021707580345
expansion_mbpb,ExpansionRx,split3,ChemRasayan,validation_selected,full_mix,tanimoto_ge_0_80,176,0,0.0,176,0.24478231330411623,,0.24478231330411623,0.0
expansion_mbpb,ExpansionRx,split3,ChemRasayan,validation_selected,full_mix,tanimoto_ge_0_90,176,0,0.0,176,0.24478231330411623,,0.24478231330411623,0.0
expansion_mbpb,ExpansionRx,split3,ChemRasayan,validation_selected,full_mix,tanimoto_ge_0_95,176,0,0.0,176,0.24478231330411623,,0.24478231330411623,0.0
expansion_mgmb,ExpansionRx,split1,ChemRasayan,full_mix,full_mix,standardized_exact,15,0,0.0,15,0.24923754163222683,,0.24923754163222683,0.0
expansion_mgmb,ExpansionRx,split1,ChemRasayan,full_mix,full_mix,connectivity_inchikey,15,0,0.0,15,0.24923754163222683,,0.24923754163222683,0.0
expansion_mgmb,ExpansionRx,split1,ChemRasayan,full_mix,full_mix,tanimoto_ge_0_70,15,0,0.0,15,0.24923754163222683,,0.24923754163222683,0.0
expansion_mgmb,ExpansionRx,split1,ChemRasayan,full_mix,full_mix,tanimoto_ge_0_80,15,0,0.0,15,0.24923754163222683,,0.24923754163222683,0.0
expansion_mgmb,ExpansionRx,split1,ChemRasayan,full_mix,full_mix,tanimoto_ge_0_90,15,0,0.0,15,0.24923754163222683,,0.24923754163222683,0.0
expansion_mgmb,ExpansionRx,split1,ChemRasayan,full_mix,full_mix,tanimoto_ge_0_95,15,0,0.0,15,0.24923754163222683,,0.24923754163222683,0.0
expansion_mgmb,ExpansionRx,split1,ChemRasayan,lora_mix,lora_mix,standardized_exact,15,0,0.0,15,0.2508659650700473,,0.2508659650700473,0.0
expansion_mgmb,ExpansionRx,split1,ChemRasayan,lora_mix,lora_mix,connectivity_inchikey,15,0,0.0,15,0.2508659650700473,,0.2508659650700473,0.0
expansion_mgmb,ExpansionRx,split1,ChemRasayan,lora_mix,lora_mix,tanimoto_ge_0_70,15,0,0.0,15,0.2508659650700473,,0.2508659650700473,0.0
expansion_mgmb,ExpansionRx,split1,ChemRasayan,lora_mix,lora_mix,tanimoto_ge_0_80,15,0,0.0,15,0.2508659650700473,,0.2508659650700473,0.0
expansion_mgmb,ExpansionRx,split1,ChemRasayan,lora_mix,lora_mix,tanimoto_ge_0_90,15,0,0.0,15,0.2508659650700473,,0.2508659650700473,0.0
expansion_mgmb,ExpansionRx,split1,ChemRasayan,lora_mix,lora_mix,tanimoto_ge_0_95,15,0,0.0,15,0.2508659650700473,,0.2508659650700473,0.0
expansion_mgmb,ExpansionRx,split1,ChemRasayan,frozen_mix,frozen_mix,standardized_exact,15,0,0.0,15,0.25046399073416287,,0.25046399073416287,0.0
expansion_mgmb,ExpansionRx,split1,ChemRasayan,frozen_mix,frozen_mix,connectivity_inchikey,15,0,0.0,15,0.25046399073416287,,0.25046399073416287,0.0
expansion_mgmb,ExpansionRx,split1,ChemRasayan,frozen_mix,frozen_mix,tanimoto_ge_0_70,15,0,0.0,15,0.25046399073416287,,0.25046399073416287,0.0
expansion_mgmb,ExpansionRx,split1,ChemRasayan,frozen_mix,frozen_mix,tanimoto_ge_0_80,15,0,0.0,15,0.25046399073416287,,0.25046399073416287,0.0
expansion_mgmb,ExpansionRx,split1,ChemRasayan,frozen_mix,frozen_mix,tanimoto_ge_0_90,15,0,0.0,15,0.25046399073416287,,0.25046399073416287,0.0
expansion_mgmb,ExpansionRx,split1,ChemRasayan,frozen_mix,frozen_mix,tanimoto_ge_0_95,15,0,0.0,15,0.25046399073416287,,0.25046399073416287,0.0
expansion_mgmb,ExpansionRx,split1,ChemRasayan,validation_selected,frozen_mix,standardized_exact,15,0,0.0,15,0.25046399073416287,,0.25046399073416287,0.0
expansion_mgmb,ExpansionRx,split1,ChemRasayan,validation_selected,frozen_mix,connectivity_inchikey,15,0,0.0,15,0.25046399073416287,,0.25046399073416287,0.0
expansion_mgmb,ExpansionRx,split1,ChemRasayan,validation_selected,frozen_mix,tanimoto_ge_0_70,15,0,0.0,15,0.25046399073416287,,0.25046399073416287,0.0
expansion_mgmb,ExpansionRx,split1,ChemRasayan,validation_selected,frozen_mix,tanimoto_ge_0_80,15,0,0.0,15,0.25046399073416287,,0.25046399073416287,0.0
expansion_mgmb,ExpansionRx,split1,ChemRasayan,validation_selected,frozen_mix,tanimoto_ge_0_90,15,0,0.0,15,0.25046399073416287,,0.25046399073416287,0.0
expansion_mgmb,ExpansionRx,split1,ChemRasayan,validation_selected,frozen_mix,tanimoto_ge_0_95,15,0,0.0,15,0.25046399073416287,,0.25046399073416287,0.0
expansion_mgmb,ExpansionRx,split2,ChemRasayan,full_mix,full_mix,standardized_exact,22,0,0.0,22,0.2508898080294587,,0.2508898080294587,0.0
expansion_mgmb,ExpansionRx,split2,ChemRasayan,full_mix,full_mix,connectivity_inchikey,22,0,0.0,22,0.2508898080294587,,0.2508898080294587,0.0
expansion_mgmb,ExpansionRx,split2,ChemRasayan,full_mix,full_mix,tanimoto_ge_0_70,22,0,0.0,22,0.2508898080294587,,0.2508898080294587,0.0
expansion_mgmb,ExpansionRx,split2,ChemRasayan,full_mix,full_mix,tanimoto_ge_0_80,22,0,0.0,22,0.2508898080294587,,0.2508898080294587,0.0
expansion_mgmb,ExpansionRx,split2,ChemRasayan,full_mix,full_mix,tanimoto_ge_0_90,22,0,0.0,22,0.2508898080294587,,0.2508898080294587,0.0
expansion_mgmb,ExpansionRx,split2,ChemRasayan,full_mix,full_mix,tanimoto_ge_0_95,22,0,0.0,22,0.2508898080294587,,0.2508898080294587,0.0
expansion_mgmb,ExpansionRx,split2,ChemRasayan,lora_mix,lora_mix,standardized_exact,22,0,0.0,22,0.2963972784951473,,0.2963972784951473,0.0
expansion_mgmb,ExpansionRx,split2,ChemRasayan,lora_mix,lora_mix,connectivity_inchikey,22,0,0.0,22,0.2963972784951473,,0.2963972784951473,0.0
expansion_mgmb,ExpansionRx,split2,ChemRasayan,lora_mix,lora_mix,tanimoto_ge_0_70,22,0,0.0,22,0.2963972784951473,,0.2963972784951473,0.0
expansion_mgmb,ExpansionRx,split2,ChemRasayan,lora_mix,lora_mix,tanimoto_ge_0_80,22,0,0.0,22,0.2963972784951473,,0.2963972784951473,0.0
expansion_mgmb,ExpansionRx,split2,ChemRasayan,lora_mix,lora_mix,tanimoto_ge_0_90,22,0,0.0,22,0.2963972784951473,,0.2963972784951473,0.0
expansion_mgmb,ExpansionRx,split2,ChemRasayan,lora_mix,lora_mix,tanimoto_ge_0_95,22,0,0.0,22,0.2963972784951473,,0.2963972784951473,0.0
expansion_mgmb,ExpansionRx,split2,ChemRasayan,frozen_mix,frozen_mix,standardized_exact,22,0,0.0,22,0.2998521386183809,,0.2998521386183809,0.0
expansion_mgmb,ExpansionRx,split2,ChemRasayan,frozen_mix,frozen_mix,connectivity_inchikey,22,0,0.0,22,0.2998521386183809,,0.2998521386183809,0.0
expansion_mgmb,ExpansionRx,split2,ChemRasayan,frozen_mix,frozen_mix,tanimoto_ge_0_70,22,0,0.0,22,0.2998521386183809,,0.2998521386183809,0.0
expansion_mgmb,ExpansionRx,split2,ChemRasayan,frozen_mix,frozen_mix,tanimoto_ge_0_80,22,0,0.0,22,0.2998521386183809,,0.2998521386183809,0.0
expansion_mgmb,ExpansionRx,split2,ChemRasayan,frozen_mix,frozen_mix,tanimoto_ge_0_90,22,0,0.0,22,0.2998521386183809,,0.2998521386183809,0.0
expansion_mgmb,ExpansionRx,split2,ChemRasayan,frozen_mix,frozen_mix,tanimoto_ge_0_95,22,0,0.0,22,0.2998521386183809,,0.2998521386183809,0.0
expansion_mgmb,ExpansionRx,split2,ChemRasayan,validation_selected,full_mix,standardized_exact,22,0,0.0,22,0.2508898080294587,,0.2508898080294587,0.0
expansion_mgmb,ExpansionRx,split2,ChemRasayan,validation_selected,full_mix,connectivity_inchikey,22,0,0.0,22,0.2508898080294587,,0.2508898080294587,0.0
expansion_mgmb,ExpansionRx,split2,ChemRasayan,validation_selected,full_mix,tanimoto_ge_0_70,22,0,0.0,22,0.2508898080294587,,0.2508898080294587,0.0
expansion_mgmb,ExpansionRx,split2,ChemRasayan,validation_selected,full_mix,tanimoto_ge_0_80,22,0,0.0,22,0.2508898080294587,,0.2508898080294587,0.0
expansion_mgmb,ExpansionRx,split2,ChemRasayan,validation_selected,full_mix,tanimoto_ge_0_90,22,0,0.0,22,0.2508898080294587,,0.2508898080294587,0.0
expansion_mgmb,ExpansionRx,split2,ChemRasayan,validation_selected,full_mix,tanimoto_ge_0_95,22,0,0.0,22,0.2508898080294587,,0.2508898080294587,0.0
expansion_mgmb,ExpansionRx,split3,ChemRasayan,full_mix,full_mix,standardized_exact,44,0,0.0,44,0.2739918401030312,,0.2739918401030312,0.0
expansion_mgmb,ExpansionRx,split3,ChemRasayan,full_mix,full_mix,connectivity_inchikey,44,0,0.0,44,0.2739918401030312,,0.2739918401030312,0.0
expansion_mgmb,ExpansionRx,split3,ChemRasayan,full_mix,full_mix,tanimoto_ge_0_70,44,0,0.0,44,0.2739918401030312,,0.2739918401030312,0.0
expansion_mgmb,ExpansionRx,split3,ChemRasayan,full_mix,full_mix,tanimoto_ge_0_80,44,0,0.0,44,0.2739918401030312,,0.2739918401030312,0.0
expansion_mgmb,ExpansionRx,split3,ChemRasayan,full_mix,full_mix,tanimoto_ge_0_90,44,0,0.0,44,0.2739918401030312,,0.2739918401030312,0.0
expansion_mgmb,ExpansionRx,split3,ChemRasayan,full_mix,full_mix,tanimoto_ge_0_95,44,0,0.0,44,0.2739918401030312,,0.2739918401030312,0.0
expansion_mgmb,ExpansionRx,split3,ChemRasayan,lora_mix,lora_mix,standardized_exact,44,0,0.0,44,0.3228036508426244,,0.3228036508426244,0.0
expansion_mgmb,ExpansionRx,split3,ChemRasayan,lora_mix,lora_mix,connectivity_inchikey,44,0,0.0,44,0.3228036508426244,,0.3228036508426244,0.0
expansion_mgmb,ExpansionRx,split3,ChemRasayan,lora_mix,lora_mix,tanimoto_ge_0_70,44,0,0.0,44,0.3228036508426244,,0.3228036508426244,0.0
expansion_mgmb,ExpansionRx,split3,ChemRasayan,lora_mix,lora_mix,tanimoto_ge_0_80,44,0,0.0,44,0.3228036508426244,,0.3228036508426244,0.0
expansion_mgmb,ExpansionRx,split3,ChemRasayan,lora_mix,lora_mix,tanimoto_ge_0_90,44,0,0.0,44,0.3228036508426244,,0.3228036508426244,0.0
expansion_mgmb,ExpansionRx,split3,ChemRasayan,lora_mix,lora_mix,tanimoto_ge_0_95,44,0,0.0,44,0.3228036508426244,,0.3228036508426244,0.0
expansion_mgmb,ExpansionRx,split3,ChemRasayan,frozen_mix,frozen_mix,standardized_exact,44,0,0.0,44,0.319954705824073,,0.319954705824073,0.0
expansion_mgmb,ExpansionRx,split3,ChemRasayan,frozen_mix,frozen_mix,connectivity_inchikey,44,0,0.0,44,0.319954705824073,,0.319954705824073,0.0
expansion_mgmb,ExpansionRx,split3,ChemRasayan,frozen_mix,frozen_mix,tanimoto_ge_0_70,44,0,0.0,44,0.319954705824073,,0.319954705824073,0.0
expansion_mgmb,ExpansionRx,split3,ChemRasayan,frozen_mix,frozen_mix,tanimoto_ge_0_80,44,0,0.0,44,0.319954705824073,,0.319954705824073,0.0
expansion_mgmb,ExpansionRx,split3,ChemRasayan,frozen_mix,frozen_mix,tanimoto_ge_0_90,44,0,0.0,44,0.319954705824073,,0.319954705824073,0.0
expansion_mgmb,ExpansionRx,split3,ChemRasayan,frozen_mix,frozen_mix,tanimoto_ge_0_95,44,0,0.0,44,0.319954705824073,,0.319954705824073,0.0
expansion_mgmb,ExpansionRx,split3,ChemRasayan,validation_selected,full_mix,standardized_exact,44,0,0.0,44,0.2739918401030312,,0.2739918401030312,0.0
expansion_mgmb,ExpansionRx,split3,ChemRasayan,validation_selected,full_mix,connectivity_inchikey,44,0,0.0,44,0.2739918401030312,,0.2739918401030312,0.0
expansion_mgmb,ExpansionRx,split3,ChemRasayan,validation_selected,full_mix,tanimoto_ge_0_70,44,0,0.0,44,0.2739918401030312,,0.2739918401030312,0.0
expansion_mgmb,ExpansionRx,split3,ChemRasayan,validation_selected,full_mix,tanimoto_ge_0_80,44,0,0.0,44,0.2739918401030312,,0.2739918401030312,0.0
expansion_mgmb,ExpansionRx,split3,ChemRasayan,validation_selected,full_mix,tanimoto_ge_0_90,44,0,0.0,44,0.2739918401030312,,0.2739918401030312,0.0
expansion_mgmb,ExpansionRx,split3,ChemRasayan,validation_selected,full_mix,tanimoto_ge_0_95,44,0,0.0,44,0.2739918401030312,,0.2739918401030312,0.0
expansion_mlm,ExpansionRx,split1,ChemRasayan,full_mix,full_mix,standardized_exact,617,0,0.0,617,0.3739279712005093,,0.3739279712005093,0.0
expansion_mlm,ExpansionRx,split1,ChemRasayan,full_mix,full_mix,connectivity_inchikey,617,0,0.0,617,0.3739279712005093,,0.3739279712005093,0.0
expansion_mlm,ExpansionRx,split1,ChemRasayan,full_mix,full_mix,tanimoto_ge_0_70,617,1,0.0016207455429497568,616,0.3739279712005093,0.16407563296481964,0.3742686405807621,0.00034066938025278937
expansion_mlm,ExpansionRx,split1,ChemRasayan,full_mix,full_mix,tanimoto_ge_0_80,617,0,0.0,617,0.3739279712005093,,0.3739279712005093,0.0
expansion_mlm,ExpansionRx,split1,ChemRasayan,full_mix,full_mix,tanimoto_ge_0_90,617,0,0.0,617,0.3739279712005093,,0.3739279712005093,0.0
expansion_mlm,ExpansionRx,split1,ChemRasayan,full_mix,full_mix,tanimoto_ge_0_95,617,0,0.0,617,0.3739279712005093,,0.3739279712005093,0.0
expansion_mlm,ExpansionRx,split1,ChemRasayan,lora_mix,lora_mix,standardized_exact,617,0,0.0,617,0.40106134528897963,,0.40106134528897963,0.0
expansion_mlm,ExpansionRx,split1,ChemRasayan,lora_mix,lora_mix,connectivity_inchikey,617,0,0.0,617,0.40106134528897963,,0.40106134528897963,0.0
expansion_mlm,ExpansionRx,split1,ChemRasayan,lora_mix,lora_mix,tanimoto_ge_0_70,617,1,0.0016207455429497568,616,0.40106134528897963,0.07125689593479034,0.4015967421223468,0.0005353968333671744
expansion_mlm,ExpansionRx,split1,ChemRasayan,lora_mix,lora_mix,tanimoto_ge_0_80,617,0,0.0,617,0.40106134528897963,,0.40106134528897963,0.0
expansion_mlm,ExpansionRx,split1,ChemRasayan,lora_mix,lora_mix,tanimoto_ge_0_90,617,0,0.0,617,0.40106134528897963,,0.40106134528897963,0.0
expansion_mlm,ExpansionRx,split1,ChemRasayan,lora_mix,lora_mix,tanimoto_ge_0_95,617,0,0.0,617,0.40106134528897963,,0.40106134528897963,0.0
expansion_mlm,ExpansionRx,split1,ChemRasayan,frozen_mix,frozen_mix,standardized_exact,617,0,0.0,617,0.37449968812270085,,0.37449968812270085,0.0
expansion_mlm,ExpansionRx,split1,ChemRasayan,frozen_mix,frozen_mix,connectivity_inchikey,617,0,0.0,617,0.37449968812270085,,0.37449968812270085,0.0
expansion_mlm,ExpansionRx,split1,ChemRasayan,frozen_mix,frozen_mix,tanimoto_ge_0_70,617,1,0.0016207455429497568,616,0.37449968812270085,0.030648489867895812,0.3750578881198678,0.0005581999971669416
expansion_mlm,ExpansionRx,split1,ChemRasayan,frozen_mix,frozen_mix,tanimoto_ge_0_80,617,0,0.0,617,0.37449968812270085,,0.37449968812270085,0.0
expansion_mlm,ExpansionRx,split1,ChemRasayan,frozen_mix,frozen_mix,tanimoto_ge_0_90,617,0,0.0,617,0.37449968812270085,,0.37449968812270085,0.0
expansion_mlm,ExpansionRx,split1,ChemRasayan,frozen_mix,frozen_mix,tanimoto_ge_0_95,617,0,0.0,617,0.37449968812270085,,0.37449968812270085,0.0
expansion_mlm,ExpansionRx,split1,ChemRasayan,validation_selected,full_mix,standardized_exact,617,0,0.0,617,0.3739279712005093,,0.3739279712005093,0.0
expansion_mlm,ExpansionRx,split1,ChemRasayan,validation_selected,full_mix,connectivity_inchikey,617,0,0.0,617,0.3739279712005093,,0.3739279712005093,0.0
expansion_mlm,ExpansionRx,split1,ChemRasayan,validation_selected,full_mix,tanimoto_ge_0_70,617,1,0.0016207455429497568,616,0.3739279712005093,0.16407563296481964,0.3742686405807621,0.00034066938025278937
expansion_mlm,ExpansionRx,split1,ChemRasayan,validation_selected,full_mix,tanimoto_ge_0_80,617,0,0.0,617,0.3739279712005093,,0.3739279712005093,0.0
expansion_mlm,ExpansionRx,split1,ChemRasayan,validation_selected,full_mix,tanimoto_ge_0_90,617,0,0.0,617,0.3739279712005093,,0.3739279712005093,0.0
expansion_mlm,ExpansionRx,split1,ChemRasayan,validation_selected,full_mix,tanimoto_ge_0_95,617,0,0.0,617,0.3739279712005093,,0.3739279712005093,0.0
expansion_mlm,ExpansionRx,split2,ChemRasayan,full_mix,full_mix,standardized_exact,528,0,0.0,528,0.3110102662595489,,0.3110102662595489,0.0
expansion_mlm,ExpansionRx,split2,ChemRasayan,full_mix,full_mix,connectivity_inchikey,528,0,0.0,528,0.3110102662595489,,0.3110102662595489,0.0
expansion_mlm,ExpansionRx,split2,ChemRasayan,full_mix,full_mix,tanimoto_ge_0_70,528,3,0.005681818181818182,525,0.3110102662595489,0.17221478945113308,0.3118033832698827,0.0007931170103337992
expansion_mlm,ExpansionRx,split2,ChemRasayan,full_mix,full_mix,tanimoto_ge_0_80,528,0,0.0,528,0.3110102662595489,,0.3110102662595489,0.0
expansion_mlm,ExpansionRx,split2,ChemRasayan,full_mix,full_mix,tanimoto_ge_0_90,528,0,0.0,528,0.3110102662595489,,0.3110102662595489,0.0
expansion_mlm,ExpansionRx,split2,ChemRasayan,full_mix,full_mix,tanimoto_ge_0_95,528,0,0.0,528,0.3110102662595489,,0.3110102662595489,0.0
expansion_mlm,ExpansionRx,split2,ChemRasayan,lora_mix,lora_mix,standardized_exact,528,0,0.0,528,0.3308162351622098,,0.3308162351622098,0.0
expansion_mlm,ExpansionRx,split2,ChemRasayan,lora_mix,lora_mix,connectivity_inchikey,528,0,0.0,528,0.3308162351622098,,0.3308162351622098,0.0
expansion_mlm,ExpansionRx,split2,ChemRasayan,lora_mix,lora_mix,tanimoto_ge_0_70,528,3,0.005681818181818182,525,0.3308162351622098,0.26377364323633,0.3311993356875006,0.0003831005252907804
expansion_mlm,ExpansionRx,split2,ChemRasayan,lora_mix,lora_mix,tanimoto_ge_0_80,528,0,0.0,528,0.3308162351622098,,0.3308162351622098,0.0
expansion_mlm,ExpansionRx,split2,ChemRasayan,lora_mix,lora_mix,tanimoto_ge_0_90,528,0,0.0,528,0.3308162351622098,,0.3308162351622098,0.0
expansion_mlm,ExpansionRx,split2,ChemRasayan,lora_mix,lora_mix,tanimoto_ge_0_95,528,0,0.0,528,0.3308162351622098,,0.3308162351622098,0.0
expansion_mlm,ExpansionRx,split2,ChemRasayan,frozen_mix,frozen_mix,standardized_exact,528,0,0.0,528,0.34841232868521904,,0.34841232868521904,0.0
expansion_mlm,ExpansionRx,split2,ChemRasayan,frozen_mix,frozen_mix,connectivity_inchikey,528,0,0.0,528,0.34841232868521904,,0.34841232868521904,0.0
expansion_mlm,ExpansionRx,split2,ChemRasayan,frozen_mix,frozen_mix,tanimoto_ge_0_70,528,3,0.005681818181818182,525,0.34841232868521904,0.26423609580692736,0.34889333573023784,0.00048100704501879976
expansion_mlm,ExpansionRx,split2,ChemRasayan,frozen_mix,frozen_mix,tanimoto_ge_0_80,528,0,0.0,528,0.34841232868521904,,0.34841232868521904,0.0
expansion_mlm,ExpansionRx,split2,ChemRasayan,frozen_mix,frozen_mix,tanimoto_ge_0_90,528,0,0.0,528,0.34841232868521904,,0.34841232868521904,0.0
expansion_mlm,ExpansionRx,split2,ChemRasayan,frozen_mix,frozen_mix,tanimoto_ge_0_95,528,0,0.0,528,0.34841232868521904,,0.34841232868521904,0.0
expansion_mlm,ExpansionRx,split2,ChemRasayan,validation_selected,full_mix,standardized_exact,528,0,0.0,528,0.3110102662595489,,0.3110102662595489,0.0
expansion_mlm,ExpansionRx,split2,ChemRasayan,validation_selected,full_mix,connectivity_inchikey,528,0,0.0,528,0.3110102662595489,,0.3110102662595489,0.0
expansion_mlm,ExpansionRx,split2,ChemRasayan,validation_selected,full_mix,tanimoto_ge_0_70,528,3,0.005681818181818182,525,0.3110102662595489,0.17221478945113308,0.3118033832698827,0.0007931170103337992
expansion_mlm,ExpansionRx,split2,ChemRasayan,validation_selected,full_mix,tanimoto_ge_0_80,528,0,0.0,528,0.3110102662595489,,0.3110102662595489,0.0
expansion_mlm,ExpansionRx,split2,ChemRasayan,validation_selected,full_mix,tanimoto_ge_0_90,528,0,0.0,528,0.3110102662595489,,0.3110102662595489,0.0
expansion_mlm,ExpansionRx,split2,ChemRasayan,validation_selected,full_mix,tanimoto_ge_0_95,528,0,0.0,528,0.3110102662595489,,0.3110102662595489,0.0
expansion_mlm,ExpansionRx,split3,ChemRasayan,full_mix,full_mix,standardized_exact,655,0,0.0,655,0.3345059876014022,,0.3345059876014022,0.0
expansion_mlm,ExpansionRx,split3,ChemRasayan,full_mix,full_mix,connectivity_inchikey,655,0,0.0,655,0.3345059876014022,,0.3345059876014022,0.0
expansion_mlm,ExpansionRx,split3,ChemRasayan,full_mix,full_mix,tanimoto_ge_0_70,655,12,0.0183206106870229,643,0.3345059876014022,0.6170818555516718,0.3292324099724703,-0.005273577628931936
expansion_mlm,ExpansionRx,split3,ChemRasayan,full_mix,full_mix,tanimoto_ge_0_80,655,1,0.0015267175572519084,654,0.3345059876014022,0.5575366612220125,0.33416496210656943,-0.00034102549483278066
expansion_mlm,ExpansionRx,split3,ChemRasayan,full_mix,full_mix,tanimoto_ge_0_90,655,0,0.0,655,0.3345059876014022,,0.3345059876014022,0.0
expansion_mlm,ExpansionRx,split3,ChemRasayan,full_mix,full_mix,tanimoto_ge_0_95,655,0,0.0,655,0.3345059876014022,,0.3345059876014022,0.0
expansion_mlm,ExpansionRx,split3,ChemRasayan,lora_mix,lora_mix,standardized_exact,655,0,0.0,655,0.35875272725487867,,0.35875272725487867,0.0
expansion_mlm,ExpansionRx,split3,ChemRasayan,lora_mix,lora_mix,connectivity_inchikey,655,0,0.0,655,0.35875272725487867,,0.35875272725487867,0.0
expansion_mlm,ExpansionRx,split3,ChemRasayan,lora_mix,lora_mix,tanimoto_ge_0_70,655,12,0.0183206106870229,643,0.35875272725487867,0.48086449982352236,0.3564738139254483,-0.0022789133294303654
expansion_mlm,ExpansionRx,split3,ChemRasayan,lora_mix,lora_mix,tanimoto_ge_0_80,655,1,0.0015267175572519084,654,0.35875272725487867,0.17805796821358966,0.35902901893536987,0.000276291680491203
expansion_mlm,ExpansionRx,split3,ChemRasayan,lora_mix,lora_mix,tanimoto_ge_0_90,655,0,0.0,655,0.35875272725487867,,0.35875272725487867,0.0
expansion_mlm,ExpansionRx,split3,ChemRasayan,lora_mix,lora_mix,tanimoto_ge_0_95,655,0,0.0,655,0.35875272725487867,,0.35875272725487867,0.0
expansion_mlm,ExpansionRx,split3,ChemRasayan,frozen_mix,frozen_mix,standardized_exact,655,0,0.0,655,0.33916575757264744,,0.33916575757264744,0.0
expansion_mlm,ExpansionRx,split3,ChemRasayan,frozen_mix,frozen_mix,connectivity_inchikey,655,0,0.0,655,0.33916575757264744,,0.33916575757264744,0.0
expansion_mlm,ExpansionRx,split3,ChemRasayan,frozen_mix,frozen_mix,tanimoto_ge_0_70,655,12,0.0183206106870229,643,0.33916575757264744,0.6522901106042384,0.333322068247019,-0.005843689325628454
expansion_mlm,ExpansionRx,split3,ChemRasayan,frozen_mix,frozen_mix,tanimoto_ge_0_80,655,1,0.0015267175572519084,654,0.33916575757264744,0.9337887163901644,0.3382565481554952,-0.0009092094171522236
expansion_mlm,ExpansionRx,split3,ChemRasayan,frozen_mix,frozen_mix,tanimoto_ge_0_90,655,0,0.0,655,0.33916575757264744,,0.33916575757264744,0.0
expansion_mlm,ExpansionRx,split3,ChemRasayan,frozen_mix,frozen_mix,tanimoto_ge_0_95,655,0,0.0,655,0.33916575757264744,,0.33916575757264744,0.0
expansion_mlm,ExpansionRx,split3,ChemRasayan,validation_selected,full_mix,standardized_exact,655,0,0.0,655,0.3345059876014022,,0.3345059876014022,0.0
expansion_mlm,ExpansionRx,split3,ChemRasayan,validation_selected,full_mix,connectivity_inchikey,655,0,0.0,655,0.3345059876014022,,0.3345059876014022,0.0
expansion_mlm,ExpansionRx,split3,ChemRasayan,validation_selected,full_mix,tanimoto_ge_0_70,655,12,0.0183206106870229,643,0.3345059876014022,0.6170818555516718,0.3292324099724703,-0.005273577628931936
expansion_mlm,ExpansionRx,split3,ChemRasayan,validation_selected,full_mix,tanimoto_ge_0_80,655,1,0.0015267175572519084,654,0.3345059876014022,0.5575366612220125,0.33416496210656943,-0.00034102549483278066
expansion_mlm,ExpansionRx,split3,ChemRasayan,validation_selected,full_mix,tanimoto_ge_0_90,655,0,0.0,655,0.3345059876014022,,0.3345059876014022,0.0
expansion_mlm,ExpansionRx,split3,ChemRasayan,validation_selected,full_mix,tanimoto_ge_0_95,655,0,0.0,655,0.3345059876014022,,0.3345059876014022,0.0
expansion_mppb,ExpansionRx,split1,ChemRasayan,full_mix,full_mix,standardized_exact,133,0,0.0,133,0.2775911205420906,,0.2775911205420906,0.0
expansion_mppb,ExpansionRx,split1,ChemRasayan,full_mix,full_mix,connectivity_inchikey,133,0,0.0,133,0.2775911205420906,,0.2775911205420906,0.0
expansion_mppb,ExpansionRx,split1,ChemRasayan,full_mix,full_mix,tanimoto_ge_0_70,133,5,0.03759398496240601,128,0.2775911205420906,0.47217618789418586,0.2699901413486494,-0.007600979193441215
expansion_mppb,ExpansionRx,split1,ChemRasayan,full_mix,full_mix,tanimoto_ge_0_80,133,1,0.007518796992481203,132,0.2775911205420906,0.4989320495850574,0.2759142953220682,-0.0016768252200224376
expansion_mppb,ExpansionRx,split1,ChemRasayan,full_mix,full_mix,tanimoto_ge_0_90,133,0,0.0,133,0.2775911205420906,,0.2775911205420906,0.0
expansion_mppb,ExpansionRx,split1,ChemRasayan,full_mix,full_mix,tanimoto_ge_0_95,133,0,0.0,133,0.2775911205420906,,0.2775911205420906,0.0
expansion_mppb,ExpansionRx,split1,ChemRasayan,lora_mix,lora_mix,standardized_exact,133,0,0.0,133,0.2740825781829364,,0.2740825781829364,0.0
expansion_mppb,ExpansionRx,split1,ChemRasayan,lora_mix,lora_mix,connectivity_inchikey,133,0,0.0,133,0.2740825781829364,,0.2740825781829364,0.0
expansion_mppb,ExpansionRx,split1,ChemRasayan,lora_mix,lora_mix,tanimoto_ge_0_70,133,5,0.03759398496240601,128,0.2740825781829364,0.4187489208196009,0.2684315491736917,-0.00565102900924469
expansion_mppb,ExpansionRx,split1,ChemRasayan,lora_mix,lora_mix,tanimoto_ge_0_80,133,1,0.007518796992481203,132,0.2740825781829364,0.3718862989670764,0.27334164090426866,-0.0007409372786677526
expansion_mppb,ExpansionRx,split1,ChemRasayan,lora_mix,lora_mix,tanimoto_ge_0_90,133,0,0.0,133,0.2740825781829364,,0.2740825781829364,0.0
expansion_mppb,ExpansionRx,split1,ChemRasayan,lora_mix,lora_mix,tanimoto_ge_0_95,133,0,0.0,133,0.2740825781829364,,0.2740825781829364,0.0
expansion_mppb,ExpansionRx,split1,ChemRasayan,frozen_mix,frozen_mix,standardized_exact,133,0,0.0,133,0.29583901352020076,,0.29583901352020076,0.0
expansion_mppb,ExpansionRx,split1,ChemRasayan,frozen_mix,frozen_mix,connectivity_inchikey,133,0,0.0,133,0.29583901352020076,,0.29583901352020076,0.0
expansion_mppb,ExpansionRx,split1,ChemRasayan,frozen_mix,frozen_mix,tanimoto_ge_0_70,133,5,0.03759398496240601,128,0.29583901352020076,0.37303512658818616,0.29282354035348257,-0.0030154731667181855
expansion_mppb,ExpansionRx,split1,ChemRasayan,frozen_mix,frozen_mix,tanimoto_ge_0_80,133,1,0.007518796992481203,132,0.29583901352020076,0.4841856816536914,0.29441214482221983,-0.0014268686979809209
expansion_mppb,ExpansionRx,split1,ChemRasayan,frozen_mix,frozen_mix,tanimoto_ge_0_90,133,0,0.0,133,0.29583901352020076,,0.29583901352020076,0.0
expansion_mppb,ExpansionRx,split1,ChemRasayan,frozen_mix,frozen_mix,tanimoto_ge_0_95,133,0,0.0,133,0.29583901352020076,,0.29583901352020076,0.0
expansion_mppb,ExpansionRx,split1,ChemRasayan,validation_selected,lora_mix,standardized_exact,133,0,0.0,133,0.2740825781829364,,0.2740825781829364,0.0
expansion_mppb,ExpansionRx,split1,ChemRasayan,validation_selected,lora_mix,connectivity_inchikey,133,0,0.0,133,0.2740825781829364,,0.2740825781829364,0.0
expansion_mppb,ExpansionRx,split1,ChemRasayan,validation_selected,lora_mix,tanimoto_ge_0_70,133,5,0.03759398496240601,128,0.2740825781829364,0.4187489208196009,0.2684315491736917,-0.00565102900924469
expansion_mppb,ExpansionRx,split1,ChemRasayan,validation_selected,lora_mix,tanimoto_ge_0_80,133,1,0.007518796992481203,132,0.2740825781829364,0.3718862989670764,0.27334164090426866,-0.0007409372786677526
expansion_mppb,ExpansionRx,split1,ChemRasayan,validation_selected,lora_mix,tanimoto_ge_0_90,133,0,0.0,133,0.2740825781829364,,0.2740825781829364,0.0
expansion_mppb,ExpansionRx,split1,ChemRasayan,validation_selected,lora_mix,tanimoto_ge_0_95,133,0,0.0,133,0.2740825781829364,,0.2740825781829364,0.0
expansion_mppb,ExpansionRx,split2,ChemRasayan,full_mix,full_mix,standardized_exact,147,0,0.0,147,0.2082704212121611,,0.2082704212121611,0.0
expansion_mppb,ExpansionRx,split2,ChemRasayan,full_mix,full_mix,connectivity_inchikey,147,0,0.0,147,0.2082704212121611,,0.2082704212121611,0.0
expansion_mppb,ExpansionRx,split2,ChemRasayan,full_mix,full_mix,tanimoto_ge_0_70,147,2,0.013605442176870748,145,0.2082704212121611,0.4599457682741682,0.2047990371147541,-0.003471384097406993
expansion_mppb,ExpansionRx,split2,ChemRasayan,full_mix,full_mix,tanimoto_ge_0_80,147,2,0.013605442176870748,145,0.2082704212121611,0.4599457682741682,0.2047990371147541,-0.003471384097406993
expansion_mppb,ExpansionRx,split2,ChemRasayan,full_mix,full_mix,tanimoto_ge_0_90,147,1,0.006802721088435374,146,0.2082704212121611,0.34370642906041615,0.20734277732278952,-0.0009276438893715822
expansion_mppb,ExpansionRx,split2,ChemRasayan,full_mix,full_mix,tanimoto_ge_0_95,147,0,0.0,147,0.2082704212121611,,0.2082704212121611,0.0
expansion_mppb,ExpansionRx,split2,ChemRasayan,lora_mix,lora_mix,standardized_exact,147,0,0.0,147,0.24437165438731895,,0.24437165438731895,0.0
expansion_mppb,ExpansionRx,split2,ChemRasayan,lora_mix,lora_mix,connectivity_inchikey,147,0,0.0,147,0.24437165438731895,,0.24437165438731895,0.0
expansion_mppb,ExpansionRx,split2,ChemRasayan,lora_mix,lora_mix,tanimoto_ge_0_70,147,2,0.013605442176870748,145,0.24437165438731895,0.5850180109662811,0.23967308395174705,-0.004698570435571897
expansion_mppb,ExpansionRx,split2,ChemRasayan,lora_mix,lora_mix,tanimoto_ge_0_80,147,2,0.013605442176870748,145,0.24437165438731895,0.5850180109662811,0.23967308395174705,-0.004698570435571897
expansion_mppb,ExpansionRx,split2,ChemRasayan,lora_mix,lora_mix,tanimoto_ge_0_90,147,1,0.006802721088435374,146,0.24437165438731895,0.44098484521718495,0.2430249886967035,-0.0013466656906154506
expansion_mppb,ExpansionRx,split2,ChemRasayan,lora_mix,lora_mix,tanimoto_ge_0_95,147,0,0.0,147,0.24437165438731895,,0.24437165438731895,0.0
expansion_mppb,ExpansionRx,split2,ChemRasayan,frozen_mix,frozen_mix,standardized_exact,147,0,0.0,147,0.22699685583612342,,0.22699685583612342,0.0
expansion_mppb,ExpansionRx,split2,ChemRasayan,frozen_mix,frozen_mix,connectivity_inchikey,147,0,0.0,147,0.22699685583612342,,0.22699685583612342,0.0
expansion_mppb,ExpansionRx,split2,ChemRasayan,frozen_mix,frozen_mix,tanimoto_ge_0_70,147,2,0.013605442176870748,145,0.22699685583612342,0.6556606797201435,0.22108425136875764,-0.005912604467365773
expansion_mppb,ExpansionRx,split2,ChemRasayan,frozen_mix,frozen_mix,tanimoto_ge_0_80,147,2,0.013605442176870748,145,0.22699685583612342,0.6556606797201435,0.22108425136875764,-0.005912604467365773
expansion_mppb,ExpansionRx,split2,ChemRasayan,frozen_mix,frozen_mix,tanimoto_ge_0_90,147,1,0.006802721088435374,146,0.22699685583612342,0.21863418450565808,0.22705413440688008,5.72785707566581e-05
expansion_mppb,ExpansionRx,split2,ChemRasayan,frozen_mix,frozen_mix,tanimoto_ge_0_95,147,0,0.0,147,0.22699685583612342,,0.22699685583612342,0.0
expansion_mppb,ExpansionRx,split2,ChemRasayan,validation_selected,full_mix,standardized_exact,147,0,0.0,147,0.2082704212121611,,0.2082704212121611,0.0
expansion_mppb,ExpansionRx,split2,ChemRasayan,validation_selected,full_mix,connectivity_inchikey,147,0,0.0,147,0.2082704212121611,,0.2082704212121611,0.0
expansion_mppb,ExpansionRx,split2,ChemRasayan,validation_selected,full_mix,tanimoto_ge_0_70,147,2,0.013605442176870748,145,0.2082704212121611,0.4599457682741682,0.2047990371147541,-0.003471384097406993
expansion_mppb,ExpansionRx,split2,ChemRasayan,validation_selected,full_mix,tanimoto_ge_0_80,147,2,0.013605442176870748,145,0.2082704212121611,0.4599457682741682,0.2047990371147541,-0.003471384097406993
expansion_mppb,ExpansionRx,split2,ChemRasayan,validation_selected,full_mix,tanimoto_ge_0_90,147,1,0.006802721088435374,146,0.2082704212121611,0.34370642906041615,0.20734277732278952,-0.0009276438893715822
expansion_mppb,ExpansionRx,split2,ChemRasayan,validation_selected,full_mix,tanimoto_ge_0_95,147,0,0.0,147,0.2082704212121611,,0.2082704212121611,0.0
expansion_mppb,ExpansionRx,split3,ChemRasayan,full_mix,full_mix,standardized_exact,146,0,0.0,146,0.24703034194768964,,0.24703034194768964,0.0
expansion_mppb,ExpansionRx,split3,ChemRasayan,full_mix,full_mix,connectivity_inchikey,146,0,0.0,146,0.24703034194768964,,0.24703034194768964,0.0
expansion_mppb,ExpansionRx,split3,ChemRasayan,full_mix,full_mix,tanimoto_ge_0_70,146,1,0.00684931506849315,145,0.24703034194768964,0.5683357941288869,0.24481444227747445,-0.0022158996702151823
expansion_mppb,ExpansionRx,split3,ChemRasayan,full_mix,full_mix,tanimoto_ge_0_80,146,0,0.0,146,0.24703034194768964,,0.24703034194768964,0.0
expansion_mppb,ExpansionRx,split3,ChemRasayan,full_mix,full_mix,tanimoto_ge_0_90,146,0,0.0,146,0.24703034194768964,,0.24703034194768964,0.0
expansion_mppb,ExpansionRx,split3,ChemRasayan,full_mix,full_mix,tanimoto_ge_0_95,146,0,0.0,146,0.24703034194768964,,0.24703034194768964,0.0
expansion_mppb,ExpansionRx,split3,ChemRasayan,lora_mix,lora_mix,standardized_exact,146,0,0.0,146,0.24943654030355414,,0.24943654030355414,0.0
expansion_mppb,ExpansionRx,split3,ChemRasayan,lora_mix,lora_mix,connectivity_inchikey,146,0,0.0,146,0.24943654030355414,,0.24943654030355414,0.0
expansion_mppb,ExpansionRx,split3,ChemRasayan,lora_mix,lora_mix,tanimoto_ge_0_70,146,1,0.00684931506849315,145,0.24943654030355414,0.7666762100834768,0.2458693701671409,-0.00356717013641325
expansion_mppb,ExpansionRx,split3,ChemRasayan,lora_mix,lora_mix,tanimoto_ge_0_80,146,0,0.0,146,0.24943654030355414,,0.24943654030355414,0.0
expansion_mppb,ExpansionRx,split3,ChemRasayan,lora_mix,lora_mix,tanimoto_ge_0_90,146,0,0.0,146,0.24943654030355414,,0.24943654030355414,0.0
expansion_mppb,ExpansionRx,split3,ChemRasayan,lora_mix,lora_mix,tanimoto_ge_0_95,146,0,0.0,146,0.24943654030355414,,0.24943654030355414,0.0
expansion_mppb,ExpansionRx,split3,ChemRasayan,frozen_mix,frozen_mix,standardized_exact,146,0,0.0,146,0.27361480505282487,,0.27361480505282487,0.0
expansion_mppb,ExpansionRx,split3,ChemRasayan,frozen_mix,frozen_mix,connectivity_inchikey,146,0,0.0,146,0.27361480505282487,,0.27361480505282487,0.0
expansion_mppb,ExpansionRx,split3,ChemRasayan,frozen_mix,frozen_mix,tanimoto_ge_0_70,146,1,0.00684931506849315,145,0.27361480505282487,0.649475120224468,0.2710226649481928,-0.002592140104632046
expansion_mppb,ExpansionRx,split3,ChemRasayan,frozen_mix,frozen_mix,tanimoto_ge_0_80,146,0,0.0,146,0.27361480505282487,,0.27361480505282487,0.0
expansion_mppb,ExpansionRx,split3,ChemRasayan,frozen_mix,frozen_mix,tanimoto_ge_0_90,146,0,0.0,146,0.27361480505282487,,0.27361480505282487,0.0
expansion_mppb,ExpansionRx,split3,ChemRasayan,frozen_mix,frozen_mix,tanimoto_ge_0_95,146,0,0.0,146,0.27361480505282487,,0.27361480505282487,0.0
expansion_mppb,ExpansionRx,split3,ChemRasayan,validation_selected,lora_mix,standardized_exact,146,0,0.0,146,0.24943654030355414,,0.24943654030355414,0.0
expansion_mppb,ExpansionRx,split3,ChemRasayan,validation_selected,lora_mix,connectivity_inchikey,146,0,0.0,146,0.24943654030355414,,0.24943654030355414,0.0
expansion_mppb,ExpansionRx,split3,ChemRasayan,validation_selected,lora_mix,tanimoto_ge_0_70,146,1,0.00684931506849315,145,0.24943654030355414,0.7666762100834768,0.2458693701671409,-0.00356717013641325
expansion_mppb,ExpansionRx,split3,ChemRasayan,validation_selected,lora_mix,tanimoto_ge_0_80,146,0,0.0,146,0.24943654030355414,,0.24943654030355414,0.0
expansion_mppb,ExpansionRx,split3,ChemRasayan,validation_selected,lora_mix,tanimoto_ge_0_90,146,0,0.0,146,0.24943654030355414,,0.24943654030355414,0.0
expansion_mppb,ExpansionRx,split3,ChemRasayan,validation_selected,lora_mix,tanimoto_ge_0_95,146,0,0.0,146,0.24943654030355414,,0.24943654030355414,0.0
pxr,PXR,split1,ChemRasayan,full_mix,full_mix,standardized_exact,237,25,0.10548523206751055,212,0.5363838765188611,0.6671678180694579,0.5209612419020454,-0.0154226346168157
pxr,PXR,split1,ChemRasayan,full_mix,full_mix,connectivity_inchikey,237,26,0.10970464135021098,211,0.5363838765188611,0.6739580389169545,0.5194316100622239,-0.016952266456637166
pxr,PXR,split1,ChemRasayan,full_mix,full_mix,tanimoto_ge_0_70,237,34,0.14345991561181434,203,0.5363838765188611,0.6794552957310396,0.5124211757641121,-0.023962700754749044
pxr,PXR,split1,ChemRasayan,full_mix,full_mix,tanimoto_ge_0_80,237,29,0.12236286919831224,208,0.5363838765188611,0.6736255290590484,0.5172492230397004,-0.019134653479160657
pxr,PXR,split1,ChemRasayan,full_mix,full_mix,tanimoto_ge_0_90,237,28,0.11814345991561181,209,0.5363838765188611,0.6407320543697901,0.522404216328306,-0.013979660190555077
pxr,PXR,split1,ChemRasayan,full_mix,full_mix,tanimoto_ge_0_95,237,27,0.11392405063291139,210,0.5363838765188611,0.651421310989945,0.5215933492297218,-0.014790527289139321
pxr,PXR,split1,ChemRasayan,lora_mix,lora_mix,standardized_exact,237,25,0.10548523206751055,212,0.5157414151847615,0.6601211177825929,0.49871550685954547,-0.017025908325216
pxr,PXR,split1,ChemRasayan,lora_mix,lora_mix,connectivity_inchikey,237,26,0.10970464135021098,211,0.5157414151847615,0.6691929035920363,0.4968327009734385,-0.018908714211322952
pxr,PXR,split1,ChemRasayan,lora_mix,lora_mix,tanimoto_ge_0_70,237,34,0.14345991561181434,203,0.5157414151847615,0.6750473880767823,0.48905962662156593,-0.02668178856319553
pxr,PXR,split1,ChemRasayan,lora_mix,lora_mix,tanimoto_ge_0_80,237,29,0.12236286919831224,208,0.5157414151847615,0.658888617219596,0.49578339182413544,-0.01995802336062602
pxr,PXR,split1,ChemRasayan,lora_mix,lora_mix,tanimoto_ge_0_90,237,28,0.11814345991561181,209,0.5157414151847615,0.623757472719465,0.501270364414562,-0.0144710507701995
pxr,PXR,split1,ChemRasayan,lora_mix,lora_mix,tanimoto_ge_0_95,237,27,0.11392405063291139,210,0.5157414151847615,0.6444125722955776,0.4991979806990851,-0.016543434485676356
pxr,PXR,split1,ChemRasayan,frozen_mix,frozen_mix,standardized_exact,237,25,0.10548523206751055,212,0.5336369509636602,0.6933878620147703,0.5147984001321613,-0.01883855083149888
pxr,PXR,split1,ChemRasayan,frozen_mix,frozen_mix,connectivity_inchikey,237,26,0.10970464135021098,211,0.5336369509636602,0.6911274675222542,0.5142305366009898,-0.01940641436267032
pxr,PXR,split1,ChemRasayan,frozen_mix,frozen_mix,tanimoto_ge_0_70,237,34,0.14345991561181434,203,0.5336369509636602,0.6677218061334945,0.5111793890140326,-0.022457561949627558
pxr,PXR,split1,ChemRasayan,frozen_mix,frozen_mix,tanimoto_ge_0_80,237,29,0.12236286919831224,208,0.5336369509636602,0.6855553702650399,0.5124560175033716,-0.021180933460288598
pxr,PXR,split1,ChemRasayan,frozen_mix,frozen_mix,tanimoto_ge_0_90,237,28,0.11814345991561181,209,0.5336369509636602,0.6467092936379569,0.5184885031412664,-0.015148447822393774
pxr,PXR,split1,ChemRasayan,frozen_mix,frozen_mix,tanimoto_ge_0_95,237,27,0.11392405063291139,210,0.5336369509636602,0.6666549428304036,0.5165346377236503,-0.01710231324000988
pxr,PXR,split1,ChemRasayan,validation_selected,lora_mix,standardized_exact,237,25,0.10548523206751055,212,0.5157414151847615,0.6601211177825929,0.49871550685954547,-0.017025908325216
pxr,PXR,split1,ChemRasayan,validation_selected,lora_mix,connectivity_inchikey,237,26,0.10970464135021098,211,0.5157414151847615,0.6691929035920363,0.4968327009734385,-0.018908714211322952
pxr,PXR,split1,ChemRasayan,validation_selected,lora_mix,tanimoto_ge_0_70,237,34,0.14345991561181434,203,0.5157414151847615,0.6750473880767823,0.48905962662156593,-0.02668178856319553
pxr,PXR,split1,ChemRasayan,validation_selected,lora_mix,tanimoto_ge_0_80,237,29,0.12236286919831224,208,0.5157414151847615,0.658888617219596,0.49578339182413544,-0.01995802336062602
pxr,PXR,split1,ChemRasayan,validation_selected,lora_mix,tanimoto_ge_0_90,237,28,0.11814345991561181,209,0.5157414151847615,0.623757472719465,0.501270364414562,-0.0144710507701995
pxr,PXR,split1,ChemRasayan,validation_selected,lora_mix,tanimoto_ge_0_95,237,27,0.11392405063291139,210,0.5157414151847615,0.6444125722955776,0.4991979806990851,-0.016543434485676356
pxr,PXR,split2,ChemRasayan,full_mix,full_mix,standardized_exact,225,17,0.07555555555555556,208,0.4843791253407796,0.5652596647599165,0.477768696638254,-0.006610428702525595
pxr,PXR,split2,ChemRasayan,full_mix,full_mix,connectivity_inchikey,225,17,0.07555555555555556,208,0.4843791253407796,0.5652596647599165,0.477768696638254,-0.006610428702525595
pxr,PXR,split2,ChemRasayan,full_mix,full_mix,tanimoto_ge_0_70,225,23,0.10222222222222223,202,0.4843791253407796,0.5250811431718909,0.4797447371718907,-0.004634388168888892
pxr,PXR,split2,ChemRasayan,full_mix,full_mix,tanimoto_ge_0_80,225,17,0.07555555555555556,208,0.4843791253407796,0.5652596647599165,0.477768696638254,-0.006610428702525595
pxr,PXR,split2,ChemRasayan,full_mix,full_mix,tanimoto_ge_0_90,225,17,0.07555555555555556,208,0.4843791253407796,0.5652596647599165,0.477768696638254,-0.006610428702525595
pxr,PXR,split2,ChemRasayan,full_mix,full_mix,tanimoto_ge_0_95,225,17,0.07555555555555556,208,0.4843791253407796,0.5652596647599165,0.477768696638254,-0.006610428702525595
pxr,PXR,split2,ChemRasayan,lora_mix,lora_mix,standardized_exact,225,17,0.07555555555555556,208,0.4823105095757379,0.6098022281422334,0.4718905133467455,-0.010419996228992423
pxr,PXR,split2,ChemRasayan,lora_mix,lora_mix,connectivity_inchikey,225,17,0.07555555555555556,208,0.4823105095757379,0.6098022281422334,0.4718905133467455,-0.010419996228992423
pxr,PXR,split2,ChemRasayan,lora_mix,lora_mix,tanimoto_ge_0_70,225,23,0.10222222222222223,202,0.4823105095757379,0.567339684444925,0.47262896986290964,-0.009681539712828258
pxr,PXR,split2,ChemRasayan,lora_mix,lora_mix,tanimoto_ge_0_80,225,17,0.07555555555555556,208,0.4823105095757379,0.6098022281422334,0.4718905133467455,-0.010419996228992423
pxr,PXR,split2,ChemRasayan,lora_mix,lora_mix,tanimoto_ge_0_90,225,17,0.07555555555555556,208,0.4823105095757379,0.6098022281422334,0.4718905133467455,-0.010419996228992423
pxr,PXR,split2,ChemRasayan,lora_mix,lora_mix,tanimoto_ge_0_95,225,17,0.07555555555555556,208,0.4823105095757379,0.6098022281422334,0.4718905133467455,-0.010419996228992423
pxr,PXR,split2,ChemRasayan,frozen_mix,frozen_mix,standardized_exact,225,17,0.07555555555555556,208,0.5026403775109185,0.6963676407757928,0.48680689926330867,-0.015833478247609833
pxr,PXR,split2,ChemRasayan,frozen_mix,frozen_mix,connectivity_inchikey,225,17,0.07555555555555556,208,0.5026403775109185,0.6963676407757928,0.48680689926330867,-0.015833478247609833
pxr,PXR,split2,ChemRasayan,frozen_mix,frozen_mix,tanimoto_ge_0_70,225,23,0.10222222222222223,202,0.5026403775109185,0.6278691047170889,0.4883816610468496,-0.014258716464068899
pxr,PXR,split2,ChemRasayan,frozen_mix,frozen_mix,tanimoto_ge_0_80,225,17,0.07555555555555556,208,0.5026403775109185,0.6963676407757928,0.48680689926330867,-0.015833478247609833
pxr,PXR,split2,ChemRasayan,frozen_mix,frozen_mix,tanimoto_ge_0_90,225,17,0.07555555555555556,208,0.5026403775109185,0.6963676407757928,0.48680689926330867,-0.015833478247609833
pxr,PXR,split2,ChemRasayan,frozen_mix,frozen_mix,tanimoto_ge_0_95,225,17,0.07555555555555556,208,0.5026403775109185,0.6963676407757928,0.48680689926330867,-0.015833478247609833
pxr,PXR,split2,ChemRasayan,validation_selected,lora_mix,standardized_exact,225,17,0.07555555555555556,208,0.4823105095757379,0.6098022281422334,0.4718905133467455,-0.010419996228992423
pxr,PXR,split2,ChemRasayan,validation_selected,lora_mix,connectivity_inchikey,225,17,0.07555555555555556,208,0.4823105095757379,0.6098022281422334,0.4718905133467455,-0.010419996228992423
pxr,PXR,split2,ChemRasayan,validation_selected,lora_mix,tanimoto_ge_0_70,225,23,0.10222222222222223,202,0.4823105095757379,0.567339684444925,0.47262896986290964,-0.009681539712828258
pxr,PXR,split2,ChemRasayan,validation_selected,lora_mix,tanimoto_ge_0_80,225,17,0.07555555555555556,208,0.4823105095757379,0.6098022281422334,0.4718905133467455,-0.010419996228992423
pxr,PXR,split2,ChemRasayan,validation_selected,lora_mix,tanimoto_ge_0_90,225,17,0.07555555555555556,208,0.4823105095757379,0.6098022281422334,0.4718905133467455,-0.010419996228992423
pxr,PXR,split2,ChemRasayan,validation_selected,lora_mix,tanimoto_ge_0_95,225,17,0.07555555555555556,208,0.4823105095757379,0.6098022281422334,0.4718905133467455,-0.010419996228992423
pxr,PXR,split3,ChemRasayan,full_mix,full_mix,standardized_exact,228,23,0.10087719298245613,205,0.4593073517816108,0.5397050550709599,0.4502871216564644,-0.009020230125146411
pxr,PXR,split3,ChemRasayan,full_mix,full_mix,connectivity_inchikey,228,27,0.11842105263157894,201,0.4593073517816108,0.5451819154951307,0.4477719626260634,-0.011535389155547415
pxr,PXR,split3,ChemRasayan,full_mix,full_mix,tanimoto_ge_0_70,228,37,0.16228070175438597,191,0.4593073517816108,0.5400058973157729,0.44367464924357947,-0.01563270253803134
pxr,PXR,split3,ChemRasayan,full_mix,full_mix,tanimoto_ge_0_80,228,28,0.12280701754385964,200,0.4593073517816108,0.5886414762905667,0.44120057435035703,-0.018106777431253773
pxr,PXR,split3,ChemRasayan,full_mix,full_mix,tanimoto_ge_0_90,228,27,0.11842105263157894,201,0.4593073517816108,0.5629571268293593,0.44538424767071927,-0.013923104110891538
pxr,PXR,split3,ChemRasayan,full_mix,full_mix,tanimoto_ge_0_95,228,26,0.11403508771929824,202,0.4593073517816108,0.5697135246717013,0.4450966562611042,-0.014210695520506633
pxr,PXR,split3,ChemRasayan,lora_mix,lora_mix,standardized_exact,228,23,0.10087719298245613,205,0.4495543197581642,0.5096724120430324,0.44280936306278884,-0.006744956695375337
pxr,PXR,split3,ChemRasayan,lora_mix,lora_mix,connectivity_inchikey,228,27,0.11842105263157894,201,0.4495543197581642,0.5088426519323279,0.4415902154362617,-0.007964104321902477
pxr,PXR,split3,ChemRasayan,lora_mix,lora_mix,tanimoto_ge_0_70,228,37,0.16228070175438597,191,0.4495543197581642,0.5168327597025278,0.43652132353857553,-0.013032996219588644
pxr,PXR,split3,ChemRasayan,lora_mix,lora_mix,tanimoto_ge_0_80,228,28,0.12280701754385964,200,0.4495543197581642,0.562243185383933,0.43377787857055666,-0.015776441187607515
pxr,PXR,split3,ChemRasayan,lora_mix,lora_mix,tanimoto_ge_0_90,228,27,0.11842105263157894,201,0.4495543197581642,0.5398182964324951,0.4374293079660899,-0.012125011792074258
pxr,PXR,split3,ChemRasayan,lora_mix,lora_mix,tanimoto_ge_0_95,228,26,0.11403508771929824,202,0.4495543197581642,0.5399306994218093,0.43792171643512084,-0.011632603323043333
pxr,PXR,split3,ChemRasayan,frozen_mix,frozen_mix,standardized_exact,228,23,0.10087719298245613,205,0.48671302661561133,0.5818096927974535,0.47604364455618514,-0.010669382059426191
pxr,PXR,split3,ChemRasayan,frozen_mix,frozen_mix,connectivity_inchikey,228,27,0.11842105263157894,201,0.48671302661561133,0.5863106229570176,0.47333424501751187,-0.013378781598099465
pxr,PXR,split3,ChemRasayan,frozen_mix,frozen_mix,tanimoto_ge_0_70,228,37,0.16228070175438597,191,0.48671302661561133,0.5676267046541781,0.4710386491945277,-0.01567437742108363
pxr,PXR,split3,ChemRasayan,frozen_mix,frozen_mix,tanimoto_ge_0_80,228,28,0.12280701754385964,200,0.48671302661561133,0.5872349548339842,0.4726399566650391,-0.014073069950572226
pxr,PXR,split3,ChemRasayan,frozen_mix,frozen_mix,tanimoto_ge_0_90,228,27,0.11842105263157894,201,0.48671302661561133,0.5670394392366762,0.4759229114874085,-0.010790115128202826
pxr,PXR,split3,ChemRasayan,frozen_mix,frozen_mix,tanimoto_ge_0_95,228,26,0.11403508771929824,202,0.48671302661561133,0.5881746967022236,0.47365360373317605,-0.013059422882435279
pxr,PXR,split3,ChemRasayan,validation_selected,lora_mix,standardized_exact,228,23,0.10087719298245613,205,0.4495543197581642,0.5096724120430324,0.44280936306278884,-0.006744956695375337
pxr,PXR,split3,ChemRasayan,validation_selected,lora_mix,connectivity_inchikey,228,27,0.11842105263157894,201,0.4495543197581642,0.5088426519323279,0.4415902154362617,-0.007964104321902477
pxr,PXR,split3,ChemRasayan,validation_selected,lora_mix,tanimoto_ge_0_70,228,37,0.16228070175438597,191,0.4495543197581642,0.5168327597025278,0.43652132353857553,-0.013032996219588644
pxr,PXR,split3,ChemRasayan,validation_selected,lora_mix,tanimoto_ge_0_80,228,28,0.12280701754385964,200,0.4495543197581642,0.562243185383933,0.43377787857055666,-0.015776441187607515
pxr,PXR,split3,ChemRasayan,validation_selected,lora_mix,tanimoto_ge_0_90,228,27,0.11842105263157894,201,0.4495543197581642,0.5398182964324951,0.4374293079660899,-0.012125011792074258
pxr,PXR,split3,ChemRasayan,validation_selected,lora_mix,tanimoto_ge_0_95,228,26,0.11403508771929824,202,0.4495543197581642,0.5399306994218093,0.43792171643512084,-0.011632603323043333
asap_hlm,ASAP,split1,classical,dummy_median,dummy_median,standardized_exact,32,4,0.125,28,0.43560190294805873,0.4741895538190233,0.43008938139506375,-0.005512521552994976
asap_hlm,ASAP,split1,classical,dummy_median,dummy_median,connectivity_inchikey,32,4,0.125,28,0.43560190294805873,0.4741895538190233,0.43008938139506375,-0.005512521552994976
asap_hlm,ASAP,split1,classical,dummy_median,dummy_median,tanimoto_ge_0_70,32,8,0.25,24,0.43560190294805873,0.3879702851021537,0.4514791088966937,0.015877205948634954
asap_hlm,ASAP,split1,classical,dummy_median,dummy_median,tanimoto_ge_0_80,32,5,0.15625,27,0.43560190294805873,0.40433887337040925,0.4413913528698456,0.005789449921786871
asap_hlm,ASAP,split1,classical,dummy_median,dummy_median,tanimoto_ge_0_90,32,4,0.125,28,0.43560190294805873,0.4741895538190233,0.43008938139506375,-0.005512521552994976
asap_hlm,ASAP,split1,classical,dummy_median,dummy_median,tanimoto_ge_0_95,32,4,0.125,28,0.43560190294805873,0.4741895538190233,0.43008938139506375,-0.005512521552994976
asap_hlm,ASAP,split1,classical,ecfp4_lgbm,ecfp4_lgbm,standardized_exact,32,4,0.125,28,0.3672563078611578,0.15364779916813104,0.3977718091030188,0.030515501241860976
asap_hlm,ASAP,split1,classical,ecfp4_lgbm,ecfp4_lgbm,connectivity_inchikey,32,4,0.125,28,0.3672563078611578,0.15364779916813104,0.3977718091030188,0.030515501241860976
asap_hlm,ASAP,split1,classical,ecfp4_lgbm,ecfp4_lgbm,tanimoto_ge_0_70,32,8,0.25,24,0.3672563078611578,0.2787983001831926,0.3967423104204795,0.02948600255932171
asap_hlm,ASAP,split1,classical,ecfp4_lgbm,ecfp4_lgbm,tanimoto_ge_0_80,32,5,0.15625,27,0.3672563078611578,0.20318834506905717,0.3976392639337692,0.030382956072611378
asap_hlm,ASAP,split1,classical,ecfp4_lgbm,ecfp4_lgbm,tanimoto_ge_0_90,32,4,0.125,28,0.3672563078611578,0.15364779916813104,0.3977718091030188,0.030515501241860976
asap_hlm,ASAP,split1,classical,ecfp4_lgbm,ecfp4_lgbm,tanimoto_ge_0_95,32,4,0.125,28,0.3672563078611578,0.15364779916813104,0.3977718091030188,0.030515501241860976
asap_hlm,ASAP,split1,classical,ecfp4_rf,ecfp4_rf,standardized_exact,32,4,0.125,28,0.3969983688641453,0.21534878716212918,0.4229483091072905,0.025949940243145175
asap_hlm,ASAP,split1,classical,ecfp4_rf,ecfp4_rf,connectivity_inchikey,32,4,0.125,28,0.3969983688641453,0.21534878716212918,0.4229483091072905,0.025949940243145175
asap_hlm,ASAP,split1,classical,ecfp4_rf,ecfp4_rf,tanimoto_ge_0_70,32,8,0.25,24,0.3969983688641453,0.3575491727771417,0.4101481008931465,0.013149732029001215
asap_hlm,ASAP,split1,classical,ecfp4_rf,ecfp4_rf,tanimoto_ge_0_80,32,5,0.15625,27,0.3969983688641453,0.2821319762106468,0.4182699230592376,0.0212715541950923
asap_hlm,ASAP,split1,classical,ecfp4_rf,ecfp4_rf,tanimoto_ge_0_90,32,4,0.125,28,0.3969983688641453,0.21534878716212918,0.4229483091072905,0.025949940243145175
asap_hlm,ASAP,split1,classical,ecfp4_rf,ecfp4_rf,tanimoto_ge_0_95,32,4,0.125,28,0.3969983688641453,0.21534878716212918,0.4229483091072905,0.025949940243145175
asap_hlm,ASAP,split1,classical,rdkit_desc_lgbm,rdkit_desc_lgbm,standardized_exact,32,4,0.125,28,0.3708922130969228,0.25717431333143953,0.3871376273491346,0.01624541425221182
asap_hlm,ASAP,split1,classical,rdkit_desc_lgbm,rdkit_desc_lgbm,connectivity_inchikey,32,4,0.125,28,0.3708922130969228,0.25717431333143953,0.3871376273491346,0.01624541425221182
asap_hlm,ASAP,split1,classical,rdkit_desc_lgbm,rdkit_desc_lgbm,tanimoto_ge_0_70,32,8,0.25,24,0.3708922130969228,0.29678474404236366,0.3955947027817757,0.024702489684852946
asap_hlm,ASAP,split1,classical,rdkit_desc_lgbm,rdkit_desc_lgbm,tanimoto_ge_0_80,32,5,0.15625,27,0.3708922130969228,0.3121561516069733,0.3817692615209875,0.010877048424064728
asap_hlm,ASAP,split1,classical,rdkit_desc_lgbm,rdkit_desc_lgbm,tanimoto_ge_0_90,32,4,0.125,28,0.3708922130969228,0.25717431333143953,0.3871376273491346,0.01624541425221182
asap_hlm,ASAP,split1,classical,rdkit_desc_lgbm,rdkit_desc_lgbm,tanimoto_ge_0_95,32,4,0.125,28,0.3708922130969228,0.25717431333143953,0.3871376273491346,0.01624541425221182
asap_hlm,ASAP,split1,classical,rdkit_desc_rf,rdkit_desc_rf,standardized_exact,32,4,0.125,28,0.39258157225041335,0.3300792755588721,0.4015104717777764,0.008928899527363032
asap_hlm,ASAP,split1,classical,rdkit_desc_rf,rdkit_desc_rf,connectivity_inchikey,32,4,0.125,28,0.39258157225041335,0.3300792755588721,0.4015104717777764,0.008928899527363032
asap_hlm,ASAP,split1,classical,rdkit_desc_rf,rdkit_desc_rf,tanimoto_ge_0_70,32,8,0.25,24,0.39258157225041335,0.32036611954972427,0.4166533898173097,0.02407181756689636
asap_hlm,ASAP,split1,classical,rdkit_desc_rf,rdkit_desc_rf,tanimoto_ge_0_80,32,5,0.15625,27,0.39258157225041335,0.34408279816550913,0.4015628267105808,0.008981254460167454
asap_hlm,ASAP,split1,classical,rdkit_desc_rf,rdkit_desc_rf,tanimoto_ge_0_90,32,4,0.125,28,0.39258157225041335,0.3300792755588721,0.4015104717777764,0.008928899527363032
asap_hlm,ASAP,split1,classical,rdkit_desc_rf,rdkit_desc_rf,tanimoto_ge_0_95,32,4,0.125,28,0.39258157225041335,0.3300792755588721,0.4015104717777764,0.008928899527363032
asap_hlm,ASAP,split2,classical,dummy_median,dummy_median,standardized_exact,23,4,0.17391304347826086,19,0.4333896525303097,0.5419820581724204,0.41052809344776015,-0.022861559082549554
asap_hlm,ASAP,split2,classical,dummy_median,dummy_median,connectivity_inchikey,23,4,0.17391304347826086,19,0.4333896525303097,0.5419820581724204,0.41052809344776015,-0.022861559082549554
asap_hlm,ASAP,split2,classical,dummy_median,dummy_median,tanimoto_ge_0_70,23,5,0.21739130434782608,18,0.4333896525303097,0.44880338334794034,0.4291080606365234,-0.004281591893786296
asap_hlm,ASAP,split2,classical,dummy_median,dummy_median,tanimoto_ge_0_80,23,5,0.21739130434782608,18,0.4333896525303097,0.44880338334794034,0.4291080606365234,-0.004281591893786296
asap_hlm,ASAP,split2,classical,dummy_median,dummy_median,tanimoto_ge_0_90,23,4,0.17391304347826086,19,0.4333896525303097,0.5419820581724204,0.41052809344776015,-0.022861559082549554
asap_hlm,ASAP,split2,classical,dummy_median,dummy_median,tanimoto_ge_0_95,23,4,0.17391304347826086,19,0.4333896525303097,0.5419820581724204,0.41052809344776015,-0.022861559082549554
asap_hlm,ASAP,split2,classical,ecfp4_lgbm,ecfp4_lgbm,standardized_exact,23,4,0.17391304347826086,19,0.23093295128502977,0.11531722081290668,0.25527310506863465,0.02434015378360488
asap_hlm,ASAP,split2,classical,ecfp4_lgbm,ecfp4_lgbm,connectivity_inchikey,23,4,0.17391304347826086,19,0.23093295128502977,0.11531722081290668,0.25527310506863465,0.02434015378360488
asap_hlm,ASAP,split2,classical,ecfp4_lgbm,ecfp4_lgbm,tanimoto_ge_0_70,23,5,0.21739130434782608,18,0.23093295128502977,0.16021292203562756,0.2505774038543082,0.019644452569278437
asap_hlm,ASAP,split2,classical,ecfp4_lgbm,ecfp4_lgbm,tanimoto_ge_0_80,23,5,0.21739130434782608,18,0.23093295128502977,0.16021292203562756,0.2505774038543082,0.019644452569278437
asap_hlm,ASAP,split2,classical,ecfp4_lgbm,ecfp4_lgbm,tanimoto_ge_0_90,23,4,0.17391304347826086,19,0.23093295128502977,0.11531722081290668,0.25527310506863465,0.02434015378360488
asap_hlm,ASAP,split2,classical,ecfp4_lgbm,ecfp4_lgbm,tanimoto_ge_0_95,23,4,0.17391304347826086,19,0.23093295128502977,0.11531722081290668,0.25527310506863465,0.02434015378360488
asap_hlm,ASAP,split2,classical,ecfp4_rf,ecfp4_rf,standardized_exact,23,4,0.17391304347826086,19,0.23647552706802094,0.20560845381682458,0.24297385827879917,0.006498331210778224
asap_hlm,ASAP,split2,classical,ecfp4_rf,ecfp4_rf,connectivity_inchikey,23,4,0.17391304347826086,19,0.23647552706802094,0.20560845381682458,0.24297385827879917,0.006498331210778224
asap_hlm,ASAP,split2,classical,ecfp4_rf,ecfp4_rf,tanimoto_ge_0_70,23,5,0.21739130434782608,18,0.23647552706802094,0.28399104971390543,0.22327677077749752,-0.013198756290523417
asap_hlm,ASAP,split2,classical,ecfp4_rf,ecfp4_rf,tanimoto_ge_0_80,23,5,0.21739130434782608,18,0.23647552706802094,0.28399104971390543,0.22327677077749752,-0.013198756290523417
asap_hlm,ASAP,split2,classical,ecfp4_rf,ecfp4_rf,tanimoto_ge_0_90,23,4,0.17391304347826086,19,0.23647552706802094,0.20560845381682458,0.24297385827879917,0.006498331210778224
asap_hlm,ASAP,split2,classical,ecfp4_rf,ecfp4_rf,tanimoto_ge_0_95,23,4,0.17391304347826086,19,0.23647552706802094,0.20560845381682458,0.24297385827879917,0.006498331210778224
asap_hlm,ASAP,split2,classical,rdkit_desc_lgbm,rdkit_desc_lgbm,standardized_exact,23,4,0.17391304347826086,19,0.34498849741872306,0.3598081305474474,0.34186857465478104,-0.003119922763942018
asap_hlm,ASAP,split2,classical,rdkit_desc_lgbm,rdkit_desc_lgbm,connectivity_inchikey,23,4,0.17391304347826086,19,0.34498849741872306,0.3598081305474474,0.34186857465478104,-0.003119922763942018
asap_hlm,ASAP,split2,classical,rdkit_desc_lgbm,rdkit_desc_lgbm,tanimoto_ge_0_70,23,5,0.21739130434782608,18,0.34498849741872306,0.40002234571679,0.32970131733592667,-0.015287180082796392
asap_hlm,ASAP,split2,classical,rdkit_desc_lgbm,rdkit_desc_lgbm,tanimoto_ge_0_80,23,5,0.21739130434782608,18,0.34498849741872306,0.40002234571679,0.32970131733592667,-0.015287180082796392
asap_hlm,ASAP,split2,classical,rdkit_desc_lgbm,rdkit_desc_lgbm,tanimoto_ge_0_90,23,4,0.17391304347826086,19,0.34498849741872306,0.3598081305474474,0.34186857465478104,-0.003119922763942018
asap_hlm,ASAP,split2,classical,rdkit_desc_lgbm,rdkit_desc_lgbm,tanimoto_ge_0_95,23,4,0.17391304347826086,19,0.34498849741872306,0.3598081305474474,0.34186857465478104,-0.003119922763942018
asap_hlm,ASAP,split2,classical,rdkit_desc_rf,rdkit_desc_rf,standardized_exact,23,4,0.17391304347826086,19,0.37733661907243626,0.4183687288417312,0.36869828017363737,-0.008638338898798892
asap_hlm,ASAP,split2,classical,rdkit_desc_rf,rdkit_desc_rf,connectivity_inchikey,23,4,0.17391304347826086,19,0.37733661907243626,0.4183687288417312,0.36869828017363737,-0.008638338898798892
asap_hlm,ASAP,split2,classical,rdkit_desc_rf,rdkit_desc_rf,tanimoto_ge_0_70,23,5,0.21739130434782608,18,0.37733661907243626,0.44625943341167557,0.35819139286709206,-0.0191452262053442
asap_hlm,ASAP,split2,classical,rdkit_desc_rf,rdkit_desc_rf,tanimoto_ge_0_80,23,5,0.21739130434782608,18,0.37733661907243626,0.44625943341167557,0.35819139286709206,-0.0191452262053442
asap_hlm,ASAP,split2,classical,rdkit_desc_rf,rdkit_desc_rf,tanimoto_ge_0_90,23,4,0.17391304347826086,19,0.37733661907243626,0.4183687288417312,0.36869828017363737,-0.008638338898798892
asap_hlm,ASAP,split2,classical,rdkit_desc_rf,rdkit_desc_rf,tanimoto_ge_0_95,23,4,0.17391304347826086,19,0.37733661907243626,0.4183687288417312,0.36869828017363737,-0.008638338898798892
asap_hlm,ASAP,split3,classical,dummy_median,dummy_median,standardized_exact,23,1,0.043478260869565216,22,0.5363658714485154,0.5242756444731576,0.5369154272201228,0.000549555771607313
asap_hlm,ASAP,split3,classical,dummy_median,dummy_median,connectivity_inchikey,23,2,0.08695652173913043,21,0.5363658714485154,0.5449647442476239,0.5355469311819337,-0.0008189402665816914
asap_hlm,ASAP,split3,classical,dummy_median,dummy_median,tanimoto_ge_0_70,23,4,0.17391304347826086,19,0.5363658714485154,0.7254217782921966,0.49656462790247735,-0.03980124354603809
asap_hlm,ASAP,split3,classical,dummy_median,dummy_median,tanimoto_ge_0_80,23,2,0.08695652173913043,21,0.5363658714485154,0.5449647442476239,0.5355469311819337,-0.0008189402665816914
asap_hlm,ASAP,split3,classical,dummy_median,dummy_median,tanimoto_ge_0_90,23,2,0.08695652173913043,21,0.5363658714485154,0.5449647442476239,0.5355469311819337,-0.0008189402665816914
asap_hlm,ASAP,split3,classical,dummy_median,dummy_median,tanimoto_ge_0_95,23,2,0.08695652173913043,21,0.5363658714485154,0.5449647442476239,0.5355469311819337,-0.0008189402665816914
asap_hlm,ASAP,split3,classical,ecfp4_lgbm,ecfp4_lgbm,standardized_exact,23,1,0.043478260869565216,22,0.3945633620689261,0.1965507193948861,0.403563936735928,0.009000574667001882
asap_hlm,ASAP,split3,classical,ecfp4_lgbm,ecfp4_lgbm,connectivity_inchikey,23,2,0.08695652173913043,21,0.3945633620689261,0.2548454253817911,0.40786983222960566,0.01330647016067954
asap_hlm,ASAP,split3,classical,ecfp4_lgbm,ecfp4_lgbm,tanimoto_ge_0_70,23,4,0.17391304347826086,19,0.3945633620689261,0.41697861795281793,0.3898443608302121,-0.0047190012387139935
asap_hlm,ASAP,split3,classical,ecfp4_lgbm,ecfp4_lgbm,tanimoto_ge_0_80,23,2,0.08695652173913043,21,0.3945633620689261,0.2548454253817911,0.40786983222960566,0.01330647016067954
asap_hlm,ASAP,split3,classical,ecfp4_lgbm,ecfp4_lgbm,tanimoto_ge_0_90,23,2,0.08695652173913043,21,0.3945633620689261,0.2548454253817911,0.40786983222960566,0.01330647016067954
asap_hlm,ASAP,split3,classical,ecfp4_lgbm,ecfp4_lgbm,tanimoto_ge_0_95,23,2,0.08695652173913043,21,0.3945633620689261,0.2548454253817911,0.40786983222960566,0.01330647016067954
asap_hlm,ASAP,split3,classical,ecfp4_rf,ecfp4_rf,standardized_exact,23,1,0.043478260869565216,22,0.40064942143312166,0.28418995104597156,0.4059430337234467,0.005293612290325045
asap_hlm,ASAP,split3,classical,ecfp4_rf,ecfp4_rf,connectivity_inchikey,23,2,0.08695652173913043,21,0.40064942143312166,0.23823374132301578,0.41611758144360794,0.015468160010486287
asap_hlm,ASAP,split3,classical,ecfp4_rf,ecfp4_rf,tanimoto_ge_0_70,23,4,0.17391304347826086,19,0.40064942143312166,0.4298203134956285,0.39450818099890966,-0.006141240434211992
asap_hlm,ASAP,split3,classical,ecfp4_rf,ecfp4_rf,tanimoto_ge_0_80,23,2,0.08695652173913043,21,0.40064942143312166,0.23823374132301578,0.41611758144360794,0.015468160010486287
asap_hlm,ASAP,split3,classical,ecfp4_rf,ecfp4_rf,tanimoto_ge_0_90,23,2,0.08695652173913043,21,0.40064942143312166,0.23823374132301578,0.41611758144360794,0.015468160010486287
asap_hlm,ASAP,split3,classical,ecfp4_rf,ecfp4_rf,tanimoto_ge_0_95,23,2,0.08695652173913043,21,0.40064942143312166,0.23823374132301578,0.41611758144360794,0.015468160010486287
asap_hlm,ASAP,split3,classical,rdkit_desc_lgbm,rdkit_desc_lgbm,standardized_exact,23,1,0.043478260869565216,22,0.42420809179799823,0.25847553473857565,0.4317413898461538,0.007533298048155557
asap_hlm,ASAP,split3,classical,rdkit_desc_lgbm,rdkit_desc_lgbm,connectivity_inchikey,23,2,0.08695652173913043,21,0.42420809179799823,0.28785241122852967,0.4371943470903285,0.012986255292330273
asap_hlm,ASAP,split3,classical,rdkit_desc_lgbm,rdkit_desc_lgbm,tanimoto_ge_0_70,23,4,0.17391304347826086,19,0.42420809179799823,0.4312205531824703,0.4227317841381093,-0.0014763076598889313
asap_hlm,ASAP,split3,classical,rdkit_desc_lgbm,rdkit_desc_lgbm,tanimoto_ge_0_80,23,2,0.08695652173913043,21,0.42420809179799823,0.28785241122852967,0.4371943470903285,0.012986255292330273
asap_hlm,ASAP,split3,classical,rdkit_desc_lgbm,rdkit_desc_lgbm,tanimoto_ge_0_90,23,2,0.08695652173913043,21,0.42420809179799823,0.28785241122852967,0.4371943470903285,0.012986255292330273
asap_hlm,ASAP,split3,classical,rdkit_desc_lgbm,rdkit_desc_lgbm,tanimoto_ge_0_95,23,2,0.08695652173913043,21,0.42420809179799823,0.28785241122852967,0.4371943470903285,0.012986255292330273
asap_hlm,ASAP,split3,classical,rdkit_desc_rf,rdkit_desc_rf,standardized_exact,23,1,0.043478260869565216,22,0.4157024235384835,0.3717794237568126,0.4176989235285594,0.001996499990075895
asap_hlm,ASAP,split3,classical,rdkit_desc_rf,rdkit_desc_rf,connectivity_inchikey,23,2,0.08695652173913043,21,0.4157024235384835,0.3845538177370105,0.4186689574243381,0.00296653388585455
asap_hlm,ASAP,split3,classical,rdkit_desc_rf,rdkit_desc_rf,tanimoto_ge_0_70,23,4,0.17391304347826086,19,0.4157024235384835,0.5340129722501037,0.3907949395991951,-0.024907483939288433
asap_hlm,ASAP,split3,classical,rdkit_desc_rf,rdkit_desc_rf,tanimoto_ge_0_80,23,2,0.08695652173913043,21,0.4157024235384835,0.3845538177370105,0.4186689574243381,0.00296653388585455
asap_hlm,ASAP,split3,classical,rdkit_desc_rf,rdkit_desc_rf,tanimoto_ge_0_90,23,2,0.08695652173913043,21,0.4157024235384835,0.3845538177370105,0.4186689574243381,0.00296653388585455
asap_hlm,ASAP,split3,classical,rdkit_desc_rf,rdkit_desc_rf,tanimoto_ge_0_95,23,2,0.08695652173913043,21,0.4157024235384835,0.3845538177370105,0.4186689574243381,0.00296653388585455
asap_ksol,ASAP,split1,classical,dummy_median,dummy_median,standardized_exact,53,4,0.07547169811320754,49,0.4331577728506812,0.1716617568454991,0.4545043864021246,0.021346613551443405
asap_ksol,ASAP,split1,classical,dummy_median,dummy_median,connectivity_inchikey,53,4,0.07547169811320754,49,0.4331577728506812,0.1716617568454991,0.4545043864021246,0.021346613551443405
asap_ksol,ASAP,split1,classical,dummy_median,dummy_median,tanimoto_ge_0_70,53,7,0.1320754716981132,46,0.4331577728506812,0.30537940873417163,0.45260230652058475,0.019444533669903563
asap_ksol,ASAP,split1,classical,dummy_median,dummy_median,tanimoto_ge_0_80,53,6,0.11320754716981132,47,0.4331577728506812,0.24936474222709729,0.45662071293028755,0.023462940079606365
asap_ksol,ASAP,split1,classical,dummy_median,dummy_median,tanimoto_ge_0_90,53,4,0.07547169811320754,49,0.4331577728506812,0.1716617568454991,0.4545043864021246,0.021346613551443405
asap_ksol,ASAP,split1,classical,dummy_median,dummy_median,tanimoto_ge_0_95,53,4,0.07547169811320754,49,0.4331577728506812,0.1716617568454991,0.4545043864021246,0.021346613551443405
asap_ksol,ASAP,split1,classical,ecfp4_lgbm,ecfp4_lgbm,standardized_exact,53,4,0.07547169811320754,49,0.3668703724845387,0.11024441435067611,0.38781943029138477,0.020949057806846083
asap_ksol,ASAP,split1,classical,ecfp4_lgbm,ecfp4_lgbm,connectivity_inchikey,53,4,0.07547169811320754,49,0.3668703724845387,0.11024441435067611,0.38781943029138477,0.020949057806846083
asap_ksol,ASAP,split1,classical,ecfp4_lgbm,ecfp4_lgbm,tanimoto_ge_0_70,53,7,0.1320754716981132,46,0.3668703724845387,0.2684775510675923,0.38184319313494364,0.01497282065040495
asap_ksol,ASAP,split1,classical,ecfp4_lgbm,ecfp4_lgbm,tanimoto_ge_0_80,53,6,0.11320754716981132,47,0.3668703724845387,0.20390063907838044,0.3876750193023462,0.020804646817807526
asap_ksol,ASAP,split1,classical,ecfp4_lgbm,ecfp4_lgbm,tanimoto_ge_0_90,53,4,0.07547169811320754,49,0.3668703724845387,0.11024441435067611,0.38781943029138477,0.020949057806846083
asap_ksol,ASAP,split1,classical,ecfp4_lgbm,ecfp4_lgbm,tanimoto_ge_0_95,53,4,0.07547169811320754,49,0.3668703724845387,0.11024441435067611,0.38781943029138477,0.020949057806846083
asap_ksol,ASAP,split1,classical,ecfp4_rf,ecfp4_rf,standardized_exact,53,4,0.07547169811320754,49,0.37091136743779607,0.20779585925163968,0.38422691912646184,0.013315551688665772
asap_ksol,ASAP,split1,classical,ecfp4_rf,ecfp4_rf,connectivity_inchikey,53,4,0.07547169811320754,49,0.37091136743779607,0.20779585925163968,0.38422691912646184,0.013315551688665772
asap_ksol,ASAP,split1,classical,ecfp4_rf,ecfp4_rf,tanimoto_ge_0_70,53,7,0.1320754716981132,46,0.37091136743779607,0.28431629805397757,0.38408887799620317,0.013177510558407102
asap_ksol,ASAP,split1,classical,ecfp4_rf,ecfp4_rf,tanimoto_ge_0_80,53,6,0.11320754716981132,47,0.37091136743779607,0.26639152283104833,0.38425432632376383,0.01334295888596776
asap_ksol,ASAP,split1,classical,ecfp4_rf,ecfp4_rf,tanimoto_ge_0_90,53,4,0.07547169811320754,49,0.37091136743779607,0.20779585925163968,0.38422691912646184,0.013315551688665772
asap_ksol,ASAP,split1,classical,ecfp4_rf,ecfp4_rf,tanimoto_ge_0_95,53,4,0.07547169811320754,49,0.37091136743779607,0.20779585925163968,0.38422691912646184,0.013315551688665772
asap_ksol,ASAP,split1,classical,rdkit_desc_lgbm,rdkit_desc_lgbm,standardized_exact,53,4,0.07547169811320754,49,0.3243008368681842,0.051316856241169995,0.34658524344998126,0.02228440658179709
asap_ksol,ASAP,split1,classical,rdkit_desc_lgbm,rdkit_desc_lgbm,connectivity_inchikey,53,4,0.07547169811320754,49,0.3243008368681842,0.051316856241169995,0.34658524344998126,0.02228440658179709
asap_ksol,ASAP,split1,classical,rdkit_desc_lgbm,rdkit_desc_lgbm,tanimoto_ge_0_70,53,7,0.1320754716981132,46,0.3243008368681842,0.2088257017704626,0.3418731400352288,0.01757230316704461
asap_ksol,ASAP,split1,classical,rdkit_desc_lgbm,rdkit_desc_lgbm,tanimoto_ge_0_80,53,6,0.11320754716981132,47,0.3243008368681842,0.16091890853136556,0.3451581043154377,0.020857267447253525
asap_ksol,ASAP,split1,classical,rdkit_desc_lgbm,rdkit_desc_lgbm,tanimoto_ge_0_90,53,4,0.07547169811320754,49,0.3243008368681842,0.051316856241169995,0.34658524344998126,0.02228440658179709
asap_ksol,ASAP,split1,classical,rdkit_desc_lgbm,rdkit_desc_lgbm,tanimoto_ge_0_95,53,4,0.07547169811320754,49,0.3243008368681842,0.051316856241169995,0.34658524344998126,0.02228440658179709
asap_ksol,ASAP,split1,classical,rdkit_desc_rf,rdkit_desc_rf,standardized_exact,53,4,0.07547169811320754,49,0.3731196173397143,0.20220064026614093,0.3870721868967407,0.013952569557026395
asap_ksol,ASAP,split1,classical,rdkit_desc_rf,rdkit_desc_rf,connectivity_inchikey,53,4,0.07547169811320754,49,0.3731196173397143,0.20220064026614093,0.3870721868967407,0.013952569557026395
asap_ksol,ASAP,split1,classical,rdkit_desc_rf,rdkit_desc_rf,tanimoto_ge_0_70,53,7,0.1320754716981132,46,0.3731196173397143,0.2883866065141281,0.3860137711609991,0.012894153821284782
asap_ksol,ASAP,split1,classical,rdkit_desc_rf,rdkit_desc_rf,tanimoto_ge_0_80,53,6,0.11320754716981132,47,0.3731196173397143,0.28065383543639555,0.3849237597103506,0.011804142370636261
asap_ksol,ASAP,split1,classical,rdkit_desc_rf,rdkit_desc_rf,tanimoto_ge_0_90,53,4,0.07547169811320754,49,0.3731196173397143,0.20220064026614093,0.3870721868967407,0.013952569557026395
asap_ksol,ASAP,split1,classical,rdkit_desc_rf,rdkit_desc_rf,tanimoto_ge_0_95,53,4,0.07547169811320754,49,0.3731196173397143,0.20220064026614093,0.3870721868967407,0.013952569557026395
asap_ksol,ASAP,split2,classical,dummy_median,dummy_median,standardized_exact,48,4,0.08333333333333333,44,0.7548685375063796,0.1078864337844776,0.8136850923901889,0.058816554883809324
asap_ksol,ASAP,split2,classical,dummy_median,dummy_median,connectivity_inchikey,48,4,0.08333333333333333,44,0.7548685375063796,0.1078864337844776,0.8136850923901889,0.058816554883809324
asap_ksol,ASAP,split2,classical,dummy_median,dummy_median,tanimoto_ge_0_70,48,4,0.08333333333333333,44,0.7548685375063796,0.1078864337844776,0.8136850923901889,0.058816554883809324
asap_ksol,ASAP,split2,classical,dummy_median,dummy_median,tanimoto_ge_0_80,48,4,0.08333333333333333,44,0.7548685375063796,0.1078864337844776,0.8136850923901889,0.058816554883809324
asap_ksol,ASAP,split2,classical,dummy_median,dummy_median,tanimoto_ge_0_90,48,4,0.08333333333333333,44,0.7548685375063796,0.1078864337844776,0.8136850923901889,0.058816554883809324
asap_ksol,ASAP,split2,classical,dummy_median,dummy_median,tanimoto_ge_0_95,48,4,0.08333333333333333,44,0.7548685375063796,0.1078864337844776,0.8136850923901889,0.058816554883809324
asap_ksol,ASAP,split2,classical,ecfp4_lgbm,ecfp4_lgbm,standardized_exact,48,4,0.08333333333333333,44,0.38324991556728744,0.10241126086918506,0.408780702358024,0.02553078679073656
asap_ksol,ASAP,split2,classical,ecfp4_lgbm,ecfp4_lgbm,connectivity_inchikey,48,4,0.08333333333333333,44,0.38324991556728744,0.10241126086918506,0.408780702358024,0.02553078679073656
asap_ksol,ASAP,split2,classical,ecfp4_lgbm,ecfp4_lgbm,tanimoto_ge_0_70,48,4,0.08333333333333333,44,0.38324991556728744,0.10241126086918506,0.408780702358024,0.02553078679073656
asap_ksol,ASAP,split2,classical,ecfp4_lgbm,ecfp4_lgbm,tanimoto_ge_0_80,48,4,0.08333333333333333,44,0.38324991556728744,0.10241126086918506,0.408780702358024,0.02553078679073656
asap_ksol,ASAP,split2,classical,ecfp4_lgbm,ecfp4_lgbm,tanimoto_ge_0_90,48,4,0.08333333333333333,44,0.38324991556728744,0.10241126086918506,0.408780702358024,0.02553078679073656
asap_ksol,ASAP,split2,classical,ecfp4_lgbm,ecfp4_lgbm,tanimoto_ge_0_95,48,4,0.08333333333333333,44,0.38324991556728744,0.10241126086918506,0.408780702358024,0.02553078679073656
asap_ksol,ASAP,split2,classical,ecfp4_rf,ecfp4_rf,standardized_exact,48,4,0.08333333333333333,44,0.5331917124964854,0.1500525627170317,0.5680225442946175,0.03483083179813207
asap_ksol,ASAP,split2,classical,ecfp4_rf,ecfp4_rf,connectivity_inchikey,48,4,0.08333333333333333,44,0.5331917124964854,0.1500525627170317,0.5680225442946175,0.03483083179813207
asap_ksol,ASAP,split2,classical,ecfp4_rf,ecfp4_rf,tanimoto_ge_0_70,48,4,0.08333333333333333,44,0.5331917124964854,0.1500525627170317,0.5680225442946175,0.03483083179813207
asap_ksol,ASAP,split2,classical,ecfp4_rf,ecfp4_rf,tanimoto_ge_0_80,48,4,0.08333333333333333,44,0.5331917124964854,0.1500525627170317,0.5680225442946175,0.03483083179813207
asap_ksol,ASAP,split2,classical,ecfp4_rf,ecfp4_rf,tanimoto_ge_0_90,48,4,0.08333333333333333,44,0.5331917124964854,0.1500525627170317,0.5680225442946175,0.03483083179813207
asap_ksol,ASAP,split2,classical,ecfp4_rf,ecfp4_rf,tanimoto_ge_0_95,48,4,0.08333333333333333,44,0.5331917124964854,0.1500525627170317,0.5680225442946175,0.03483083179813207
asap_ksol,ASAP,split2,classical,rdkit_desc_lgbm,rdkit_desc_lgbm,standardized_exact,48,4,0.08333333333333333,44,0.49583757897779906,0.08809586463666463,0.5329050075542657,0.037067428576466666
asap_ksol,ASAP,split2,classical,rdkit_desc_lgbm,rdkit_desc_lgbm,connectivity_inchikey,48,4,0.08333333333333333,44,0.49583757897779906,0.08809586463666463,0.5329050075542657,0.037067428576466666
asap_ksol,ASAP,split2,classical,rdkit_desc_lgbm,rdkit_desc_lgbm,tanimoto_ge_0_70,48,4,0.08333333333333333,44,0.49583757897779906,0.08809586463666463,0.5329050075542657,0.037067428576466666
asap_ksol,ASAP,split2,classical,rdkit_desc_lgbm,rdkit_desc_lgbm,tanimoto_ge_0_80,48,4,0.08333333333333333,44,0.49583757897779906,0.08809586463666463,0.5329050075542657,0.037067428576466666
asap_ksol,ASAP,split2,classical,rdkit_desc_lgbm,rdkit_desc_lgbm,tanimoto_ge_0_90,48,4,0.08333333333333333,44,0.49583757897779906,0.08809586463666463,0.5329050075542657,0.037067428576466666
asap_ksol,ASAP,split2,classical,rdkit_desc_lgbm,rdkit_desc_lgbm,tanimoto_ge_0_95,48,4,0.08333333333333333,44,0.49583757897779906,0.08809586463666463,0.5329050075542657,0.037067428576466666
asap_ksol,ASAP,split2,classical,rdkit_desc_rf,rdkit_desc_rf,standardized_exact,48,4,0.08333333333333333,44,0.547148098192939,0.11603908180360645,0.5863398269556056,0.03919172876266663
asap_ksol,ASAP,split2,classical,rdkit_desc_rf,rdkit_desc_rf,connectivity_inchikey,48,4,0.08333333333333333,44,0.547148098192939,0.11603908180360645,0.5863398269556056,0.03919172876266663
asap_ksol,ASAP,split2,classical,rdkit_desc_rf,rdkit_desc_rf,tanimoto_ge_0_70,48,4,0.08333333333333333,44,0.547148098192939,0.11603908180360645,0.5863398269556056,0.03919172876266663
asap_ksol,ASAP,split2,classical,rdkit_desc_rf,rdkit_desc_rf,tanimoto_ge_0_80,48,4,0.08333333333333333,44,0.547148098192939,0.11603908180360645,0.5863398269556056,0.03919172876266663
asap_ksol,ASAP,split2,classical,rdkit_desc_rf,rdkit_desc_rf,tanimoto_ge_0_90,48,4,0.08333333333333333,44,0.547148098192939,0.11603908180360645,0.5863398269556056,0.03919172876266663
asap_ksol,ASAP,split2,classical,rdkit_desc_rf,rdkit_desc_rf,tanimoto_ge_0_95,48,4,0.08333333333333333,44,0.547148098192939,0.11603908180360645,0.5863398269556056,0.03919172876266663
asap_ksol,ASAP,split3,classical,dummy_median,dummy_median,standardized_exact,49,0,0.0,49,0.40178562704454707,,0.40178562704454707,0.0
asap_ksol,ASAP,split3,classical,dummy_median,dummy_median,connectivity_inchikey,49,0,0.0,49,0.40178562704454707,,0.40178562704454707,0.0
asap_ksol,ASAP,split3,classical,dummy_median,dummy_median,tanimoto_ge_0_70,49,0,0.0,49,0.40178562704454707,,0.40178562704454707,0.0
asap_ksol,ASAP,split3,classical,dummy_median,dummy_median,tanimoto_ge_0_80,49,0,0.0,49,0.40178562704454707,,0.40178562704454707,0.0
asap_ksol,ASAP,split3,classical,dummy_median,dummy_median,tanimoto_ge_0_90,49,0,0.0,49,0.40178562704454707,,0.40178562704454707,0.0
asap_ksol,ASAP,split3,classical,dummy_median,dummy_median,tanimoto_ge_0_95,49,0,0.0,49,0.40178562704454707,,0.40178562704454707,0.0
asap_ksol,ASAP,split3,classical,ecfp4_lgbm,ecfp4_lgbm,standardized_exact,49,0,0.0,49,0.2366074258447596,,0.2366074258447596,0.0
asap_ksol,ASAP,split3,classical,ecfp4_lgbm,ecfp4_lgbm,connectivity_inchikey,49,0,0.0,49,0.2366074258447596,,0.2366074258447596,0.0
asap_ksol,ASAP,split3,classical,ecfp4_lgbm,ecfp4_lgbm,tanimoto_ge_0_70,49,0,0.0,49,0.2366074258447596,,0.2366074258447596,0.0
asap_ksol,ASAP,split3,classical,ecfp4_lgbm,ecfp4_lgbm,tanimoto_ge_0_80,49,0,0.0,49,0.2366074258447596,,0.2366074258447596,0.0
asap_ksol,ASAP,split3,classical,ecfp4_lgbm,ecfp4_lgbm,tanimoto_ge_0_90,49,0,0.0,49,0.2366074258447596,,0.2366074258447596,0.0
asap_ksol,ASAP,split3,classical,ecfp4_lgbm,ecfp4_lgbm,tanimoto_ge_0_95,49,0,0.0,49,0.2366074258447596,,0.2366074258447596,0.0
asap_ksol,ASAP,split3,classical,ecfp4_rf,ecfp4_rf,standardized_exact,49,0,0.0,49,0.2741706743199289,,0.2741706743199289,0.0
asap_ksol,ASAP,split3,classical,ecfp4_rf,ecfp4_rf,connectivity_inchikey,49,0,0.0,49,0.2741706743199289,,0.2741706743199289,0.0
asap_ksol,ASAP,split3,classical,ecfp4_rf,ecfp4_rf,tanimoto_ge_0_70,49,0,0.0,49,0.2741706743199289,,0.2741706743199289,0.0
asap_ksol,ASAP,split3,classical,ecfp4_rf,ecfp4_rf,tanimoto_ge_0_80,49,0,0.0,49,0.2741706743199289,,0.2741706743199289,0.0
asap_ksol,ASAP,split3,classical,ecfp4_rf,ecfp4_rf,tanimoto_ge_0_90,49,0,0.0,49,0.2741706743199289,,0.2741706743199289,0.0
asap_ksol,ASAP,split3,classical,ecfp4_rf,ecfp4_rf,tanimoto_ge_0_95,49,0,0.0,49,0.2741706743199289,,0.2741706743199289,0.0
asap_ksol,ASAP,split3,classical,rdkit_desc_lgbm,rdkit_desc_lgbm,standardized_exact,49,0,0.0,49,0.25547241411670885,,0.25547241411670885,0.0
asap_ksol,ASAP,split3,classical,rdkit_desc_lgbm,rdkit_desc_lgbm,connectivity_inchikey,49,0,0.0,49,0.25547241411670885,,0.25547241411670885,0.0
asap_ksol,ASAP,split3,classical,rdkit_desc_lgbm,rdkit_desc_lgbm,tanimoto_ge_0_70,49,0,0.0,49,0.25547241411670885,,0.25547241411670885,0.0
asap_ksol,ASAP,split3,classical,rdkit_desc_lgbm,rdkit_desc_lgbm,tanimoto_ge_0_80,49,0,0.0,49,0.25547241411670885,,0.25547241411670885,0.0
asap_ksol,ASAP,split3,classical,rdkit_desc_lgbm,rdkit_desc_lgbm,tanimoto_ge_0_90,49,0,0.0,49,0.25547241411670885,,0.25547241411670885,0.0
asap_ksol,ASAP,split3,classical,rdkit_desc_lgbm,rdkit_desc_lgbm,tanimoto_ge_0_95,49,0,0.0,49,0.25547241411670885,,0.25547241411670885,0.0
asap_ksol,ASAP,split3,classical,rdkit_desc_rf,rdkit_desc_rf,standardized_exact,49,0,0.0,49,0.29324304282035957,,0.29324304282035957,0.0
asap_ksol,ASAP,split3,classical,rdkit_desc_rf,rdkit_desc_rf,connectivity_inchikey,49,0,0.0,49,0.29324304282035957,,0.29324304282035957,0.0
asap_ksol,ASAP,split3,classical,rdkit_desc_rf,rdkit_desc_rf,tanimoto_ge_0_70,49,0,0.0,49,0.29324304282035957,,0.29324304282035957,0.0
asap_ksol,ASAP,split3,classical,rdkit_desc_rf,rdkit_desc_rf,tanimoto_ge_0_80,49,0,0.0,49,0.29324304282035957,,0.29324304282035957,0.0
asap_ksol,ASAP,split3,classical,rdkit_desc_rf,rdkit_desc_rf,tanimoto_ge_0_90,49,0,0.0,49,0.29324304282035957,,0.29324304282035957,0.0
asap_ksol,ASAP,split3,classical,rdkit_desc_rf,rdkit_desc_rf,tanimoto_ge_0_95,49,0,0.0,49,0.29324304282035957,,0.29324304282035957,0.0
asap_logd,ASAP,split1,classical,dummy_median,dummy_median,standardized_exact,55,4,0.07272727272727272,51,0.7118181818181819,1.125,0.6794117647058825,-0.03240641711229941
asap_logd,ASAP,split1,classical,dummy_median,dummy_median,connectivity_inchikey,55,4,0.07272727272727272,51,0.7118181818181819,1.125,0.6794117647058825,-0.03240641711229941
asap_logd,ASAP,split1,classical,dummy_median,dummy_median,tanimoto_ge_0_70,55,7,0.12727272727272726,48,0.7118181818181819,0.9428571428571428,0.6781250000000001,-0.03369318181818182
asap_logd,ASAP,split1,classical,dummy_median,dummy_median,tanimoto_ge_0_80,55,6,0.10909090909090909,49,0.7118181818181819,0.8666666666666666,0.692857142857143,-0.018961038961038956
asap_logd,ASAP,split1,classical,dummy_median,dummy_median,tanimoto_ge_0_90,55,4,0.07272727272727272,51,0.7118181818181819,1.125,0.6794117647058825,-0.03240641711229941
asap_logd,ASAP,split1,classical,dummy_median,dummy_median,tanimoto_ge_0_95,55,4,0.07272727272727272,51,0.7118181818181819,1.125,0.6794117647058825,-0.03240641711229941
asap_logd,ASAP,split1,classical,ecfp4_lgbm,ecfp4_lgbm,standardized_exact,55,4,0.07272727272727272,51,0.4415156456689984,1.0654182933922423,0.39258210467109705,-0.04893354099790137
asap_logd,ASAP,split1,classical,ecfp4_lgbm,ecfp4_lgbm,connectivity_inchikey,55,4,0.07272727272727272,51,0.4415156456689984,1.0654182933922423,0.39258210467109705,-0.04893354099790137
asap_logd,ASAP,split1,classical,ecfp4_lgbm,ecfp4_lgbm,tanimoto_ge_0_70,55,7,0.12727272727272726,48,0.4415156456689984,0.7994808349851995,0.38931238889371916,-0.05220325677527926
asap_logd,ASAP,split1,classical,ecfp4_lgbm,ecfp4_lgbm,tanimoto_ge_0_80,55,6,0.10909090909090909,49,0.4415156456689984,0.8396866192642873,0.3927600162491672,-0.04875562941983125
asap_logd,ASAP,split1,classical,ecfp4_lgbm,ecfp4_lgbm,tanimoto_ge_0_90,55,4,0.07272727272727272,51,0.4415156456689984,1.0654182933922423,0.39258210467109705,-0.04893354099790137
asap_logd,ASAP,split1,classical,ecfp4_lgbm,ecfp4_lgbm,tanimoto_ge_0_95,55,4,0.07272727272727272,51,0.4415156456689984,1.0654182933922423,0.39258210467109705,-0.04893354099790137
asap_logd,ASAP,split1,classical,ecfp4_rf,ecfp4_rf,standardized_exact,55,4,0.07272727272727272,51,0.49060965367965315,1.0756669642857153,0.4447228057889817,-0.045886847890671434
asap_logd,ASAP,split1,classical,ecfp4_rf,ecfp4_rf,connectivity_inchikey,55,4,0.07272727272727272,51,0.49060965367965315,1.0756669642857153,0.4447228057889817,-0.045886847890671434
asap_logd,ASAP,split1,classical,ecfp4_rf,ecfp4_rf,tanimoto_ge_0_70,55,7,0.12727272727272726,48,0.49060965367965315,0.8827758843537411,0.43341874503968203,-0.057190908639971116
asap_logd,ASAP,split1,classical,ecfp4_rf,ecfp4_rf,tanimoto_ge_0_80,55,6,0.10909090909090909,49,0.49060965367965315,0.7861340873015871,0.4544229883381919,-0.036186665341461255
asap_logd,ASAP,split1,classical,ecfp4_rf,ecfp4_rf,tanimoto_ge_0_90,55,4,0.07272727272727272,51,0.49060965367965315,1.0756669642857153,0.4447228057889817,-0.045886847890671434
asap_logd,ASAP,split1,classical,ecfp4_rf,ecfp4_rf,tanimoto_ge_0_95,55,4,0.07272727272727272,51,0.49060965367965315,1.0756669642857153,0.4447228057889817,-0.045886847890671434
asap_logd,ASAP,split1,classical,rdkit_desc_lgbm,rdkit_desc_lgbm,standardized_exact,55,4,0.07272727272727272,51,0.42469153912350416,0.7117573900386935,0.40217657042427346,-0.022514968699230697
asap_logd,ASAP,split1,classical,rdkit_desc_lgbm,rdkit_desc_lgbm,connectivity_inchikey,55,4,0.07272727272727272,51,0.42469153912350416,0.7117573900386935,0.40217657042427346,-0.022514968699230697
asap_logd,ASAP,split1,classical,rdkit_desc_lgbm,rdkit_desc_lgbm,tanimoto_ge_0_70,55,7,0.12727272727272726,48,0.42469153912350416,0.7302382735674462,0.3801326403504292,-0.04455889877307495
asap_logd,ASAP,split1,classical,rdkit_desc_lgbm,rdkit_desc_lgbm,tanimoto_ge_0_80,55,6,0.10909090909090909,49,0.42469153912350416,0.7427252382893688,0.38574863718482677,-0.03894290193867739
asap_logd,ASAP,split1,classical,rdkit_desc_lgbm,rdkit_desc_lgbm,tanimoto_ge_0_90,55,4,0.07272727272727272,51,0.42469153912350416,0.7117573900386935,0.40217657042427346,-0.022514968699230697
asap_logd,ASAP,split1,classical,rdkit_desc_lgbm,rdkit_desc_lgbm,tanimoto_ge_0_95,55,4,0.07272727272727272,51,0.42469153912350416,0.7117573900386935,0.40217657042427346,-0.022514968699230697
asap_logd,ASAP,split1,classical,rdkit_desc_rf,rdkit_desc_rf,standardized_exact,55,4,0.07272727272727272,51,0.3948355668337827,0.8216157015345765,0.36136261509254386,-0.03347295174123882
asap_logd,ASAP,split1,classical,rdkit_desc_rf,rdkit_desc_rf,connectivity_inchikey,55,4,0.07272727272727272,51,0.3948355668337827,0.8216157015345765,0.36136261509254386,-0.03347295174123882
asap_logd,ASAP,split1,classical,rdkit_desc_rf,rdkit_desc_rf,tanimoto_ge_0_70,55,7,0.12727272727272726,48,0.3948355668337827,0.6726840746776198,0.35431599277322307,-0.040519574060559616
asap_logd,ASAP,split1,classical,rdkit_desc_rf,rdkit_desc_rf,tanimoto_ge_0_80,55,6,0.10909090909090909,49,0.3948355668337827,0.6515165850796374,0.36340523806898406,-0.03143032876479862
asap_logd,ASAP,split1,classical,rdkit_desc_rf,rdkit_desc_rf,tanimoto_ge_0_90,55,4,0.07272727272727272,51,0.3948355668337827,0.8216157015345765,0.36136261509254386,-0.03347295174123882
asap_logd,ASAP,split1,classical,rdkit_desc_rf,rdkit_desc_rf,tanimoto_ge_0_95,55,4,0.07272727272727272,51,0.3948355668337827,0.8216157015345765,0.36136261509254386,-0.03347295174123882
asap_logd,ASAP,split2,classical,dummy_median,dummy_median,standardized_exact,69,18,0.2608695652173913,51,1.2955072463768116,1.0833333333333335,1.3703921568627453,0.07488491048593371
asap_logd,ASAP,split2,classical,dummy_median,dummy_median,connectivity_inchikey,69,18,0.2608695652173913,51,1.2955072463768116,1.0833333333333335,1.3703921568627453,0.07488491048593371
asap_logd,ASAP,split2,classical,dummy_median,dummy_median,tanimoto_ge_0_70,69,20,0.2898550724637681,49,1.2955072463768116,1.07,1.3875510204081634,0.09204377403135178
asap_logd,ASAP,split2,classical,dummy_median,dummy_median,tanimoto_ge_0_80,69,19,0.2753623188405797,50,1.2955072463768116,1.0894736842105264,1.3738000000000001,0.07829275362318855
asap_logd,ASAP,split2,classical,dummy_median,dummy_median,tanimoto_ge_0_90,69,18,0.2608695652173913,51,1.2955072463768116,1.0833333333333335,1.3703921568627453,0.07488491048593371
asap_logd,ASAP,split2,classical,dummy_median,dummy_median,tanimoto_ge_0_95,69,18,0.2608695652173913,51,1.2955072463768116,1.0833333333333335,1.3703921568627453,0.07488491048593371
asap_logd,ASAP,split2,classical,ecfp4_lgbm,ecfp4_lgbm,standardized_exact,69,18,0.2608695652173913,51,0.7727071181074543,0.669331395678151,0.8091926672001495,0.03648554909269519
asap_logd,ASAP,split2,classical,ecfp4_lgbm,ecfp4_lgbm,connectivity_inchikey,69,18,0.2608695652173913,51,0.7727071181074543,0.669331395678151,0.8091926672001495,0.03648554909269519
asap_logd,ASAP,split2,classical,ecfp4_lgbm,ecfp4_lgbm,tanimoto_ge_0_70,69,20,0.2898550724637681,49,0.7727071181074543,0.6473298726825872,0.8238815039951551,0.051174385887700846
asap_logd,ASAP,split2,classical,ecfp4_lgbm,ecfp4_lgbm,tanimoto_ge_0_80,69,19,0.2753623188405797,50,0.7727071181074543,0.6685437485257877,0.8122891985484876,0.039582080441033285
asap_logd,ASAP,split2,classical,ecfp4_lgbm,ecfp4_lgbm,tanimoto_ge_0_90,69,18,0.2608695652173913,51,0.7727071181074543,0.669331395678151,0.8091926672001495,0.03648554909269519
asap_logd,ASAP,split2,classical,ecfp4_lgbm,ecfp4_lgbm,tanimoto_ge_0_95,69,18,0.2608695652173913,51,0.7727071181074543,0.669331395678151,0.8091926672001495,0.03648554909269519
asap_logd,ASAP,split2,classical,ecfp4_rf,ecfp4_rf,standardized_exact,69,18,0.2608695652173913,51,0.822108485162179,0.7176043915343918,0.8589922829131627,0.036883797750983605
asap_logd,ASAP,split2,classical,ecfp4_rf,ecfp4_rf,connectivity_inchikey,69,18,0.2608695652173913,51,0.822108485162179,0.7176043915343918,0.8589922829131627,0.036883797750983605
asap_logd,ASAP,split2,classical,ecfp4_rf,ecfp4_rf,tanimoto_ge_0_70,69,20,0.2898550724637681,49,0.822108485162179,0.6894016190476193,0.8762745529640402,0.05416606780186117
asap_logd,ASAP,split2,classical,ecfp4_rf,ecfp4_rf,tanimoto_ge_0_80,69,19,0.2753623188405797,50,0.822108485162179,0.7171587218045117,0.8619893952380927,0.039880910075913656
asap_logd,ASAP,split2,classical,ecfp4_rf,ecfp4_rf,tanimoto_ge_0_90,69,18,0.2608695652173913,51,0.822108485162179,0.7176043915343918,0.8589922829131627,0.036883797750983605
asap_logd,ASAP,split2,classical,ecfp4_rf,ecfp4_rf,tanimoto_ge_0_95,69,18,0.2608695652173913,51,0.822108485162179,0.7176043915343918,0.8589922829131627,0.036883797750983605
asap_logd,ASAP,split2,classical,rdkit_desc_lgbm,rdkit_desc_lgbm,standardized_exact,69,18,0.2608695652173913,51,0.7273865513153335,0.6629628855282005,0.7501243157107921,0.022737764395458604
asap_logd,ASAP,split2,classical,rdkit_desc_lgbm,rdkit_desc_lgbm,connectivity_inchikey,69,18,0.2608695652173913,51,0.7273865513153335,0.6629628855282005,0.7501243157107921,0.022737764395458604
asap_logd,ASAP,split2,classical,rdkit_desc_lgbm,rdkit_desc_lgbm,tanimoto_ge_0_70,69,20,0.2898550724637681,49,0.7273865513153335,0.6580130122426909,0.755702281549065,0.028315730233731573
asap_logd,ASAP,split2,classical,rdkit_desc_lgbm,rdkit_desc_lgbm,tanimoto_ge_0_80,69,19,0.2753623188405797,50,0.7273865513153335,0.6742620986783198,0.7475738433173986,0.02018729200206515
asap_logd,ASAP,split2,classical,rdkit_desc_lgbm,rdkit_desc_lgbm,tanimoto_ge_0_90,69,18,0.2608695652173913,51,0.7273865513153335,0.6629628855282005,0.7501243157107921,0.022737764395458604
asap_logd,ASAP,split2,classical,rdkit_desc_lgbm,rdkit_desc_lgbm,tanimoto_ge_0_95,69,18,0.2608695652173913,51,0.7273865513153335,0.6629628855282005,0.7501243157107921,0.022737764395458604
asap_logd,ASAP,split2,classical,rdkit_desc_rf,rdkit_desc_rf,standardized_exact,69,18,0.2608695652173913,51,0.7627130302708557,0.6805190961199299,0.7917226540888292,0.029009623817973562
asap_logd,ASAP,split2,classical,rdkit_desc_rf,rdkit_desc_rf,connectivity_inchikey,69,18,0.2608695652173913,51,0.7627130302708557,0.6805190961199299,0.7917226540888292,0.029009623817973562
asap_logd,ASAP,split2,classical,rdkit_desc_rf,rdkit_desc_rf,tanimoto_ge_0_70,69,20,0.2898550724637681,49,0.7627130302708557,0.6424378531746037,0.8118049392897337,0.049091909018878055
asap_logd,ASAP,split2,classical,rdkit_desc_rf,rdkit_desc_rf,tanimoto_ge_0_80,69,19,0.2753623188405797,50,0.7627130302708557,0.6718496198830416,0.7972411262182247,0.03452809594736905
asap_logd,ASAP,split2,classical,rdkit_desc_rf,rdkit_desc_rf,tanimoto_ge_0_90,69,18,0.2608695652173913,51,0.7627130302708557,0.6805190961199299,0.7917226540888292,0.029009623817973562
asap_logd,ASAP,split2,classical,rdkit_desc_rf,rdkit_desc_rf,tanimoto_ge_0_95,69,18,0.2608695652173913,51,0.7627130302708557,0.6805190961199299,0.7917226540888292,0.029009623817973562
asap_logd,ASAP,split3,classical,dummy_median,dummy_median,standardized_exact,59,5,0.0847457627118644,54,1.283728813559322,1.26,1.285925925925926,0.002197112366604026
asap_logd,ASAP,split3,classical,dummy_median,dummy_median,connectivity_inchikey,59,5,0.0847457627118644,54,1.283728813559322,1.26,1.285925925925926,0.002197112366604026
asap_logd,ASAP,split3,classical,dummy_median,dummy_median,tanimoto_ge_0_70,59,5,0.0847457627118644,54,1.283728813559322,1.26,1.285925925925926,0.002197112366604026
asap_logd,ASAP,split3,classical,dummy_median,dummy_median,tanimoto_ge_0_80,59,5,0.0847457627118644,54,1.283728813559322,1.26,1.285925925925926,0.002197112366604026
asap_logd,ASAP,split3,classical,dummy_median,dummy_median,tanimoto_ge_0_90,59,5,0.0847457627118644,54,1.283728813559322,1.26,1.285925925925926,0.002197112366604026
asap_logd,ASAP,split3,classical,dummy_median,dummy_median,tanimoto_ge_0_95,59,5,0.0847457627118644,54,1.283728813559322,1.26,1.285925925925926,0.002197112366604026
asap_logd,ASAP,split3,classical,ecfp4_lgbm,ecfp4_lgbm,standardized_exact,59,5,0.0847457627118644,54,0.8842519497957028,0.681206727563207,0.9030524333357486,0.01880048354004582
asap_logd,ASAP,split3,classical,ecfp4_lgbm,ecfp4_lgbm,connectivity_inchikey,59,5,0.0847457627118644,54,0.8842519497957028,0.681206727563207,0.9030524333357486,0.01880048354004582
asap_logd,ASAP,split3,classical,ecfp4_lgbm,ecfp4_lgbm,tanimoto_ge_0_70,59,5,0.0847457627118644,54,0.8842519497957028,0.681206727563207,0.9030524333357486,0.01880048354004582
asap_logd,ASAP,split3,classical,ecfp4_lgbm,ecfp4_lgbm,tanimoto_ge_0_80,59,5,0.0847457627118644,54,0.8842519497957028,0.681206727563207,0.9030524333357486,0.01880048354004582
asap_logd,ASAP,split3,classical,ecfp4_lgbm,ecfp4_lgbm,tanimoto_ge_0_90,59,5,0.0847457627118644,54,0.8842519497957028,0.681206727563207,0.9030524333357486,0.01880048354004582
asap_logd,ASAP,split3,classical,ecfp4_lgbm,ecfp4_lgbm,tanimoto_ge_0_95,59,5,0.0847457627118644,54,0.8842519497957028,0.681206727563207,0.9030524333357486,0.01880048354004582
asap_logd,ASAP,split3,classical,ecfp4_rf,ecfp4_rf,standardized_exact,59,5,0.0847457627118644,54,0.9964724138476864,0.7344983153320032,1.0207292748213608,0.02425686097367441
asap_logd,ASAP,split3,classical,ecfp4_rf,ecfp4_rf,connectivity_inchikey,59,5,0.0847457627118644,54,0.9964724138476864,0.7344983153320032,1.0207292748213608,0.02425686097367441
asap_logd,ASAP,split3,classical,ecfp4_rf,ecfp4_rf,tanimoto_ge_0_70,59,5,0.0847457627118644,54,0.9964724138476864,0.7344983153320032,1.0207292748213608,0.02425686097367441
asap_logd,ASAP,split3,classical,ecfp4_rf,ecfp4_rf,tanimoto_ge_0_80,59,5,0.0847457627118644,54,0.9964724138476864,0.7344983153320032,1.0207292748213608,0.02425686097367441
asap_logd,ASAP,split3,classical,ecfp4_rf,ecfp4_rf,tanimoto_ge_0_90,59,5,0.0847457627118644,54,0.9964724138476864,0.7344983153320032,1.0207292748213608,0.02425686097367441
asap_logd,ASAP,split3,classical,ecfp4_rf,ecfp4_rf,tanimoto_ge_0_95,59,5,0.0847457627118644,54,0.9964724138476864,0.7344983153320032,1.0207292748213608,0.02425686097367441
asap_logd,ASAP,split3,classical,rdkit_desc_lgbm,rdkit_desc_lgbm,standardized_exact,59,5,0.0847457627118644,54,0.8349161653185017,0.7364212400792386,0.8440360658036186,0.009119900485116905
asap_logd,ASAP,split3,classical,rdkit_desc_lgbm,rdkit_desc_lgbm,connectivity_inchikey,59,5,0.0847457627118644,54,0.8349161653185017,0.7364212400792386,0.8440360658036186,0.009119900485116905
asap_logd,ASAP,split3,classical,rdkit_desc_lgbm,rdkit_desc_lgbm,tanimoto_ge_0_70,59,5,0.0847457627118644,54,0.8349161653185017,0.7364212400792386,0.8440360658036186,0.009119900485116905
asap_logd,ASAP,split3,classical,rdkit_desc_lgbm,rdkit_desc_lgbm,tanimoto_ge_0_80,59,5,0.0847457627118644,54,0.8349161653185017,0.7364212400792386,0.8440360658036186,0.009119900485116905
asap_logd,ASAP,split3,classical,rdkit_desc_lgbm,rdkit_desc_lgbm,tanimoto_ge_0_90,59,5,0.0847457627118644,54,0.8349161653185017,0.7364212400792386,0.8440360658036186,0.009119900485116905
asap_logd,ASAP,split3,classical,rdkit_desc_lgbm,rdkit_desc_lgbm,tanimoto_ge_0_95,59,5,0.0847457627118644,54,0.8349161653185017,0.7364212400792386,0.8440360658036186,0.009119900485116905
asap_logd,ASAP,split3,classical,rdkit_desc_rf,rdkit_desc_rf,standardized_exact,59,5,0.0847457627118644,54,0.8961912326189664,0.6807480551777069,0.9161396749746386,0.01994844235567217
asap_logd,ASAP,split3,classical,rdkit_desc_rf,rdkit_desc_rf,connectivity_inchikey,59,5,0.0847457627118644,54,0.8961912326189664,0.6807480551777069,0.9161396749746386,0.01994844235567217
asap_logd,ASAP,split3,classical,rdkit_desc_rf,rdkit_desc_rf,tanimoto_ge_0_70,59,5,0.0847457627118644,54,0.8961912326189664,0.6807480551777069,0.9161396749746386,0.01994844235567217
asap_logd,ASAP,split3,classical,rdkit_desc_rf,rdkit_desc_rf,tanimoto_ge_0_80,59,5,0.0847457627118644,54,0.8961912326189664,0.6807480551777069,0.9161396749746386,0.01994844235567217
asap_logd,ASAP,split3,classical,rdkit_desc_rf,rdkit_desc_rf,tanimoto_ge_0_90,59,5,0.0847457627118644,54,0.8961912326189664,0.6807480551777069,0.9161396749746386,0.01994844235567217
asap_logd,ASAP,split3,classical,rdkit_desc_rf,rdkit_desc_rf,tanimoto_ge_0_95,59,5,0.0847457627118644,54,0.8961912326189664,0.6807480551777069,0.9161396749746386,0.01994844235567217
asap_mdr1,ASAP,split1,classical,dummy_median,dummy_median,standardized_exact,56,8,0.14285714285714285,48,0.46963601186452664,0.626134255526737,0.4435529712541583,-0.026083040610368313
asap_mdr1,ASAP,split1,classical,dummy_median,dummy_median,connectivity_inchikey,56,9,0.16071428571428573,47,0.46963601186452664,0.5688679730701032,0.4506341469528204,-0.019001864911706245
asap_mdr1,ASAP,split1,classical,dummy_median,dummy_median,tanimoto_ge_0_70,56,14,0.25,42,0.46963601186452664,0.5396284321190981,0.44630520511300287,-0.02333080675152377
asap_mdr1,ASAP,split1,classical,dummy_median,dummy_median,tanimoto_ge_0_80,56,11,0.19642857142857142,45,0.46963601186452664,0.5328634491143623,0.4541804160923445,-0.01545559577218214
asap_mdr1,ASAP,split1,classical,dummy_median,dummy_median,tanimoto_ge_0_90,56,9,0.16071428571428573,47,0.46963601186452664,0.5688679730701032,0.4506341469528204,-0.019001864911706245
asap_mdr1,ASAP,split1,classical,dummy_median,dummy_median,tanimoto_ge_0_95,56,9,0.16071428571428573,47,0.46963601186452664,0.5688679730701032,0.4506341469528204,-0.019001864911706245
asap_mdr1,ASAP,split1,classical,ecfp4_lgbm,ecfp4_lgbm,standardized_exact,56,8,0.14285714285714285,48,0.40186897991167786,0.5171685407008824,0.3826523864468104,-0.019216593464867482
asap_mdr1,ASAP,split1,classical,ecfp4_lgbm,ecfp4_lgbm,connectivity_inchikey,56,9,0.16071428571428573,47,0.40186897991167786,0.4694026699981819,0.3889369967036238,-0.012931983208054054
asap_mdr1,ASAP,split1,classical,ecfp4_lgbm,ecfp4_lgbm,tanimoto_ge_0_70,56,14,0.25,42,0.40186897991167786,0.41683273903996476,0.39688106020224884,-0.004987919709429023
asap_mdr1,ASAP,split1,classical,ecfp4_lgbm,ecfp4_lgbm,tanimoto_ge_0_80,56,11,0.19642857142857142,45,0.40186897991167786,0.42070774074386397,0.3972639494860322,-0.00460503042564564
asap_mdr1,ASAP,split1,classical,ecfp4_lgbm,ecfp4_lgbm,tanimoto_ge_0_90,56,9,0.16071428571428573,47,0.40186897991167786,0.4694026699981819,0.3889369967036238,-0.012931983208054054
asap_mdr1,ASAP,split1,classical,ecfp4_lgbm,ecfp4_lgbm,tanimoto_ge_0_95,56,9,0.16071428571428573,47,0.40186897991167786,0.4694026699981819,0.3889369967036238,-0.012931983208054054
asap_mdr1,ASAP,split1,classical,ecfp4_rf,ecfp4_rf,standardized_exact,56,8,0.14285714285714285,48,0.38818722319693494,0.5287192021143087,0.36476522671070594,-0.023421996486229002
asap_mdr1,ASAP,split1,classical,ecfp4_rf,ecfp4_rf,connectivity_inchikey,56,9,0.16071428571428573,47,0.38818722319693494,0.47565178511956063,0.3714386900628151,-0.016748533134119836
asap_mdr1,ASAP,split1,classical,ecfp4_rf,ecfp4_rf,tanimoto_ge_0_70,56,14,0.25,42,0.38818722319693494,0.4176090038419603,0.37837996298192644,-0.009807260215008495
asap_mdr1,ASAP,split1,classical,ecfp4_rf,ecfp4_rf,tanimoto_ge_0_80,56,11,0.19642857142857142,45,0.38818722319693494,0.41210071910707885,0.3823417019744553,-0.005845521222479666
asap_mdr1,ASAP,split1,classical,ecfp4_rf,ecfp4_rf,tanimoto_ge_0_90,56,9,0.16071428571428573,47,0.38818722319693494,0.47565178511956063,0.3714386900628151,-0.016748533134119836
asap_mdr1,ASAP,split1,classical,ecfp4_rf,ecfp4_rf,tanimoto_ge_0_95,56,9,0.16071428571428573,47,0.38818722319693494,0.47565178511956063,0.3714386900628151,-0.016748533134119836
asap_mdr1,ASAP,split1,classical,rdkit_desc_lgbm,rdkit_desc_lgbm,standardized_exact,56,8,0.14285714285714285,48,0.39655939461082756,0.42420708929821066,0.39195144549626376,-0.004607949114563803
asap_mdr1,ASAP,split1,classical,rdkit_desc_lgbm,rdkit_desc_lgbm,connectivity_inchikey,56,9,0.16071428571428573,47,0.39655939461082756,0.39689914649919344,0.39649433573858733,-6.505887224023121e-05
asap_mdr1,ASAP,split1,classical,rdkit_desc_lgbm,rdkit_desc_lgbm,tanimoto_ge_0_70,56,14,0.25,42,0.39655939461082756,0.3439188728279956,0.414106235205105,0.017546840594277413
asap_mdr1,ASAP,split1,classical,rdkit_desc_lgbm,rdkit_desc_lgbm,tanimoto_ge_0_80,56,11,0.19642857142857142,45,0.39655939461082756,0.33202562405157887,0.4123343163030885,0.015774921692260913
asap_mdr1,ASAP,split1,classical,rdkit_desc_lgbm,rdkit_desc_lgbm,tanimoto_ge_0_90,56,9,0.16071428571428573,47,0.39655939461082756,0.39689914649919344,0.39649433573858733,-6.505887224023121e-05
asap_mdr1,ASAP,split1,classical,rdkit_desc_lgbm,rdkit_desc_lgbm,tanimoto_ge_0_95,56,9,0.16071428571428573,47,0.39655939461082756,0.39689914649919344,0.39649433573858733,-6.505887224023121e-05
asap_mdr1,ASAP,split1,classical,rdkit_desc_rf,rdkit_desc_rf,standardized_exact,56,8,0.14285714285714285,48,0.4300561300860645,0.4537012180123636,0.42611528209834804,-0.003940847987716489
asap_mdr1,ASAP,split1,classical,rdkit_desc_rf,rdkit_desc_rf,connectivity_inchikey,56,9,0.16071428571428573,47,0.4300561300860645,0.4208046854636118,0.4318276833116407,0.0017715532255761501
asap_mdr1,ASAP,split1,classical,rdkit_desc_rf,rdkit_desc_rf,tanimoto_ge_0_70,56,14,0.25,42,0.4300561300860645,0.3831172452458301,0.4457024250328094,0.015646294946744854
asap_mdr1,ASAP,split1,classical,rdkit_desc_rf,rdkit_desc_rf,tanimoto_ge_0_80,56,11,0.19642857142857142,45,0.4300561300860645,0.37476907619383587,0.4435707432597205,0.013514613173655987
asap_mdr1,ASAP,split1,classical,rdkit_desc_rf,rdkit_desc_rf,tanimoto_ge_0_90,56,9,0.16071428571428573,47,0.4300561300860645,0.4208046854636118,0.4318276833116407,0.0017715532255761501
asap_mdr1,ASAP,split1,classical,rdkit_desc_rf,rdkit_desc_rf,tanimoto_ge_0_95,56,9,0.16071428571428573,47,0.4300561300860645,0.4208046854636118,0.4318276833116407,0.0017715532255761501
asap_mdr1,ASAP,split2,classical,dummy_median,dummy_median,standardized_exact,65,4,0.06153846153846154,61,0.5100632083240909,0.4670404416342119,0.5128843733529355,0.0028211650288445522
asap_mdr1,ASAP,split2,classical,dummy_median,dummy_median,connectivity_inchikey,65,4,0.06153846153846154,61,0.5100632083240909,0.4670404416342119,0.5128843733529355,0.0028211650288445522
asap_mdr1,ASAP,split2,classical,dummy_median,dummy_median,tanimoto_ge_0_70,65,13,0.2,52,0.5100632083240909,0.28922148965693195,0.5652736379908808,0.055210429666789906
asap_mdr1,ASAP,split2,classical,dummy_median,dummy_median,tanimoto_ge_0_80,65,9,0.13846153846153847,56,0.5100632083240909,0.3659501395946369,0.5332242372270389,0.023161028902948022
asap_mdr1,ASAP,split2,classical,dummy_median,dummy_median,tanimoto_ge_0_90,65,4,0.06153846153846154,61,0.5100632083240909,0.4670404416342119,0.5128843733529355,0.0028211650288445522
asap_mdr1,ASAP,split2,classical,dummy_median,dummy_median,tanimoto_ge_0_95,65,4,0.06153846153846154,61,0.5100632083240909,0.4670404416342119,0.5128843733529355,0.0028211650288445522
asap_mdr1,ASAP,split2,classical,ecfp4_lgbm,ecfp4_lgbm,standardized_exact,65,4,0.06153846153846154,61,0.3145293164899785,0.2784094974595389,0.316897829213286,0.0023685127233075143
asap_mdr1,ASAP,split2,classical,ecfp4_lgbm,ecfp4_lgbm,connectivity_inchikey,65,4,0.06153846153846154,61,0.3145293164899785,0.2784094974595389,0.316897829213286,0.0023685127233075143
asap_mdr1,ASAP,split2,classical,ecfp4_lgbm,ecfp4_lgbm,tanimoto_ge_0_70,65,13,0.2,52,0.3145293164899785,0.2112556682683754,0.3403477285453792,0.025818412055400697
asap_mdr1,ASAP,split2,classical,ecfp4_lgbm,ecfp4_lgbm,tanimoto_ge_0_80,65,9,0.13846153846153847,56,0.3145293164899785,0.22818323058072845,0.32840636601110795,0.013877049521129448
asap_mdr1,ASAP,split2,classical,ecfp4_lgbm,ecfp4_lgbm,tanimoto_ge_0_90,65,4,0.06153846153846154,61,0.3145293164899785,0.2784094974595389,0.316897829213286,0.0023685127233075143
asap_mdr1,ASAP,split2,classical,ecfp4_lgbm,ecfp4_lgbm,tanimoto_ge_0_95,65,4,0.06153846153846154,61,0.3145293164899785,0.2784094974595389,0.316897829213286,0.0023685127233075143
asap_mdr1,ASAP,split2,classical,ecfp4_rf,ecfp4_rf,standardized_exact,65,4,0.06153846153846154,61,0.31228204463186493,0.38445572580776133,0.3075493442268882,-0.004732700404976753
asap_mdr1,ASAP,split2,classical,ecfp4_rf,ecfp4_rf,connectivity_inchikey,65,4,0.06153846153846154,61,0.31228204463186493,0.38445572580776133,0.3075493442268882,-0.004732700404976753
asap_mdr1,ASAP,split2,classical,ecfp4_rf,ecfp4_rf,tanimoto_ge_0_70,65,13,0.2,52,0.31228204463186493,0.2290702398459958,0.3330849958283322,0.020802951196467245
asap_mdr1,ASAP,split2,classical,ecfp4_rf,ecfp4_rf,tanimoto_ge_0_80,65,9,0.13846153846153847,56,0.31228204463186493,0.28077198111555607,0.31734616198270027,0.00506411735083534
asap_mdr1,ASAP,split2,classical,ecfp4_rf,ecfp4_rf,tanimoto_ge_0_90,65,4,0.06153846153846154,61,0.31228204463186493,0.38445572580776133,0.3075493442268882,-0.004732700404976753
asap_mdr1,ASAP,split2,classical,ecfp4_rf,ecfp4_rf,tanimoto_ge_0_95,65,4,0.06153846153846154,61,0.31228204463186493,0.38445572580776133,0.3075493442268882,-0.004732700404976753
asap_mdr1,ASAP,split2,classical,rdkit_desc_lgbm,rdkit_desc_lgbm,standardized_exact,65,4,0.06153846153846154,61,0.38164968315551645,0.15843592894039613,0.3962866506450325,0.01463696748951604
asap_mdr1,ASAP,split2,classical,rdkit_desc_lgbm,rdkit_desc_lgbm,connectivity_inchikey,65,4,0.06153846153846154,61,0.38164968315551645,0.15843592894039613,0.3962866506450325,0.01463696748951604
asap_mdr1,ASAP,split2,classical,rdkit_desc_lgbm,rdkit_desc_lgbm,tanimoto_ge_0_70,65,13,0.2,52,0.38164968315551645,0.14190205159207944,0.44158659104637565,0.0599369078908592
asap_mdr1,ASAP,split2,classical,rdkit_desc_lgbm,rdkit_desc_lgbm,tanimoto_ge_0_80,65,9,0.13846153846153847,56,0.38164968315551645,0.1337320596176254,0.42149358693839173,0.03984390378287528
asap_mdr1,ASAP,split2,classical,rdkit_desc_lgbm,rdkit_desc_lgbm,tanimoto_ge_0_90,65,4,0.06153846153846154,61,0.38164968315551645,0.15843592894039613,0.3962866506450325,0.01463696748951604
asap_mdr1,ASAP,split2,classical,rdkit_desc_lgbm,rdkit_desc_lgbm,tanimoto_ge_0_95,65,4,0.06153846153846154,61,0.38164968315551645,0.15843592894039613,0.3962866506450325,0.01463696748951604
asap_mdr1,ASAP,split2,classical,rdkit_desc_rf,rdkit_desc_rf,standardized_exact,65,4,0.06153846153846154,61,0.40631588979247396,0.19527949091508834,0.42015434217787634,0.013838452385402378
asap_mdr1,ASAP,split2,classical,rdkit_desc_rf,rdkit_desc_rf,connectivity_inchikey,65,4,0.06153846153846154,61,0.40631588979247396,0.19527949091508834,0.42015434217787634,0.013838452385402378
asap_mdr1,ASAP,split2,classical,rdkit_desc_rf,rdkit_desc_rf,tanimoto_ge_0_70,65,13,0.2,52,0.40631588979247396,0.17935474303148632,0.4630561764827209,0.056740286690246944
asap_mdr1,ASAP,split2,classical,rdkit_desc_rf,rdkit_desc_rf,tanimoto_ge_0_80,65,9,0.13846153846153847,56,0.40631588979247396,0.18897440685695022,0.44124577097854034,0.03492988118606638
asap_mdr1,ASAP,split2,classical,rdkit_desc_rf,rdkit_desc_rf,tanimoto_ge_0_90,65,4,0.06153846153846154,61,0.40631588979247396,0.19527949091508834,0.42015434217787634,0.013838452385402378
asap_mdr1,ASAP,split2,classical,rdkit_desc_rf,rdkit_desc_rf,tanimoto_ge_0_95,65,4,0.06153846153846154,61,0.40631588979247396,0.19527949091508834,0.42015434217787634,0.013838452385402378
asap_mdr1,ASAP,split3,classical,dummy_median,dummy_median,standardized_exact,51,5,0.09803921568627451,46,0.48734897094841245,0.3866426574932131,0.49829530936745586,0.010946338419043411
asap_mdr1,ASAP,split3,classical,dummy_median,dummy_median,connectivity_inchikey,51,5,0.09803921568627451,46,0.48734897094841245,0.3866426574932131,0.49829530936745586,0.010946338419043411
asap_mdr1,ASAP,split3,classical,dummy_median,dummy_median,tanimoto_ge_0_70,51,5,0.09803921568627451,46,0.48734897094841245,0.3866426574932131,0.49829530936745586,0.010946338419043411
asap_mdr1,ASAP,split3,classical,dummy_median,dummy_median,tanimoto_ge_0_80,51,5,0.09803921568627451,46,0.48734897094841245,0.3866426574932131,0.49829530936745586,0.010946338419043411
asap_mdr1,ASAP,split3,classical,dummy_median,dummy_median,tanimoto_ge_0_90,51,5,0.09803921568627451,46,0.48734897094841245,0.3866426574932131,0.49829530936745586,0.010946338419043411
asap_mdr1,ASAP,split3,classical,dummy_median,dummy_median,tanimoto_ge_0_95,51,5,0.09803921568627451,46,0.48734897094841245,0.3866426574932131,0.49829530936745586,0.010946338419043411
asap_mdr1,ASAP,split3,classical,ecfp4_lgbm,ecfp4_lgbm,standardized_exact,51,5,0.09803921568627451,46,0.3153911910522553,0.3076397975355611,0.3162337338258091,0.0008425427735537783
asap_mdr1,ASAP,split3,classical,ecfp4_lgbm,ecfp4_lgbm,connectivity_inchikey,51,5,0.09803921568627451,46,0.3153911910522553,0.3076397975355611,0.3162337338258091,0.0008425427735537783
asap_mdr1,ASAP,split3,classical,ecfp4_lgbm,ecfp4_lgbm,tanimoto_ge_0_70,51,5,0.09803921568627451,46,0.3153911910522553,0.3076397975355611,0.3162337338258091,0.0008425427735537783
asap_mdr1,ASAP,split3,classical,ecfp4_lgbm,ecfp4_lgbm,tanimoto_ge_0_80,51,5,0.09803921568627451,46,0.3153911910522553,0.3076397975355611,0.3162337338258091,0.0008425427735537783
asap_mdr1,ASAP,split3,classical,ecfp4_lgbm,ecfp4_lgbm,tanimoto_ge_0_90,51,5,0.09803921568627451,46,0.3153911910522553,0.3076397975355611,0.3162337338258091,0.0008425427735537783
asap_mdr1,ASAP,split3,classical,ecfp4_lgbm,ecfp4_lgbm,tanimoto_ge_0_95,51,5,0.09803921568627451,46,0.3153911910522553,0.3076397975355611,0.3162337338258091,0.0008425427735537783
asap_mdr1,ASAP,split3,classical,ecfp4_rf,ecfp4_rf,standardized_exact,51,5,0.09803921568627451,46,0.3018849465613566,0.3004003990213316,0.3020463104244029,0.00016136386304627104
asap_mdr1,ASAP,split3,classical,ecfp4_rf,ecfp4_rf,connectivity_inchikey,51,5,0.09803921568627451,46,0.3018849465613566,0.3004003990213316,0.3020463104244029,0.00016136386304627104
asap_mdr1,ASAP,split3,classical,ecfp4_rf,ecfp4_rf,tanimoto_ge_0_70,51,5,0.09803921568627451,46,0.3018849465613566,0.3004003990213316,0.3020463104244029,0.00016136386304627104
asap_mdr1,ASAP,split3,classical,ecfp4_rf,ecfp4_rf,tanimoto_ge_0_80,51,5,0.09803921568627451,46,0.3018849465613566,0.3004003990213316,0.3020463104244029,0.00016136386304627104
asap_mdr1,ASAP,split3,classical,ecfp4_rf,ecfp4_rf,tanimoto_ge_0_90,51,5,0.09803921568627451,46,0.3018849465613566,0.3004003990213316,0.3020463104244029,0.00016136386304627104
asap_mdr1,ASAP,split3,classical,ecfp4_rf,ecfp4_rf,tanimoto_ge_0_95,51,5,0.09803921568627451,46,0.3018849465613566,0.3004003990213316,0.3020463104244029,0.00016136386304627104
asap_mdr1,ASAP,split3,classical,rdkit_desc_lgbm,rdkit_desc_lgbm,standardized_exact,51,5,0.09803921568627451,46,0.3535594500574532,0.24739543687093146,0.3650990167081621,0.011539566650708877
asap_mdr1,ASAP,split3,classical,rdkit_desc_lgbm,rdkit_desc_lgbm,connectivity_inchikey,51,5,0.09803921568627451,46,0.3535594500574532,0.24739543687093146,0.3650990167081621,0.011539566650708877
asap_mdr1,ASAP,split3,classical,rdkit_desc_lgbm,rdkit_desc_lgbm,tanimoto_ge_0_70,51,5,0.09803921568627451,46,0.3535594500574532,0.24739543687093146,0.3650990167081621,0.011539566650708877
asap_mdr1,ASAP,split3,classical,rdkit_desc_lgbm,rdkit_desc_lgbm,tanimoto_ge_0_80,51,5,0.09803921568627451,46,0.3535594500574532,0.24739543687093146,0.3650990167081621,0.011539566650708877
asap_mdr1,ASAP,split3,classical,rdkit_desc_lgbm,rdkit_desc_lgbm,tanimoto_ge_0_90,51,5,0.09803921568627451,46,0.3535594500574532,0.24739543687093146,0.3650990167081621,0.011539566650708877
asap_mdr1,ASAP,split3,classical,rdkit_desc_lgbm,rdkit_desc_lgbm,tanimoto_ge_0_95,51,5,0.09803921568627451,46,0.3535594500574532,0.24739543687093146,0.3650990167081621,0.011539566650708877
asap_mdr1,ASAP,split3,classical,rdkit_desc_rf,rdkit_desc_rf,standardized_exact,51,5,0.09803921568627451,46,0.3614283517909703,0.33900161252327815,0.3638660408418064,0.0024376890508360782
asap_mdr1,ASAP,split3,classical,rdkit_desc_rf,rdkit_desc_rf,connectivity_inchikey,51,5,0.09803921568627451,46,0.3614283517909703,0.33900161252327815,0.3638660408418064,0.0024376890508360782
asap_mdr1,ASAP,split3,classical,rdkit_desc_rf,rdkit_desc_rf,tanimoto_ge_0_70,51,5,0.09803921568627451,46,0.3614283517909703,0.33900161252327815,0.3638660408418064,0.0024376890508360782
asap_mdr1,ASAP,split3,classical,rdkit_desc_rf,rdkit_desc_rf,tanimoto_ge_0_80,51,5,0.09803921568627451,46,0.3614283517909703,0.33900161252327815,0.3638660408418064,0.0024376890508360782
asap_mdr1,ASAP,split3,classical,rdkit_desc_rf,rdkit_desc_rf,tanimoto_ge_0_90,51,5,0.09803921568627451,46,0.3614283517909703,0.33900161252327815,0.3638660408418064,0.0024376890508360782
asap_mdr1,ASAP,split3,classical,rdkit_desc_rf,rdkit_desc_rf,tanimoto_ge_0_95,51,5,0.09803921568627451,46,0.3614283517909703,0.33900161252327815,0.3638660408418064,0.0024376890508360782
asap_mers,ASAP,split1,classical,dummy_median,dummy_median,standardized_exact,81,0,0.0,81,0.6900000000000001,,0.6900000000000001,0.0
asap_mers,ASAP,split1,classical,dummy_median,dummy_median,connectivity_inchikey,81,0,0.0,81,0.6900000000000001,,0.6900000000000001,0.0
asap_mers,ASAP,split1,classical,dummy_median,dummy_median,tanimoto_ge_0_70,81,0,0.0,81,0.6900000000000001,,0.6900000000000001,0.0
asap_mers,ASAP,split1,classical,dummy_median,dummy_median,tanimoto_ge_0_80,81,0,0.0,81,0.6900000000000001,,0.6900000000000001,0.0
asap_mers,ASAP,split1,classical,dummy_median,dummy_median,tanimoto_ge_0_90,81,0,0.0,81,0.6900000000000001,,0.6900000000000001,0.0
asap_mers,ASAP,split1,classical,dummy_median,dummy_median,tanimoto_ge_0_95,81,0,0.0,81,0.6900000000000001,,0.6900000000000001,0.0
asap_mers,ASAP,split1,classical,ecfp4_lgbm,ecfp4_lgbm,standardized_exact,81,0,0.0,81,0.6737595841255526,,0.6737595841255526,0.0
asap_mers,ASAP,split1,classical,ecfp4_lgbm,ecfp4_lgbm,connectivity_inchikey,81,0,0.0,81,0.6737595841255526,,0.6737595841255526,0.0
asap_mers,ASAP,split1,classical,ecfp4_lgbm,ecfp4_lgbm,tanimoto_ge_0_70,81,0,0.0,81,0.6737595841255526,,0.6737595841255526,0.0
asap_mers,ASAP,split1,classical,ecfp4_lgbm,ecfp4_lgbm,tanimoto_ge_0_80,81,0,0.0,81,0.6737595841255526,,0.6737595841255526,0.0
asap_mers,ASAP,split1,classical,ecfp4_lgbm,ecfp4_lgbm,tanimoto_ge_0_90,81,0,0.0,81,0.6737595841255526,,0.6737595841255526,0.0
asap_mers,ASAP,split1,classical,ecfp4_lgbm,ecfp4_lgbm,tanimoto_ge_0_95,81,0,0.0,81,0.6737595841255526,,0.6737595841255526,0.0
asap_mers,ASAP,split1,classical,ecfp4_rf,ecfp4_rf,standardized_exact,81,0,0.0,81,0.6718173202083846,,0.6718173202083846,0.0
asap_mers,ASAP,split1,classical,ecfp4_rf,ecfp4_rf,connectivity_inchikey,81,0,0.0,81,0.6718173202083846,,0.6718173202083846,0.0
asap_mers,ASAP,split1,classical,ecfp4_rf,ecfp4_rf,tanimoto_ge_0_70,81,0,0.0,81,0.6718173202083846,,0.6718173202083846,0.0
asap_mers,ASAP,split1,classical,ecfp4_rf,ecfp4_rf,tanimoto_ge_0_80,81,0,0.0,81,0.6718173202083846,,0.6718173202083846,0.0
asap_mers,ASAP,split1,classical,ecfp4_rf,ecfp4_rf,tanimoto_ge_0_90,81,0,0.0,81,0.6718173202083846,,0.6718173202083846,0.0
asap_mers,ASAP,split1,classical,ecfp4_rf,ecfp4_rf,tanimoto_ge_0_95,81,0,0.0,81,0.6718173202083846,,0.6718173202083846,0.0
asap_mers,ASAP,split1,classical,rdkit_desc_lgbm,rdkit_desc_lgbm,standardized_exact,81,0,0.0,81,0.7157915375884872,,0.7157915375884872,0.0
asap_mers,ASAP,split1,classical,rdkit_desc_lgbm,rdkit_desc_lgbm,connectivity_inchikey,81,0,0.0,81,0.7157915375884872,,0.7157915375884872,0.0
asap_mers,ASAP,split1,classical,rdkit_desc_lgbm,rdkit_desc_lgbm,tanimoto_ge_0_70,81,0,0.0,81,0.7157915375884872,,0.7157915375884872,0.0
asap_mers,ASAP,split1,classical,rdkit_desc_lgbm,rdkit_desc_lgbm,tanimoto_ge_0_80,81,0,0.0,81,0.7157915375884872,,0.7157915375884872,0.0
asap_mers,ASAP,split1,classical,rdkit_desc_lgbm,rdkit_desc_lgbm,tanimoto_ge_0_90,81,0,0.0,81,0.7157915375884872,,0.7157915375884872,0.0
asap_mers,ASAP,split1,classical,rdkit_desc_lgbm,rdkit_desc_lgbm,tanimoto_ge_0_95,81,0,0.0,81,0.7157915375884872,,0.7157915375884872,0.0
asap_mers,ASAP,split1,classical,rdkit_desc_rf,rdkit_desc_rf,standardized_exact,81,0,0.0,81,0.6849189907867714,,0.6849189907867714,0.0
asap_mers,ASAP,split1,classical,rdkit_desc_rf,rdkit_desc_rf,connectivity_inchikey,81,0,0.0,81,0.6849189907867714,,0.6849189907867714,0.0
asap_mers,ASAP,split1,classical,rdkit_desc_rf,rdkit_desc_rf,tanimoto_ge_0_70,81,0,0.0,81,0.6849189907867714,,0.6849189907867714,0.0
asap_mers,ASAP,split1,classical,rdkit_desc_rf,rdkit_desc_rf,tanimoto_ge_0_80,81,0,0.0,81,0.6849189907867714,,0.6849189907867714,0.0
asap_mers,ASAP,split1,classical,rdkit_desc_rf,rdkit_desc_rf,tanimoto_ge_0_90,81,0,0.0,81,0.6849189907867714,,0.6849189907867714,0.0
asap_mers,ASAP,split1,classical,rdkit_desc_rf,rdkit_desc_rf,tanimoto_ge_0_95,81,0,0.0,81,0.6849189907867714,,0.6849189907867714,0.0
asap_mers,ASAP,split2,classical,dummy_median,dummy_median,standardized_exact,118,0,0.0,118,0.5996610169491524,,0.5996610169491524,0.0
asap_mers,ASAP,split2,classical,dummy_median,dummy_median,connectivity_inchikey,118,0,0.0,118,0.5996610169491524,,0.5996610169491524,0.0
asap_mers,ASAP,split2,classical,dummy_median,dummy_median,tanimoto_ge_0_70,118,2,0.01694915254237288,116,0.5996610169491524,1.2300000000000004,0.5887931034482758,-0.01086791350087657
asap_mers,ASAP,split2,classical,dummy_median,dummy_median,tanimoto_ge_0_80,118,0,0.0,118,0.5996610169491524,,0.5996610169491524,0.0
asap_mers,ASAP,split2,classical,dummy_median,dummy_median,tanimoto_ge_0_90,118,0,0.0,118,0.5996610169491524,,0.5996610169491524,0.0
asap_mers,ASAP,split2,classical,dummy_median,dummy_median,tanimoto_ge_0_95,118,0,0.0,118,0.5996610169491524,,0.5996610169491524,0.0
asap_mers,ASAP,split2,classical,ecfp4_lgbm,ecfp4_lgbm,standardized_exact,118,0,0.0,118,0.48944791953717093,,0.48944791953717093,0.0
asap_mers,ASAP,split2,classical,ecfp4_lgbm,ecfp4_lgbm,connectivity_inchikey,118,0,0.0,118,0.48944791953717093,,0.48944791953717093,0.0
asap_mers,ASAP,split2,classical,ecfp4_lgbm,ecfp4_lgbm,tanimoto_ge_0_70,118,2,0.01694915254237288,116,0.48944791953717093,1.3271999200038298,0.4750039195291251,-0.014444000008045854
asap_mers,ASAP,split2,classical,ecfp4_lgbm,ecfp4_lgbm,tanimoto_ge_0_80,118,0,0.0,118,0.48944791953717093,,0.48944791953717093,0.0
asap_mers,ASAP,split2,classical,ecfp4_lgbm,ecfp4_lgbm,tanimoto_ge_0_90,118,0,0.0,118,0.48944791953717093,,0.48944791953717093,0.0
asap_mers,ASAP,split2,classical,ecfp4_lgbm,ecfp4_lgbm,tanimoto_ge_0_95,118,0,0.0,118,0.48944791953717093,,0.48944791953717093,0.0
asap_mers,ASAP,split2,classical,ecfp4_rf,ecfp4_rf,standardized_exact,118,0,0.0,118,0.5382847259825853,,0.5382847259825853,0.0
asap_mers,ASAP,split2,classical,ecfp4_rf,ecfp4_rf,connectivity_inchikey,118,0,0.0,118,0.5382847259825853,,0.5382847259825853,0.0
asap_mers,ASAP,split2,classical,ecfp4_rf,ecfp4_rf,tanimoto_ge_0_70,118,2,0.01694915254237288,116,0.5382847259825853,1.2278999761904772,0.5263948078755526,-0.01188991810703266
asap_mers,ASAP,split2,classical,ecfp4_rf,ecfp4_rf,tanimoto_ge_0_80,118,0,0.0,118,0.5382847259825853,,0.5382847259825853,0.0
asap_mers,ASAP,split2,classical,ecfp4_rf,ecfp4_rf,tanimoto_ge_0_90,118,0,0.0,118,0.5382847259825853,,0.5382847259825853,0.0
asap_mers,ASAP,split2,classical,ecfp4_rf,ecfp4_rf,tanimoto_ge_0_95,118,0,0.0,118,0.5382847259825853,,0.5382847259825853,0.0
asap_mers,ASAP,split2,classical,rdkit_desc_lgbm,rdkit_desc_lgbm,standardized_exact,118,0,0.0,118,0.4853846863384192,,0.4853846863384192,0.0
asap_mers,ASAP,split2,classical,rdkit_desc_lgbm,rdkit_desc_lgbm,connectivity_inchikey,118,0,0.0,118,0.4853846863384192,,0.4853846863384192,0.0
asap_mers,ASAP,split2,classical,rdkit_desc_lgbm,rdkit_desc_lgbm,tanimoto_ge_0_70,118,2,0.01694915254237288,116,0.4853846863384192,1.425019994658511,0.46918407757427977,-0.016200608764139424
asap_mers,ASAP,split2,classical,rdkit_desc_lgbm,rdkit_desc_lgbm,tanimoto_ge_0_80,118,0,0.0,118,0.4853846863384192,,0.4853846863384192,0.0
asap_mers,ASAP,split2,classical,rdkit_desc_lgbm,rdkit_desc_lgbm,tanimoto_ge_0_90,118,0,0.0,118,0.4853846863384192,,0.4853846863384192,0.0
asap_mers,ASAP,split2,classical,rdkit_desc_lgbm,rdkit_desc_lgbm,tanimoto_ge_0_95,118,0,0.0,118,0.4853846863384192,,0.4853846863384192,0.0
asap_mers,ASAP,split2,classical,rdkit_desc_rf,rdkit_desc_rf,standardized_exact,118,0,0.0,118,0.5244356966079189,,0.5244356966079189,0.0
asap_mers,ASAP,split2,classical,rdkit_desc_rf,rdkit_desc_rf,connectivity_inchikey,118,0,0.0,118,0.5244356966079189,,0.5244356966079189,0.0
asap_mers,ASAP,split2,classical,rdkit_desc_rf,rdkit_desc_rf,tanimoto_ge_0_70,118,2,0.01694915254237288,116,0.5244356966079189,1.3749104584516765,0.5097723386450955,-0.014663357962823365
asap_mers,ASAP,split2,classical,rdkit_desc_rf,rdkit_desc_rf,tanimoto_ge_0_80,118,0,0.0,118,0.5244356966079189,,0.5244356966079189,0.0
asap_mers,ASAP,split2,classical,rdkit_desc_rf,rdkit_desc_rf,tanimoto_ge_0_90,118,0,0.0,118,0.5244356966079189,,0.5244356966079189,0.0
asap_mers,ASAP,split2,classical,rdkit_desc_rf,rdkit_desc_rf,tanimoto_ge_0_95,118,0,0.0,118,0.5244356966079189,,0.5244356966079189,0.0
asap_mers,ASAP,split3,classical,dummy_median,dummy_median,standardized_exact,118,0,0.0,118,0.4838135593220338,,0.4838135593220338,0.0
asap_mers,ASAP,split3,classical,dummy_median,dummy_median,connectivity_inchikey,118,0,0.0,118,0.4838135593220338,,0.4838135593220338,0.0
asap_mers,ASAP,split3,classical,dummy_median,dummy_median,tanimoto_ge_0_70,118,0,0.0,118,0.4838135593220338,,0.4838135593220338,0.0
asap_mers,ASAP,split3,classical,dummy_median,dummy_median,tanimoto_ge_0_80,118,0,0.0,118,0.4838135593220338,,0.4838135593220338,0.0
asap_mers,ASAP,split3,classical,dummy_median,dummy_median,tanimoto_ge_0_90,118,0,0.0,118,0.4838135593220338,,0.4838135593220338,0.0
asap_mers,ASAP,split3,classical,dummy_median,dummy_median,tanimoto_ge_0_95,118,0,0.0,118,0.4838135593220338,,0.4838135593220338,0.0
asap_mers,ASAP,split3,classical,ecfp4_lgbm,ecfp4_lgbm,standardized_exact,118,0,0.0,118,0.4985527361582794,,0.4985527361582794,0.0
asap_mers,ASAP,split3,classical,ecfp4_lgbm,ecfp4_lgbm,connectivity_inchikey,118,0,0.0,118,0.4985527361582794,,0.4985527361582794,0.0
asap_mers,ASAP,split3,classical,ecfp4_lgbm,ecfp4_lgbm,tanimoto_ge_0_70,118,0,0.0,118,0.4985527361582794,,0.4985527361582794,0.0
asap_mers,ASAP,split3,classical,ecfp4_lgbm,ecfp4_lgbm,tanimoto_ge_0_80,118,0,0.0,118,0.4985527361582794,,0.4985527361582794,0.0
asap_mers,ASAP,split3,classical,ecfp4_lgbm,ecfp4_lgbm,tanimoto_ge_0_90,118,0,0.0,118,0.4985527361582794,,0.4985527361582794,0.0
asap_mers,ASAP,split3,classical,ecfp4_lgbm,ecfp4_lgbm,tanimoto_ge_0_95,118,0,0.0,118,0.4985527361582794,,0.4985527361582794,0.0
asap_mers,ASAP,split3,classical,ecfp4_rf,ecfp4_rf,standardized_exact,118,0,0.0,118,0.5342274365400855,,0.5342274365400855,0.0
asap_mers,ASAP,split3,classical,ecfp4_rf,ecfp4_rf,connectivity_inchikey,118,0,0.0,118,0.5342274365400855,,0.5342274365400855,0.0
asap_mers,ASAP,split3,classical,ecfp4_rf,ecfp4_rf,tanimoto_ge_0_70,118,0,0.0,118,0.5342274365400855,,0.5342274365400855,0.0
asap_mers,ASAP,split3,classical,ecfp4_rf,ecfp4_rf,tanimoto_ge_0_80,118,0,0.0,118,0.5342274365400855,,0.5342274365400855,0.0
asap_mers,ASAP,split3,classical,ecfp4_rf,ecfp4_rf,tanimoto_ge_0_90,118,0,0.0,118,0.5342274365400855,,0.5342274365400855,0.0
asap_mers,ASAP,split3,classical,ecfp4_rf,ecfp4_rf,tanimoto_ge_0_95,118,0,0.0,118,0.5342274365400855,,0.5342274365400855,0.0
asap_mers,ASAP,split3,classical,rdkit_desc_lgbm,rdkit_desc_lgbm,standardized_exact,118,0,0.0,118,0.5041295193400677,,0.5041295193400677,0.0
asap_mers,ASAP,split3,classical,rdkit_desc_lgbm,rdkit_desc_lgbm,connectivity_inchikey,118,0,0.0,118,0.5041295193400677,,0.5041295193400677,0.0
asap_mers,ASAP,split3,classical,rdkit_desc_lgbm,rdkit_desc_lgbm,tanimoto_ge_0_70,118,0,0.0,118,0.5041295193400677,,0.5041295193400677,0.0
asap_mers,ASAP,split3,classical,rdkit_desc_lgbm,rdkit_desc_lgbm,tanimoto_ge_0_80,118,0,0.0,118,0.5041295193400677,,0.5041295193400677,0.0
asap_mers,ASAP,split3,classical,rdkit_desc_lgbm,rdkit_desc_lgbm,tanimoto_ge_0_90,118,0,0.0,118,0.5041295193400677,,0.5041295193400677,0.0
asap_mers,ASAP,split3,classical,rdkit_desc_lgbm,rdkit_desc_lgbm,tanimoto_ge_0_95,118,0,0.0,118,0.5041295193400677,,0.5041295193400677,0.0
asap_mers,ASAP,split3,classical,rdkit_desc_rf,rdkit_desc_rf,standardized_exact,118,0,0.0,118,0.5338751569636828,,0.5338751569636828,0.0
asap_mers,ASAP,split3,classical,rdkit_desc_rf,rdkit_desc_rf,connectivity_inchikey,118,0,0.0,118,0.5338751569636828,,0.5338751569636828,0.0
asap_mers,ASAP,split3,classical,rdkit_desc_rf,rdkit_desc_rf,tanimoto_ge_0_70,118,0,0.0,118,0.5338751569636828,,0.5338751569636828,0.0
asap_mers,ASAP,split3,classical,rdkit_desc_rf,rdkit_desc_rf,tanimoto_ge_0_80,118,0,0.0,118,0.5338751569636828,,0.5338751569636828,0.0
asap_mers,ASAP,split3,classical,rdkit_desc_rf,rdkit_desc_rf,tanimoto_ge_0_90,118,0,0.0,118,0.5338751569636828,,0.5338751569636828,0.0
asap_mers,ASAP,split3,classical,rdkit_desc_rf,rdkit_desc_rf,tanimoto_ge_0_95,118,0,0.0,118,0.5338751569636828,,0.5338751569636828,0.0
asap_mlm,ASAP,split1,classical,dummy_median,dummy_median,standardized_exact,62,1,0.016129032258064516,61,0.5315033725274434,0.577180898499364,0.5307545606262644,-0.0007488119011790362
asap_mlm,ASAP,split1,classical,dummy_median,dummy_median,connectivity_inchikey,62,1,0.016129032258064516,61,0.5315033725274434,0.577180898499364,0.5307545606262644,-0.0007488119011790362
asap_mlm,ASAP,split1,classical,dummy_median,dummy_median,tanimoto_ge_0_70,62,1,0.016129032258064516,61,0.5315033725274434,0.577180898499364,0.5307545606262644,-0.0007488119011790362
asap_mlm,ASAP,split1,classical,dummy_median,dummy_median,tanimoto_ge_0_80,62,1,0.016129032258064516,61,0.5315033725274434,0.577180898499364,0.5307545606262644,-0.0007488119011790362
asap_mlm,ASAP,split1,classical,dummy_median,dummy_median,tanimoto_ge_0_90,62,1,0.016129032258064516,61,0.5315033725274434,0.577180898499364,0.5307545606262644,-0.0007488119011790362
asap_mlm,ASAP,split1,classical,dummy_median,dummy_median,tanimoto_ge_0_95,62,1,0.016129032258064516,61,0.5315033725274434,0.577180898499364,0.5307545606262644,-0.0007488119011790362
asap_mlm,ASAP,split1,classical,ecfp4_lgbm,ecfp4_lgbm,standardized_exact,62,1,0.016129032258064516,61,0.44823271204845,0.3549074780476369,0.4497626339173158,0.0015299218688658023
asap_mlm,ASAP,split1,classical,ecfp4_lgbm,ecfp4_lgbm,connectivity_inchikey,62,1,0.016129032258064516,61,0.44823271204845,0.3549074780476369,0.4497626339173158,0.0015299218688658023
asap_mlm,ASAP,split1,classical,ecfp4_lgbm,ecfp4_lgbm,tanimoto_ge_0_70,62,1,0.016129032258064516,61,0.44823271204845,0.3549074780476369,0.4497626339173158,0.0015299218688658023
asap_mlm,ASAP,split1,classical,ecfp4_lgbm,ecfp4_lgbm,tanimoto_ge_0_80,62,1,0.016129032258064516,61,0.44823271204845,0.3549074780476369,0.4497626339173158,0.0015299218688658023
asap_mlm,ASAP,split1,classical,ecfp4_lgbm,ecfp4_lgbm,tanimoto_ge_0_90,62,1,0.016129032258064516,61,0.44823271204845,0.3549074780476369,0.4497626339173158,0.0015299218688658023
asap_mlm,ASAP,split1,classical,ecfp4_lgbm,ecfp4_lgbm,tanimoto_ge_0_95,62,1,0.016129032258064516,61,0.44823271204845,0.3549074780476369,0.4497626339173158,0.0015299218688658023
asap_mlm,ASAP,split1,classical,ecfp4_rf,ecfp4_rf,standardized_exact,62,1,0.016129032258064516,61,0.5014021440311891,0.4539840336400629,0.5021794901031748,0.0007773460719856518
asap_mlm,ASAP,split1,classical,ecfp4_rf,ecfp4_rf,connectivity_inchikey,62,1,0.016129032258064516,61,0.5014021440311891,0.4539840336400629,0.5021794901031748,0.0007773460719856518
asap_mlm,ASAP,split1,classical,ecfp4_rf,ecfp4_rf,tanimoto_ge_0_70,62,1,0.016129032258064516,61,0.5014021440311891,0.4539840336400629,0.5021794901031748,0.0007773460719856518
asap_mlm,ASAP,split1,classical,ecfp4_rf,ecfp4_rf,tanimoto_ge_0_80,62,1,0.016129032258064516,61,0.5014021440311891,0.4539840336400629,0.5021794901031748,0.0007773460719856518
asap_mlm,ASAP,split1,classical,ecfp4_rf,ecfp4_rf,tanimoto_ge_0_90,62,1,0.016129032258064516,61,0.5014021440311891,0.4539840336400629,0.5021794901031748,0.0007773460719856518
asap_mlm,ASAP,split1,classical,ecfp4_rf,ecfp4_rf,tanimoto_ge_0_95,62,1,0.016129032258064516,61,0.5014021440311891,0.4539840336400629,0.5021794901031748,0.0007773460719856518
asap_mlm,ASAP,split1,classical,rdkit_desc_lgbm,rdkit_desc_lgbm,standardized_exact,62,1,0.016129032258064516,61,0.4674423967280188,0.7423822306130763,0.46293518633646047,-0.004507210391558325
asap_mlm,ASAP,split1,classical,rdkit_desc_lgbm,rdkit_desc_lgbm,connectivity_inchikey,62,1,0.016129032258064516,61,0.4674423967280188,0.7423822306130763,0.46293518633646047,-0.004507210391558325
asap_mlm,ASAP,split1,classical,rdkit_desc_lgbm,rdkit_desc_lgbm,tanimoto_ge_0_70,62,1,0.016129032258064516,61,0.4674423967280188,0.7423822306130763,0.46293518633646047,-0.004507210391558325
asap_mlm,ASAP,split1,classical,rdkit_desc_lgbm,rdkit_desc_lgbm,tanimoto_ge_0_80,62,1,0.016129032258064516,61,0.4674423967280188,0.7423822306130763,0.46293518633646047,-0.004507210391558325
asap_mlm,ASAP,split1,classical,rdkit_desc_lgbm,rdkit_desc_lgbm,tanimoto_ge_0_90,62,1,0.016129032258064516,61,0.4674423967280188,0.7423822306130763,0.46293518633646047,-0.004507210391558325
asap_mlm,ASAP,split1,classical,rdkit_desc_lgbm,rdkit_desc_lgbm,tanimoto_ge_0_95,62,1,0.016129032258064516,61,0.4674423967280188,0.7423822306130763,0.46293518633646047,-0.004507210391558325
asap_mlm,ASAP,split1,classical,rdkit_desc_rf,rdkit_desc_rf,standardized_exact,62,1,0.016129032258064516,61,0.4670772096479644,0.76053741192572,0.4622663866598045,-0.00481082298815988
asap_mlm,ASAP,split1,classical,rdkit_desc_rf,rdkit_desc_rf,connectivity_inchikey,62,1,0.016129032258064516,61,0.4670772096479644,0.76053741192572,0.4622663866598045,-0.00481082298815988
asap_mlm,ASAP,split1,classical,rdkit_desc_rf,rdkit_desc_rf,tanimoto_ge_0_70,62,1,0.016129032258064516,61,0.4670772096479644,0.76053741192572,0.4622663866598045,-0.00481082298815988
asap_mlm,ASAP,split1,classical,rdkit_desc_rf,rdkit_desc_rf,tanimoto_ge_0_80,62,1,0.016129032258064516,61,0.4670772096479644,0.76053741192572,0.4622663866598045,-0.00481082298815988
asap_mlm,ASAP,split1,classical,rdkit_desc_rf,rdkit_desc_rf,tanimoto_ge_0_90,62,1,0.016129032258064516,61,0.4670772096479644,0.76053741192572,0.4622663866598045,-0.00481082298815988
asap_mlm,ASAP,split1,classical,rdkit_desc_rf,rdkit_desc_rf,tanimoto_ge_0_95,62,1,0.016129032258064516,61,0.4670772096479644,0.76053741192572,0.4622663866598045,-0.00481082298815988
asap_mlm,ASAP,split2,classical,dummy_median,dummy_median,standardized_exact,51,3,0.058823529411764705,48,0.5340545336768631,0.4633462930498143,0.5384737987160536,0.004419265039190545
asap_mlm,ASAP,split2,classical,dummy_median,dummy_median,connectivity_inchikey,51,3,0.058823529411764705,48,0.5340545336768631,0.4633462930498143,0.5384737987160536,0.004419265039190545
asap_mlm,ASAP,split2,classical,dummy_median,dummy_median,tanimoto_ge_0_70,51,3,0.058823529411764705,48,0.5340545336768631,0.4633462930498143,0.5384737987160536,0.004419265039190545
asap_mlm,ASAP,split2,classical,dummy_median,dummy_median,tanimoto_ge_0_80,51,3,0.058823529411764705,48,0.5340545336768631,0.4633462930498143,0.5384737987160536,0.004419265039190545
asap_mlm,ASAP,split2,classical,dummy_median,dummy_median,tanimoto_ge_0_90,51,3,0.058823529411764705,48,0.5340545336768631,0.4633462930498143,0.5384737987160536,0.004419265039190545
asap_mlm,ASAP,split2,classical,dummy_median,dummy_median,tanimoto_ge_0_95,51,3,0.058823529411764705,48,0.5340545336768631,0.4633462930498143,0.5384737987160536,0.004419265039190545
asap_mlm,ASAP,split2,classical,ecfp4_lgbm,ecfp4_lgbm,standardized_exact,51,3,0.058823529411764705,48,0.5951906212524607,0.4551490313593412,0.6039432206207808,0.008752599368320069
asap_mlm,ASAP,split2,classical,ecfp4_lgbm,ecfp4_lgbm,connectivity_inchikey,51,3,0.058823529411764705,48,0.5951906212524607,0.4551490313593412,0.6039432206207808,0.008752599368320069
asap_mlm,ASAP,split2,classical,ecfp4_lgbm,ecfp4_lgbm,tanimoto_ge_0_70,51,3,0.058823529411764705,48,0.5951906212524607,0.4551490313593412,0.6039432206207808,0.008752599368320069
asap_mlm,ASAP,split2,classical,ecfp4_lgbm,ecfp4_lgbm,tanimoto_ge_0_80,51,3,0.058823529411764705,48,0.5951906212524607,0.4551490313593412,0.6039432206207808,0.008752599368320069
asap_mlm,ASAP,split2,classical,ecfp4_lgbm,ecfp4_lgbm,tanimoto_ge_0_90,51,3,0.058823529411764705,48,0.5951906212524607,0.4551490313593412,0.6039432206207808,0.008752599368320069
asap_mlm,ASAP,split2,classical,ecfp4_lgbm,ecfp4_lgbm,tanimoto_ge_0_95,51,3,0.058823529411764705,48,0.5951906212524607,0.4551490313593412,0.6039432206207808,0.008752599368320069
asap_mlm,ASAP,split2,classical,ecfp4_rf,ecfp4_rf,standardized_exact,51,3,0.058823529411764705,48,0.5422602916493329,0.41290613028023854,0.5503449267349011,0.008084635085568226
asap_mlm,ASAP,split2,classical,ecfp4_rf,ecfp4_rf,connectivity_inchikey,51,3,0.058823529411764705,48,0.5422602916493329,0.41290613028023854,0.5503449267349011,0.008084635085568226
asap_mlm,ASAP,split2,classical,ecfp4_rf,ecfp4_rf,tanimoto_ge_0_70,51,3,0.058823529411764705,48,0.5422602916493329,0.41290613028023854,0.5503449267349011,0.008084635085568226
asap_mlm,ASAP,split2,classical,ecfp4_rf,ecfp4_rf,tanimoto_ge_0_80,51,3,0.058823529411764705,48,0.5422602916493329,0.41290613028023854,0.5503449267349011,0.008084635085568226
asap_mlm,ASAP,split2,classical,ecfp4_rf,ecfp4_rf,tanimoto_ge_0_90,51,3,0.058823529411764705,48,0.5422602916493329,0.41290613028023854,0.5503449267349011,0.008084635085568226
asap_mlm,ASAP,split2,classical,ecfp4_rf,ecfp4_rf,tanimoto_ge_0_95,51,3,0.058823529411764705,48,0.5422602916493329,0.41290613028023854,0.5503449267349011,0.008084635085568226
asap_mlm,ASAP,split2,classical,rdkit_desc_lgbm,rdkit_desc_lgbm,standardized_exact,51,3,0.058823529411764705,48,0.5351562387909393,0.4997353025002667,0.5373700473091064,0.002213808518167104
asap_mlm,ASAP,split2,classical,rdkit_desc_lgbm,rdkit_desc_lgbm,connectivity_inchikey,51,3,0.058823529411764705,48,0.5351562387909393,0.4997353025002667,0.5373700473091064,0.002213808518167104
asap_mlm,ASAP,split2,classical,rdkit_desc_lgbm,rdkit_desc_lgbm,tanimoto_ge_0_70,51,3,0.058823529411764705,48,0.5351562387909393,0.4997353025002667,0.5373700473091064,0.002213808518167104
asap_mlm,ASAP,split2,classical,rdkit_desc_lgbm,rdkit_desc_lgbm,tanimoto_ge_0_80,51,3,0.058823529411764705,48,0.5351562387909393,0.4997353025002667,0.5373700473091064,0.002213808518167104
asap_mlm,ASAP,split2,classical,rdkit_desc_lgbm,rdkit_desc_lgbm,tanimoto_ge_0_90,51,3,0.058823529411764705,48,0.5351562387909393,0.4997353025002667,0.5373700473091064,0.002213808518167104
asap_mlm,ASAP,split2,classical,rdkit_desc_lgbm,rdkit_desc_lgbm,tanimoto_ge_0_95,51,3,0.058823529411764705,48,0.5351562387909393,0.4997353025002667,0.5373700473091064,0.002213808518167104
asap_mlm,ASAP,split2,classical,rdkit_desc_rf,rdkit_desc_rf,standardized_exact,51,3,0.058823529411764705,48,0.5405169674238718,0.5522681213056316,0.5397825203062618,-0.0007344471176099487
asap_mlm,ASAP,split2,classical,rdkit_desc_rf,rdkit_desc_rf,connectivity_inchikey,51,3,0.058823529411764705,48,0.5405169674238718,0.5522681213056316,0.5397825203062618,-0.0007344471176099487
asap_mlm,ASAP,split2,classical,rdkit_desc_rf,rdkit_desc_rf,tanimoto_ge_0_70,51,3,0.058823529411764705,48,0.5405169674238718,0.5522681213056316,0.5397825203062618,-0.0007344471176099487
asap_mlm,ASAP,split2,classical,rdkit_desc_rf,rdkit_desc_rf,tanimoto_ge_0_80,51,3,0.058823529411764705,48,0.5405169674238718,0.5522681213056316,0.5397825203062618,-0.0007344471176099487
asap_mlm,ASAP,split2,classical,rdkit_desc_rf,rdkit_desc_rf,tanimoto_ge_0_90,51,3,0.058823529411764705,48,0.5405169674238718,0.5522681213056316,0.5397825203062618,-0.0007344471176099487
asap_mlm,ASAP,split2,classical,rdkit_desc_rf,rdkit_desc_rf,tanimoto_ge_0_95,51,3,0.058823529411764705,48,0.5405169674238718,0.5522681213056316,0.5397825203062618,-0.0007344471176099487
asap_mlm,ASAP,split3,classical,dummy_median,dummy_median,standardized_exact,70,5,0.07142857142857142,65,0.44642525100210934,0.34440770179183755,0.45427275478751494,0.007847503785405607
asap_mlm,ASAP,split3,classical,dummy_median,dummy_median,connectivity_inchikey,70,5,0.07142857142857142,65,0.44642525100210934,0.34440770179183755,0.45427275478751494,0.007847503785405607
asap_mlm,ASAP,split3,classical,dummy_median,dummy_median,tanimoto_ge_0_70,70,6,0.08571428571428572,64,0.44642525100210934,0.4540521759887463,0.44571022678461214,-0.0007150242174971955
asap_mlm,ASAP,split3,classical,dummy_median,dummy_median,tanimoto_ge_0_80,70,6,0.08571428571428572,64,0.44642525100210934,0.4540521759887463,0.44571022678461214,-0.0007150242174971955
asap_mlm,ASAP,split3,classical,dummy_median,dummy_median,tanimoto_ge_0_90,70,5,0.07142857142857142,65,0.44642525100210934,0.34440770179183755,0.45427275478751494,0.007847503785405607
asap_mlm,ASAP,split3,classical,dummy_median,dummy_median,tanimoto_ge_0_95,70,5,0.07142857142857142,65,0.44642525100210934,0.34440770179183755,0.45427275478751494,0.007847503785405607
asap_mlm,ASAP,split3,classical,ecfp4_lgbm,ecfp4_lgbm,standardized_exact,70,5,0.07142857142857142,65,0.4058904021362764,0.18299885467795313,0.4230359057869166,0.01714550365064016
asap_mlm,ASAP,split3,classical,ecfp4_lgbm,ecfp4_lgbm,connectivity_inchikey,70,5,0.07142857142857142,65,0.4058904021362764,0.18299885467795313,0.4230359057869166,0.01714550365064016
asap_mlm,ASAP,split3,classical,ecfp4_lgbm,ecfp4_lgbm,tanimoto_ge_0_70,70,6,0.08571428571428572,64,0.4058904021362764,0.18846947003505687,0.4262736145207657,0.020383212384489258
asap_mlm,ASAP,split3,classical,ecfp4_lgbm,ecfp4_lgbm,tanimoto_ge_0_80,70,6,0.08571428571428572,64,0.4058904021362764,0.18846947003505687,0.4262736145207657,0.020383212384489258
asap_mlm,ASAP,split3,classical,ecfp4_lgbm,ecfp4_lgbm,tanimoto_ge_0_90,70,5,0.07142857142857142,65,0.4058904021362764,0.18299885467795313,0.4230359057869166,0.01714550365064016
asap_mlm,ASAP,split3,classical,ecfp4_lgbm,ecfp4_lgbm,tanimoto_ge_0_95,70,5,0.07142857142857142,65,0.4058904021362764,0.18299885467795313,0.4230359057869166,0.01714550365064016
asap_mlm,ASAP,split3,classical,ecfp4_rf,ecfp4_rf,standardized_exact,70,5,0.07142857142857142,65,0.39252737151786155,0.19988087069142835,0.4073463331198949,0.014818961602033331
asap_mlm,ASAP,split3,classical,ecfp4_rf,ecfp4_rf,connectivity_inchikey,70,5,0.07142857142857142,65,0.39252737151786155,0.19988087069142835,0.4073463331198949,0.014818961602033331
asap_mlm,ASAP,split3,classical,ecfp4_rf,ecfp4_rf,tanimoto_ge_0_70,70,6,0.08571428571428572,64,0.39252737151786155,0.20629142209257567,0.4099869917764822,0.017459620258620634
asap_mlm,ASAP,split3,classical,ecfp4_rf,ecfp4_rf,tanimoto_ge_0_80,70,6,0.08571428571428572,64,0.39252737151786155,0.20629142209257567,0.4099869917764822,0.017459620258620634
asap_mlm,ASAP,split3,classical,ecfp4_rf,ecfp4_rf,tanimoto_ge_0_90,70,5,0.07142857142857142,65,0.39252737151786155,0.19988087069142835,0.4073463331198949,0.014818961602033331
asap_mlm,ASAP,split3,classical,ecfp4_rf,ecfp4_rf,tanimoto_ge_0_95,70,5,0.07142857142857142,65,0.39252737151786155,0.19988087069142835,0.4073463331198949,0.014818961602033331
asap_mlm,ASAP,split3,classical,rdkit_desc_lgbm,rdkit_desc_lgbm,standardized_exact,70,5,0.07142857142857142,65,0.3738852514826086,0.28289681823744905,0.3808843617322363,0.0069991102496276825
asap_mlm,ASAP,split3,classical,rdkit_desc_lgbm,rdkit_desc_lgbm,connectivity_inchikey,70,5,0.07142857142857142,65,0.3738852514826086,0.28289681823744905,0.3808843617322363,0.0069991102496276825
asap_mlm,ASAP,split3,classical,rdkit_desc_lgbm,rdkit_desc_lgbm,tanimoto_ge_0_70,70,6,0.08571428571428572,64,0.3738852514826086,0.28424374542828756,0.38228914267520114,0.00840389119259255
asap_mlm,ASAP,split3,classical,rdkit_desc_lgbm,rdkit_desc_lgbm,tanimoto_ge_0_80,70,6,0.08571428571428572,64,0.3738852514826086,0.28424374542828756,0.38228914267520114,0.00840389119259255
asap_mlm,ASAP,split3,classical,rdkit_desc_lgbm,rdkit_desc_lgbm,tanimoto_ge_0_90,70,5,0.07142857142857142,65,0.3738852514826086,0.28289681823744905,0.3808843617322363,0.0069991102496276825
asap_mlm,ASAP,split3,classical,rdkit_desc_lgbm,rdkit_desc_lgbm,tanimoto_ge_0_95,70,5,0.07142857142857142,65,0.3738852514826086,0.28289681823744905,0.3808843617322363,0.0069991102496276825
asap_mlm,ASAP,split3,classical,rdkit_desc_rf,rdkit_desc_rf,standardized_exact,70,5,0.07142857142857142,65,0.4201237486319121,0.38013424637416066,0.4231998641902006,0.003076115558288517
asap_mlm,ASAP,split3,classical,rdkit_desc_rf,rdkit_desc_rf,connectivity_inchikey,70,5,0.07142857142857142,65,0.4201237486319121,0.38013424637416066,0.4231998641902006,0.003076115558288517
asap_mlm,ASAP,split3,classical,rdkit_desc_rf,rdkit_desc_rf,tanimoto_ge_0_70,70,6,0.08571428571428572,64,0.4201237486319121,0.3387878703782414,0.42774898721819377,0.0076252385862816685
asap_mlm,ASAP,split3,classical,rdkit_desc_rf,rdkit_desc_rf,tanimoto_ge_0_80,70,6,0.08571428571428572,64,0.4201237486319121,0.3387878703782414,0.42774898721819377,0.0076252385862816685
asap_mlm,ASAP,split3,classical,rdkit_desc_rf,rdkit_desc_rf,tanimoto_ge_0_90,70,5,0.07142857142857142,65,0.4201237486319121,0.38013424637416066,0.4231998641902006,0.003076115558288517
asap_mlm,ASAP,split3,classical,rdkit_desc_rf,rdkit_desc_rf,tanimoto_ge_0_95,70,5,0.07142857142857142,65,0.4201237486319121,0.38013424637416066,0.4231998641902006,0.003076115558288517
asap_sars,ASAP,split1,classical,dummy_median,dummy_median,standardized_exact,69,0,0.0,69,0.6672463768115944,,0.6672463768115944,0.0
asap_sars,ASAP,split1,classical,dummy_median,dummy_median,connectivity_inchikey,69,1,0.014492753623188406,68,0.6672463768115944,1.12,0.6605882352941178,-0.006658141517476568
asap_sars,ASAP,split1,classical,dummy_median,dummy_median,tanimoto_ge_0_70,69,1,0.014492753623188406,68,0.6672463768115944,1.12,0.6605882352941178,-0.006658141517476568
asap_sars,ASAP,split1,classical,dummy_median,dummy_median,tanimoto_ge_0_80,69,1,0.014492753623188406,68,0.6672463768115944,1.12,0.6605882352941178,-0.006658141517476568
asap_sars,ASAP,split1,classical,dummy_median,dummy_median,tanimoto_ge_0_90,69,1,0.014492753623188406,68,0.6672463768115944,1.12,0.6605882352941178,-0.006658141517476568
asap_sars,ASAP,split1,classical,dummy_median,dummy_median,tanimoto_ge_0_95,69,1,0.014492753623188406,68,0.6672463768115944,1.12,0.6605882352941178,-0.006658141517476568
asap_sars,ASAP,split1,classical,ecfp4_lgbm,ecfp4_lgbm,standardized_exact,69,0,0.0,69,0.5544568853452634,,0.5544568853452634,0.0
asap_sars,ASAP,split1,classical,ecfp4_lgbm,ecfp4_lgbm,connectivity_inchikey,69,1,0.014492753623188406,68,0.5544568853452634,1.8563426475700178,0.535311506489017,-0.019145378856246342
asap_sars,ASAP,split1,classical,ecfp4_lgbm,ecfp4_lgbm,tanimoto_ge_0_70,69,1,0.014492753623188406,68,0.5544568853452634,1.8563426475700178,0.535311506489017,-0.019145378856246342
asap_sars,ASAP,split1,classical,ecfp4_lgbm,ecfp4_lgbm,tanimoto_ge_0_80,69,1,0.014492753623188406,68,0.5544568853452634,1.8563426475700178,0.535311506489017,-0.019145378856246342
asap_sars,ASAP,split1,classical,ecfp4_lgbm,ecfp4_lgbm,tanimoto_ge_0_90,69,1,0.014492753623188406,68,0.5544568853452634,1.8563426475700178,0.535311506489017,-0.019145378856246342
asap_sars,ASAP,split1,classical,ecfp4_lgbm,ecfp4_lgbm,tanimoto_ge_0_95,69,1,0.014492753623188406,68,0.5544568853452634,1.8563426475700178,0.535311506489017,-0.019145378856246342
asap_sars,ASAP,split1,classical,ecfp4_rf,ecfp4_rf,standardized_exact,69,0,0.0,69,0.5773369411454086,,0.5773369411454086,0.0
asap_sars,ASAP,split1,classical,ecfp4_rf,ecfp4_rf,connectivity_inchikey,69,1,0.014492753623188406,68,0.5773369411454086,1.3570112539682544,0.5658711424274255,-0.011465798717983033
asap_sars,ASAP,split1,classical,ecfp4_rf,ecfp4_rf,tanimoto_ge_0_70,69,1,0.014492753623188406,68,0.5773369411454086,1.3570112539682544,0.5658711424274255,-0.011465798717983033
asap_sars,ASAP,split1,classical,ecfp4_rf,ecfp4_rf,tanimoto_ge_0_80,69,1,0.014492753623188406,68,0.5773369411454086,1.3570112539682544,0.5658711424274255,-0.011465798717983033
asap_sars,ASAP,split1,classical,ecfp4_rf,ecfp4_rf,tanimoto_ge_0_90,69,1,0.014492753623188406,68,0.5773369411454086,1.3570112539682544,0.5658711424274255,-0.011465798717983033
asap_sars,ASAP,split1,classical,ecfp4_rf,ecfp4_rf,tanimoto_ge_0_95,69,1,0.014492753623188406,68,0.5773369411454086,1.3570112539682544,0.5658711424274255,-0.011465798717983033
asap_sars,ASAP,split1,classical,rdkit_desc_lgbm,rdkit_desc_lgbm,standardized_exact,69,0,0.0,69,0.5438560652027516,,0.5438560652027516,0.0
asap_sars,ASAP,split1,classical,rdkit_desc_lgbm,rdkit_desc_lgbm,connectivity_inchikey,69,1,0.014492753623188406,68,0.5438560652027516,1.409266357222216,0.5311294432612891,-0.012726621941462568
asap_sars,ASAP,split1,classical,rdkit_desc_lgbm,rdkit_desc_lgbm,tanimoto_ge_0_70,69,1,0.014492753623188406,68,0.5438560652027516,1.409266357222216,0.5311294432612891,-0.012726621941462568
asap_sars,ASAP,split1,classical,rdkit_desc_lgbm,rdkit_desc_lgbm,tanimoto_ge_0_80,69,1,0.014492753623188406,68,0.5438560652027516,1.409266357222216,0.5311294432612891,-0.012726621941462568
asap_sars,ASAP,split1,classical,rdkit_desc_lgbm,rdkit_desc_lgbm,tanimoto_ge_0_90,69,1,0.014492753623188406,68,0.5438560652027516,1.409266357222216,0.5311294432612891,-0.012726621941462568
asap_sars,ASAP,split1,classical,rdkit_desc_lgbm,rdkit_desc_lgbm,tanimoto_ge_0_95,69,1,0.014492753623188406,68,0.5438560652027516,1.409266357222216,0.5311294432612891,-0.012726621941462568
asap_sars,ASAP,split1,classical,rdkit_desc_rf,rdkit_desc_rf,standardized_exact,69,0,0.0,69,0.5567766666666671,,0.5567766666666671,0.0
asap_sars,ASAP,split1,classical,rdkit_desc_rf,rdkit_desc_rf,connectivity_inchikey,69,1,0.014492753623188406,68,0.5567766666666671,1.0864706666666626,0.5489870490196085,-0.007789617647058655
asap_sars,ASAP,split1,classical,rdkit_desc_rf,rdkit_desc_rf,tanimoto_ge_0_70,69,1,0.014492753623188406,68,0.5567766666666671,1.0864706666666626,0.5489870490196085,-0.007789617647058655
asap_sars,ASAP,split1,classical,rdkit_desc_rf,rdkit_desc_rf,tanimoto_ge_0_80,69,1,0.014492753623188406,68,0.5567766666666671,1.0864706666666626,0.5489870490196085,-0.007789617647058655
asap_sars,ASAP,split1,classical,rdkit_desc_rf,rdkit_desc_rf,tanimoto_ge_0_90,69,1,0.014492753623188406,68,0.5567766666666671,1.0864706666666626,0.5489870490196085,-0.007789617647058655
asap_sars,ASAP,split1,classical,rdkit_desc_rf,rdkit_desc_rf,tanimoto_ge_0_95,69,1,0.014492753623188406,68,0.5567766666666671,1.0864706666666626,0.5489870490196085,-0.007789617647058655
asap_sars,ASAP,split2,classical,dummy_median,dummy_median,standardized_exact,116,0,0.0,116,0.7649137931034483,,0.7649137931034483,0.0
asap_sars,ASAP,split2,classical,dummy_median,dummy_median,connectivity_inchikey,116,0,0.0,116,0.7649137931034483,,0.7649137931034483,0.0
asap_sars,ASAP,split2,classical,dummy_median,dummy_median,tanimoto_ge_0_70,116,1,0.008620689655172414,115,0.7649137931034483,0.9199999999999999,0.7635652173913043,-0.0013485757121439734
asap_sars,ASAP,split2,classical,dummy_median,dummy_median,tanimoto_ge_0_80,116,0,0.0,116,0.7649137931034483,,0.7649137931034483,0.0
asap_sars,ASAP,split2,classical,dummy_median,dummy_median,tanimoto_ge_0_90,116,0,0.0,116,0.7649137931034483,,0.7649137931034483,0.0
asap_sars,ASAP,split2,classical,dummy_median,dummy_median,tanimoto_ge_0_95,116,0,0.0,116,0.7649137931034483,,0.7649137931034483,0.0
asap_sars,ASAP,split2,classical,ecfp4_lgbm,ecfp4_lgbm,standardized_exact,116,0,0.0,116,0.5238238250656446,,0.5238238250656446,0.0
asap_sars,ASAP,split2,classical,ecfp4_lgbm,ecfp4_lgbm,connectivity_inchikey,116,0,0.0,116,0.5238238250656446,,0.5238238250656446,0.0
asap_sars,ASAP,split2,classical,ecfp4_lgbm,ecfp4_lgbm,tanimoto_ge_0_70,116,1,0.008620689655172414,115,0.5238238250656446,0.3856918817147772,0.5250249723991304,0.0012011473334857525
asap_sars,ASAP,split2,classical,ecfp4_lgbm,ecfp4_lgbm,tanimoto_ge_0_80,116,0,0.0,116,0.5238238250656446,,0.5238238250656446,0.0
asap_sars,ASAP,split2,classical,ecfp4_lgbm,ecfp4_lgbm,tanimoto_ge_0_90,116,0,0.0,116,0.5238238250656446,,0.5238238250656446,0.0
asap_sars,ASAP,split2,classical,ecfp4_lgbm,ecfp4_lgbm,tanimoto_ge_0_95,116,0,0.0,116,0.5238238250656446,,0.5238238250656446,0.0
asap_sars,ASAP,split2,classical,ecfp4_rf,ecfp4_rf,standardized_exact,116,0,0.0,116,0.5864735204445937,,0.5864735204445937,0.0
asap_sars,ASAP,split2,classical,ecfp4_rf,ecfp4_rf,connectivity_inchikey,116,0,0.0,116,0.5864735204445937,,0.5864735204445937,0.0
asap_sars,ASAP,split2,classical,ecfp4_rf,ecfp4_rf,tanimoto_ge_0_70,116,1,0.008620689655172414,115,0.5864735204445937,0.7291849999999886,0.5852325510571557,-0.0012409693874380068
asap_sars,ASAP,split2,classical,ecfp4_rf,ecfp4_rf,tanimoto_ge_0_80,116,0,0.0,116,0.5864735204445937,,0.5864735204445937,0.0
asap_sars,ASAP,split2,classical,ecfp4_rf,ecfp4_rf,tanimoto_ge_0_90,116,0,0.0,116,0.5864735204445937,,0.5864735204445937,0.0
asap_sars,ASAP,split2,classical,ecfp4_rf,ecfp4_rf,tanimoto_ge_0_95,116,0,0.0,116,0.5864735204445937,,0.5864735204445937,0.0
asap_sars,ASAP,split2,classical,rdkit_desc_lgbm,rdkit_desc_lgbm,standardized_exact,116,0,0.0,116,0.5538228805349487,,0.5538228805349487,0.0
asap_sars,ASAP,split2,classical,rdkit_desc_lgbm,rdkit_desc_lgbm,connectivity_inchikey,116,0,0.0,116,0.5538228805349487,,0.5538228805349487,0.0
asap_sars,ASAP,split2,classical,rdkit_desc_lgbm,rdkit_desc_lgbm,tanimoto_ge_0_70,116,1,0.008620689655172414,115,0.5538228805349487,0.8848978860913137,0.5509439674431542,-0.002878913091794444
asap_sars,ASAP,split2,classical,rdkit_desc_lgbm,rdkit_desc_lgbm,tanimoto_ge_0_80,116,0,0.0,116,0.5538228805349487,,0.5538228805349487,0.0
asap_sars,ASAP,split2,classical,rdkit_desc_lgbm,rdkit_desc_lgbm,tanimoto_ge_0_90,116,0,0.0,116,0.5538228805349487,,0.5538228805349487,0.0
asap_sars,ASAP,split2,classical,rdkit_desc_lgbm,rdkit_desc_lgbm,tanimoto_ge_0_95,116,0,0.0,116,0.5538228805349487,,0.5538228805349487,0.0
asap_sars,ASAP,split2,classical,rdkit_desc_rf,rdkit_desc_rf,standardized_exact,116,0,0.0,116,0.550427087799891,,0.550427087799891,0.0
asap_sars,ASAP,split2,classical,rdkit_desc_rf,rdkit_desc_rf,connectivity_inchikey,116,0,0.0,116,0.550427087799891,,0.550427087799891,0.0
asap_sars,ASAP,split2,classical,rdkit_desc_rf,rdkit_desc_rf,tanimoto_ge_0_70,116,1,0.008620689655172414,115,0.550427087799891,1.579002047619051,0.541482957714507,-0.008944130085383972
asap_sars,ASAP,split2,classical,rdkit_desc_rf,rdkit_desc_rf,tanimoto_ge_0_80,116,0,0.0,116,0.550427087799891,,0.550427087799891,0.0
asap_sars,ASAP,split2,classical,rdkit_desc_rf,rdkit_desc_rf,tanimoto_ge_0_90,116,0,0.0,116,0.550427087799891,,0.550427087799891,0.0
asap_sars,ASAP,split2,classical,rdkit_desc_rf,rdkit_desc_rf,tanimoto_ge_0_95,116,0,0.0,116,0.550427087799891,,0.550427087799891,0.0
asap_sars,ASAP,split3,classical,dummy_median,dummy_median,standardized_exact,50,0,0.0,50,0.7504000000000001,,0.7504000000000001,0.0
asap_sars,ASAP,split3,classical,dummy_median,dummy_median,connectivity_inchikey,50,0,0.0,50,0.7504000000000001,,0.7504000000000001,0.0
asap_sars,ASAP,split3,classical,dummy_median,dummy_median,tanimoto_ge_0_70,50,0,0.0,50,0.7504000000000001,,0.7504000000000001,0.0
asap_sars,ASAP,split3,classical,dummy_median,dummy_median,tanimoto_ge_0_80,50,0,0.0,50,0.7504000000000001,,0.7504000000000001,0.0
asap_sars,ASAP,split3,classical,dummy_median,dummy_median,tanimoto_ge_0_90,50,0,0.0,50,0.7504000000000001,,0.7504000000000001,0.0
asap_sars,ASAP,split3,classical,dummy_median,dummy_median,tanimoto_ge_0_95,50,0,0.0,50,0.7504000000000001,,0.7504000000000001,0.0
asap_sars,ASAP,split3,classical,ecfp4_lgbm,ecfp4_lgbm,standardized_exact,50,0,0.0,50,0.5667124306460009,,0.5667124306460009,0.0
asap_sars,ASAP,split3,classical,ecfp4_lgbm,ecfp4_lgbm,connectivity_inchikey,50,0,0.0,50,0.5667124306460009,,0.5667124306460009,0.0
asap_sars,ASAP,split3,classical,ecfp4_lgbm,ecfp4_lgbm,tanimoto_ge_0_70,50,0,0.0,50,0.5667124306460009,,0.5667124306460009,0.0
asap_sars,ASAP,split3,classical,ecfp4_lgbm,ecfp4_lgbm,tanimoto_ge_0_80,50,0,0.0,50,0.5667124306460009,,0.5667124306460009,0.0
asap_sars,ASAP,split3,classical,ecfp4_lgbm,ecfp4_lgbm,tanimoto_ge_0_90,50,0,0.0,50,0.5667124306460009,,0.5667124306460009,0.0
asap_sars,ASAP,split3,classical,ecfp4_lgbm,ecfp4_lgbm,tanimoto_ge_0_95,50,0,0.0,50,0.5667124306460009,,0.5667124306460009,0.0
asap_sars,ASAP,split3,classical,ecfp4_rf,ecfp4_rf,standardized_exact,50,0,0.0,50,0.6405238471428564,,0.6405238471428564,0.0
asap_sars,ASAP,split3,classical,ecfp4_rf,ecfp4_rf,connectivity_inchikey,50,0,0.0,50,0.6405238471428564,,0.6405238471428564,0.0
asap_sars,ASAP,split3,classical,ecfp4_rf,ecfp4_rf,tanimoto_ge_0_70,50,0,0.0,50,0.6405238471428564,,0.6405238471428564,0.0
asap_sars,ASAP,split3,classical,ecfp4_rf,ecfp4_rf,tanimoto_ge_0_80,50,0,0.0,50,0.6405238471428564,,0.6405238471428564,0.0
asap_sars,ASAP,split3,classical,ecfp4_rf,ecfp4_rf,tanimoto_ge_0_90,50,0,0.0,50,0.6405238471428564,,0.6405238471428564,0.0
asap_sars,ASAP,split3,classical,ecfp4_rf,ecfp4_rf,tanimoto_ge_0_95,50,0,0.0,50,0.6405238471428564,,0.6405238471428564,0.0
asap_sars,ASAP,split3,classical,rdkit_desc_lgbm,rdkit_desc_lgbm,standardized_exact,50,0,0.0,50,0.6449338245224264,,0.6449338245224264,0.0
asap_sars,ASAP,split3,classical,rdkit_desc_lgbm,rdkit_desc_lgbm,connectivity_inchikey,50,0,0.0,50,0.6449338245224264,,0.6449338245224264,0.0
asap_sars,ASAP,split3,classical,rdkit_desc_lgbm,rdkit_desc_lgbm,tanimoto_ge_0_70,50,0,0.0,50,0.6449338245224264,,0.6449338245224264,0.0
asap_sars,ASAP,split3,classical,rdkit_desc_lgbm,rdkit_desc_lgbm,tanimoto_ge_0_80,50,0,0.0,50,0.6449338245224264,,0.6449338245224264,0.0
asap_sars,ASAP,split3,classical,rdkit_desc_lgbm,rdkit_desc_lgbm,tanimoto_ge_0_90,50,0,0.0,50,0.6449338245224264,,0.6449338245224264,0.0
asap_sars,ASAP,split3,classical,rdkit_desc_lgbm,rdkit_desc_lgbm,tanimoto_ge_0_95,50,0,0.0,50,0.6449338245224264,,0.6449338245224264,0.0
asap_sars,ASAP,split3,classical,rdkit_desc_rf,rdkit_desc_rf,standardized_exact,50,0,0.0,50,0.615547532698412,,0.615547532698412,0.0
asap_sars,ASAP,split3,classical,rdkit_desc_rf,rdkit_desc_rf,connectivity_inchikey,50,0,0.0,50,0.615547532698412,,0.615547532698412,0.0
asap_sars,ASAP,split3,classical,rdkit_desc_rf,rdkit_desc_rf,tanimoto_ge_0_70,50,0,0.0,50,0.615547532698412,,0.615547532698412,0.0
asap_sars,ASAP,split3,classical,rdkit_desc_rf,rdkit_desc_rf,tanimoto_ge_0_80,50,0,0.0,50,0.615547532698412,,0.615547532698412,0.0
asap_sars,ASAP,split3,classical,rdkit_desc_rf,rdkit_desc_rf,tanimoto_ge_0_90,50,0,0.0,50,0.615547532698412,,0.615547532698412,0.0
asap_sars,ASAP,split3,classical,rdkit_desc_rf,rdkit_desc_rf,tanimoto_ge_0_95,50,0,0.0,50,0.615547532698412,,0.615547532698412,0.0
biogen_hlm,Biogen,split1,classical,dummy_median,dummy_median,standardized_exact,104,9,0.08653846153846154,95,0.4367479565673077,0.37425960750000004,0.4426679054263158,0.005919948859008095
biogen_hlm,Biogen,split1,classical,dummy_median,dummy_median,connectivity_inchikey,104,10,0.09615384615384616,94,0.4367479565673077,0.37721575130000007,0.44308116989361707,0.006333213326309373
biogen_hlm,Biogen,split1,classical,dummy_median,dummy_median,tanimoto_ge_0_70,104,19,0.18269230769230768,85,0.4367479565673077,0.4087793909736844,0.442999753582353,0.006251797015045302
biogen_hlm,Biogen,split1,classical,dummy_median,dummy_median,tanimoto_ge_0_80,104,12,0.11538461538461539,92,0.4367479565673077,0.40666886316666667,0.4406713165760869,0.0039233600087791864
biogen_hlm,Biogen,split1,classical,dummy_median,dummy_median,tanimoto_ge_0_90,104,10,0.09615384615384616,94,0.4367479565673077,0.37721575130000007,0.44308116989361707,0.006333213326309373
biogen_hlm,Biogen,split1,classical,dummy_median,dummy_median,tanimoto_ge_0_95,104,10,0.09615384615384616,94,0.4367479565673077,0.37721575130000007,0.44308116989361707,0.006333213326309373
biogen_hlm,Biogen,split1,classical,ecfp4_lgbm,ecfp4_lgbm,standardized_exact,104,9,0.08653846153846154,95,0.34767660859958316,0.46011570398148904,0.3370244837739289,-0.010652124825654252
biogen_hlm,Biogen,split1,classical,ecfp4_lgbm,ecfp4_lgbm,connectivity_inchikey,104,10,0.09615384615384616,94,0.34767660859958316,0.4163371025106752,0.340372300736701,-0.0073043078628821645
biogen_hlm,Biogen,split1,classical,ecfp4_lgbm,ecfp4_lgbm,tanimoto_ge_0_70,104,19,0.18269230769230768,85,0.34767660859958316,0.4037644554655008,0.3351393251824956,-0.012537283417087541
biogen_hlm,Biogen,split1,classical,ecfp4_lgbm,ecfp4_lgbm,tanimoto_ge_0_80,104,12,0.11538461538461539,92,0.34767660859958316,0.4150794165803197,0.3388849379934001,-0.008791670606183077
biogen_hlm,Biogen,split1,classical,ecfp4_lgbm,ecfp4_lgbm,tanimoto_ge_0_90,104,10,0.09615384615384616,94,0.34767660859958316,0.4163371025106752,0.340372300736701,-0.0073043078628821645
biogen_hlm,Biogen,split1,classical,ecfp4_lgbm,ecfp4_lgbm,tanimoto_ge_0_95,104,10,0.09615384615384616,94,0.34767660859958316,0.4163371025106752,0.340372300736701,-0.0073043078628821645
biogen_hlm,Biogen,split1,classical,ecfp4_rf,ecfp4_rf,standardized_exact,104,9,0.08653846153846154,95,0.3783933204069807,0.34516672251601177,0.3815411033650724,0.003147782958091705
biogen_hlm,Biogen,split1,classical,ecfp4_rf,ecfp4_rf,connectivity_inchikey,104,10,0.09615384615384616,94,0.3783933204069807,0.3304326284210352,0.3834955216820813,0.005102201275100582
biogen_hlm,Biogen,split1,classical,ecfp4_rf,ecfp4_rf,tanimoto_ge_0_70,104,19,0.18269230769230768,85,0.3783933204069807,0.39554016062427744,0.3745604972995849,-0.0038328231073957997
biogen_hlm,Biogen,split1,classical,ecfp4_rf,ecfp4_rf,tanimoto_ge_0_80,104,12,0.11538461538461539,92,0.3783933204069807,0.390183422370509,0.37685548102043354,-0.0015378393865471685
biogen_hlm,Biogen,split1,classical,ecfp4_rf,ecfp4_rf,tanimoto_ge_0_90,104,10,0.09615384615384616,94,0.3783933204069807,0.3304326284210352,0.3834955216820813,0.005102201275100582
biogen_hlm,Biogen,split1,classical,ecfp4_rf,ecfp4_rf,tanimoto_ge_0_95,104,10,0.09615384615384616,94,0.3783933204069807,0.3304326284210352,0.3834955216820813,0.005102201275100582
biogen_hlm,Biogen,split1,classical,rdkit_desc_lgbm,rdkit_desc_lgbm,standardized_exact,104,9,0.08653846153846154,95,0.33912007151724716,0.36866754615039354,0.3363208370783175,-0.002799234438929654
biogen_hlm,Biogen,split1,classical,rdkit_desc_lgbm,rdkit_desc_lgbm,connectivity_inchikey,104,10,0.09615384615384616,94,0.33912007151724716,0.3539990055994776,0.3375372061893503,-0.0015828653278968652
biogen_hlm,Biogen,split1,classical,rdkit_desc_lgbm,rdkit_desc_lgbm,tanimoto_ge_0_70,104,19,0.18269230769230768,85,0.33912007151724716,0.3348952643456159,0.34006444017914117,0.0009443686618940128
biogen_hlm,Biogen,split1,classical,rdkit_desc_lgbm,rdkit_desc_lgbm,tanimoto_ge_0_80,104,12,0.11538461538461539,92,0.33912007151724716,0.33175522127844914,0.3400807041570904,0.0009606326398432508
biogen_hlm,Biogen,split1,classical,rdkit_desc_lgbm,rdkit_desc_lgbm,tanimoto_ge_0_90,104,10,0.09615384615384616,94,0.33912007151724716,0.3539990055994776,0.3375372061893503,-0.0015828653278968652
biogen_hlm,Biogen,split1,classical,rdkit_desc_lgbm,rdkit_desc_lgbm,tanimoto_ge_0_95,104,10,0.09615384615384616,94,0.33912007151724716,0.3539990055994776,0.3375372061893503,-0.0015828653278968652
biogen_hlm,Biogen,split1,classical,rdkit_desc_rf,rdkit_desc_rf,standardized_exact,104,9,0.08653846153846154,95,0.34809268257519194,0.38039528276889045,0.34503243624105207,-0.003060246334139871
biogen_hlm,Biogen,split1,classical,rdkit_desc_rf,rdkit_desc_rf,connectivity_inchikey,104,10,0.09615384615384616,94,0.34809268257519194,0.35077710496180114,0.3478071057255526,-0.00028557684963931296
biogen_hlm,Biogen,split1,classical,rdkit_desc_rf,rdkit_desc_rf,tanimoto_ge_0_70,104,19,0.18269230769230768,85,0.34809268257519194,0.33686366381000016,0.35060269853447007,0.0025100159592781335
biogen_hlm,Biogen,split1,classical,rdkit_desc_rf,rdkit_desc_rf,tanimoto_ge_0_80,104,12,0.11538461538461539,92,0.34809268257519194,0.3277646993023338,0.35074415865426034,0.0026514760790684044
biogen_hlm,Biogen,split1,classical,rdkit_desc_rf,rdkit_desc_rf,tanimoto_ge_0_90,104,10,0.09615384615384616,94,0.34809268257519194,0.35077710496180114,0.3478071057255526,-0.00028557684963931296
biogen_hlm,Biogen,split1,classical,rdkit_desc_rf,rdkit_desc_rf,tanimoto_ge_0_95,104,10,0.09615384615384616,94,0.34809268257519194,0.35077710496180114,0.3478071057255526,-0.00028557684963931296
biogen_hlm,Biogen,split2,classical,dummy_median,dummy_median,standardized_exact,75,4,0.05333333333333334,71,0.5105015058466666,0.28986372675,0.5229318032605634,0.012430297413896785
biogen_hlm,Biogen,split2,classical,dummy_median,dummy_median,connectivity_inchikey,75,4,0.05333333333333334,71,0.5105015058466666,0.28986372675,0.5229318032605634,0.012430297413896785
biogen_hlm,Biogen,split2,classical,dummy_median,dummy_median,tanimoto_ge_0_70,75,11,0.14666666666666667,64,0.5105015058466666,0.5952565470454545,0.495934233140625,-0.014567272706041634
biogen_hlm,Biogen,split2,classical,dummy_median,dummy_median,tanimoto_ge_0_80,75,6,0.08,69,0.5105015058466666,0.5118257871666666,0.5103863509492753,-0.00011515489739133411
biogen_hlm,Biogen,split2,classical,dummy_median,dummy_median,tanimoto_ge_0_90,75,4,0.05333333333333334,71,0.5105015058466666,0.28986372675,0.5229318032605634,0.012430297413896785
biogen_hlm,Biogen,split2,classical,dummy_median,dummy_median,tanimoto_ge_0_95,75,4,0.05333333333333334,71,0.5105015058466666,0.28986372675,0.5229318032605634,0.012430297413896785
biogen_hlm,Biogen,split2,classical,ecfp4_lgbm,ecfp4_lgbm,standardized_exact,75,4,0.05333333333333334,71,0.3755472349261896,0.29394957322536963,0.3801442862896161,0.00459705136342653
biogen_hlm,Biogen,split2,classical,ecfp4_lgbm,ecfp4_lgbm,connectivity_inchikey,75,4,0.05333333333333334,71,0.3755472349261896,0.29394957322536963,0.3801442862896161,0.00459705136342653
biogen_hlm,Biogen,split2,classical,ecfp4_lgbm,ecfp4_lgbm,tanimoto_ge_0_70,75,11,0.14666666666666667,64,0.3755472349261896,0.29900554851999306,0.3887028372772545,0.013155602351064943
biogen_hlm,Biogen,split2,classical,ecfp4_lgbm,ecfp4_lgbm,tanimoto_ge_0_80,75,6,0.08,69,0.3755472349261896,0.22905293660588413,0.38828586956273786,0.012738634636548285
biogen_hlm,Biogen,split2,classical,ecfp4_lgbm,ecfp4_lgbm,tanimoto_ge_0_90,75,4,0.05333333333333334,71,0.3755472349261896,0.29394957322536963,0.3801442862896161,0.00459705136342653
biogen_hlm,Biogen,split2,classical,ecfp4_lgbm,ecfp4_lgbm,tanimoto_ge_0_95,75,4,0.05333333333333334,71,0.3755472349261896,0.29394957322536963,0.3801442862896161,0.00459705136342653
biogen_hlm,Biogen,split2,classical,ecfp4_rf,ecfp4_rf,standardized_exact,75,4,0.05333333333333334,71,0.4273049347097675,0.2557238133602745,0.4369714767576262,0.009666542047858717
biogen_hlm,Biogen,split2,classical,ecfp4_rf,ecfp4_rf,connectivity_inchikey,75,4,0.05333333333333334,71,0.4273049347097675,0.2557238133602745,0.4369714767576262,0.009666542047858717
biogen_hlm,Biogen,split2,classical,ecfp4_rf,ecfp4_rf,tanimoto_ge_0_70,75,11,0.14666666666666667,64,0.4273049347097675,0.4450833563020176,0.42424926849859945,-0.00305566621116804
biogen_hlm,Biogen,split2,classical,ecfp4_rf,ecfp4_rf,tanimoto_ge_0_80,75,6,0.08,69,0.4273049347097675,0.36443790936397674,0.43277163256592316,0.005466697856155667
biogen_hlm,Biogen,split2,classical,ecfp4_rf,ecfp4_rf,tanimoto_ge_0_90,75,4,0.05333333333333334,71,0.4273049347097675,0.2557238133602745,0.4369714767576262,0.009666542047858717
biogen_hlm,Biogen,split2,classical,ecfp4_rf,ecfp4_rf,tanimoto_ge_0_95,75,4,0.05333333333333334,71,0.4273049347097675,0.2557238133602745,0.4369714767576262,0.009666542047858717
biogen_hlm,Biogen,split2,classical,rdkit_desc_lgbm,rdkit_desc_lgbm,standardized_exact,75,4,0.05333333333333334,71,0.3464942330877284,0.3087692550701238,0.34861958396195974,0.0021253508742313243
biogen_hlm,Biogen,split2,classical,rdkit_desc_lgbm,rdkit_desc_lgbm,connectivity_inchikey,75,4,0.05333333333333334,71,0.3464942330877284,0.3087692550701238,0.34861958396195974,0.0021253508742313243
biogen_hlm,Biogen,split2,classical,rdkit_desc_lgbm,rdkit_desc_lgbm,tanimoto_ge_0_70,75,11,0.14666666666666667,64,0.3464942330877284,0.2951100450788413,0.3553258904017559,0.008831657314027463
biogen_hlm,Biogen,split2,classical,rdkit_desc_lgbm,rdkit_desc_lgbm,tanimoto_ge_0_80,75,6,0.08,69,0.3464942330877284,0.27475346953520774,0.352732560353165,0.006238327265436605
biogen_hlm,Biogen,split2,classical,rdkit_desc_lgbm,rdkit_desc_lgbm,tanimoto_ge_0_90,75,4,0.05333333333333334,71,0.3464942330877284,0.3087692550701238,0.34861958396195974,0.0021253508742313243
biogen_hlm,Biogen,split2,classical,rdkit_desc_lgbm,rdkit_desc_lgbm,tanimoto_ge_0_95,75,4,0.05333333333333334,71,0.3464942330877284,0.3087692550701238,0.34861958396195974,0.0021253508742313243
biogen_hlm,Biogen,split2,classical,rdkit_desc_rf,rdkit_desc_rf,standardized_exact,75,4,0.05333333333333334,71,0.36616333549698604,0.2699406622545002,0.37158433117261913,0.005420995675633089
biogen_hlm,Biogen,split2,classical,rdkit_desc_rf,rdkit_desc_rf,connectivity_inchikey,75,4,0.05333333333333334,71,0.36616333549698604,0.2699406622545002,0.37158433117261913,0.005420995675633089
biogen_hlm,Biogen,split2,classical,rdkit_desc_rf,rdkit_desc_rf,tanimoto_ge_0_70,75,11,0.14666666666666667,64,0.36616333549698604,0.3213043966821814,0.37387346560578066,0.007710130108794622
biogen_hlm,Biogen,split2,classical,rdkit_desc_rf,rdkit_desc_rf,tanimoto_ge_0_80,75,6,0.08,69,0.36616333549698604,0.3093540847606662,0.3711032703436227,0.004939934846636684
biogen_hlm,Biogen,split2,classical,rdkit_desc_rf,rdkit_desc_rf,tanimoto_ge_0_90,75,4,0.05333333333333334,71,0.36616333549698604,0.2699406622545002,0.37158433117261913,0.005420995675633089
biogen_hlm,Biogen,split2,classical,rdkit_desc_rf,rdkit_desc_rf,tanimoto_ge_0_95,75,4,0.05333333333333334,71,0.36616333549698604,0.2699406622545002,0.37158433117261913,0.005420995675633089
biogen_hlm,Biogen,split3,classical,dummy_median,dummy_median,standardized_exact,75,6,0.08,69,0.5771311058066666,0.6747879289999998,0.5686392081376811,-0.008491897668985504
biogen_hlm,Biogen,split3,classical,dummy_median,dummy_median,connectivity_inchikey,75,6,0.08,69,0.5771311058066666,0.6747879289999998,0.5686392081376811,-0.008491897668985504
biogen_hlm,Biogen,split3,classical,dummy_median,dummy_median,tanimoto_ge_0_70,75,9,0.12,66,0.5771311058066666,0.6274569368333334,0.5702684924848483,-0.006862613321818256
biogen_hlm,Biogen,split3,classical,dummy_median,dummy_median,tanimoto_ge_0_80,75,7,0.09333333333333334,68,0.5771311058066666,0.6545032180714284,0.5691663295441176,-0.00796477626254899
biogen_hlm,Biogen,split3,classical,dummy_median,dummy_median,tanimoto_ge_0_90,75,7,0.09333333333333334,68,0.5771311058066666,0.6545032180714284,0.5691663295441176,-0.00796477626254899
biogen_hlm,Biogen,split3,classical,dummy_median,dummy_median,tanimoto_ge_0_95,75,7,0.09333333333333334,68,0.5771311058066666,0.6545032180714284,0.5691663295441176,-0.00796477626254899
biogen_hlm,Biogen,split3,classical,ecfp4_lgbm,ecfp4_lgbm,standardized_exact,75,6,0.08,69,0.3594215443268313,0.5314310776969308,0.34446419359899655,-0.014957350727834773
biogen_hlm,Biogen,split3,classical,ecfp4_lgbm,ecfp4_lgbm,connectivity_inchikey,75,6,0.08,69,0.3594215443268313,0.5314310776969308,0.34446419359899655,-0.014957350727834773
biogen_hlm,Biogen,split3,classical,ecfp4_lgbm,ecfp4_lgbm,tanimoto_ge_0_70,75,9,0.12,66,0.3594215443268313,0.4566491044420927,0.3461632406747502,-0.013258303652081138
biogen_hlm,Biogen,split3,classical,ecfp4_lgbm,ecfp4_lgbm,tanimoto_ge_0_80,75,7,0.09333333333333334,68,0.3594215443268313,0.5324984242665664,0.3416048066859762,-0.017816737640855118
biogen_hlm,Biogen,split3,classical,ecfp4_lgbm,ecfp4_lgbm,tanimoto_ge_0_90,75,7,0.09333333333333334,68,0.3594215443268313,0.5324984242665664,0.3416048066859762,-0.017816737640855118
biogen_hlm,Biogen,split3,classical,ecfp4_lgbm,ecfp4_lgbm,tanimoto_ge_0_95,75,7,0.09333333333333334,68,0.3594215443268313,0.5324984242665664,0.3416048066859762,-0.017816737640855118
biogen_hlm,Biogen,split3,classical,ecfp4_rf,ecfp4_rf,standardized_exact,75,6,0.08,69,0.4765989019824527,0.5751219670293324,0.46803167893489794,-0.00856722304755475
biogen_hlm,Biogen,split3,classical,ecfp4_rf,ecfp4_rf,connectivity_inchikey,75,6,0.08,69,0.4765989019824527,0.5751219670293324,0.46803167893489794,-0.00856722304755475
biogen_hlm,Biogen,split3,classical,ecfp4_rf,ecfp4_rf,tanimoto_ge_0_70,75,9,0.12,66,0.4765989019824527,0.5863412452375547,0.46163403699312056,-0.014964864989332138
biogen_hlm,Biogen,split3,classical,ecfp4_rf,ecfp4_rf,tanimoto_ge_0_80,75,7,0.09333333333333334,68,0.4765989019824527,0.6069478774717136,0.4631806250938522,-0.013418276888600478
biogen_hlm,Biogen,split3,classical,ecfp4_rf,ecfp4_rf,tanimoto_ge_0_90,75,7,0.09333333333333334,68,0.4765989019824527,0.6069478774717136,0.4631806250938522,-0.013418276888600478
biogen_hlm,Biogen,split3,classical,ecfp4_rf,ecfp4_rf,tanimoto_ge_0_95,75,7,0.09333333333333334,68,0.4765989019824527,0.6069478774717136,0.4631806250938522,-0.013418276888600478
biogen_hlm,Biogen,split3,classical,rdkit_desc_lgbm,rdkit_desc_lgbm,standardized_exact,75,6,0.08,69,0.3519388760660366,0.5273743782549106,0.3366836150061345,-0.015255261059902103
biogen_hlm,Biogen,split3,classical,rdkit_desc_lgbm,rdkit_desc_lgbm,connectivity_inchikey,75,6,0.08,69,0.3519388760660366,0.5273743782549106,0.3366836150061345,-0.015255261059902103
biogen_hlm,Biogen,split3,classical,rdkit_desc_lgbm,rdkit_desc_lgbm,tanimoto_ge_0_70,75,9,0.12,66,0.3519388760660366,0.40721906018421705,0.3444006691408301,-0.007538206925206459
biogen_hlm,Biogen,split3,classical,rdkit_desc_lgbm,rdkit_desc_lgbm,tanimoto_ge_0_80,75,7,0.09333333333333334,68,0.3519388760660366,0.5075343996046195,0.3359216898194177,-0.016017186246618853
biogen_hlm,Biogen,split3,classical,rdkit_desc_lgbm,rdkit_desc_lgbm,tanimoto_ge_0_90,75,7,0.09333333333333334,68,0.3519388760660366,0.5075343996046195,0.3359216898194177,-0.016017186246618853
biogen_hlm,Biogen,split3,classical,rdkit_desc_lgbm,rdkit_desc_lgbm,tanimoto_ge_0_95,75,7,0.09333333333333334,68,0.3519388760660366,0.5075343996046195,0.3359216898194177,-0.016017186246618853
biogen_hlm,Biogen,split3,classical,rdkit_desc_rf,rdkit_desc_rf,standardized_exact,75,6,0.08,69,0.4040845649159459,0.5761367420326663,0.389123506036231,-0.014961058879714884
biogen_hlm,Biogen,split3,classical,rdkit_desc_rf,rdkit_desc_rf,connectivity_inchikey,75,6,0.08,69,0.4040845649159459,0.5761367420326663,0.389123506036231,-0.014961058879714884
biogen_hlm,Biogen,split3,classical,rdkit_desc_rf,rdkit_desc_rf,tanimoto_ge_0_70,75,9,0.12,66,0.4040845649159459,0.4985094176606657,0.391208448632575,-0.01287611628337093
biogen_hlm,Biogen,split3,classical,rdkit_desc_rf,rdkit_desc_rf,tanimoto_ge_0_80,75,7,0.09333333333333334,68,0.4040845649159459,0.559446762471714,0.38809139752049915,-0.01599316739544676
biogen_hlm,Biogen,split3,classical,rdkit_desc_rf,rdkit_desc_rf,tanimoto_ge_0_90,75,7,0.09333333333333334,68,0.4040845649159459,0.559446762471714,0.38809139752049915,-0.01599316739544676
biogen_hlm,Biogen,split3,classical,rdkit_desc_rf,rdkit_desc_rf,tanimoto_ge_0_95,75,7,0.09333333333333334,68,0.4040845649159459,0.559446762471714,0.38809139752049915,-0.01599316739544676
biogen_hppb,Biogen,split1,classical,dummy_median,dummy_median,standardized_exact,25,1,0.04,24,0.48943397674000005,1.1609337695000002,0.4614548187083333,-0.02797915803166673
biogen_hppb,Biogen,split1,classical,dummy_median,dummy_median,connectivity_inchikey,25,1,0.04,24,0.48943397674000005,1.1609337695000002,0.4614548187083333,-0.02797915803166673
biogen_hppb,Biogen,split1,classical,dummy_median,dummy_median,tanimoto_ge_0_70,25,5,0.2,20,0.48943397674000005,0.8998999441000001,0.3868174849,-0.10261649184000005
biogen_hppb,Biogen,split1,classical,dummy_median,dummy_median,tanimoto_ge_0_80,25,1,0.04,24,0.48943397674000005,1.1609337695000002,0.4614548187083333,-0.02797915803166673
biogen_hppb,Biogen,split1,classical,dummy_median,dummy_median,tanimoto_ge_0_90,25,1,0.04,24,0.48943397674000005,1.1609337695000002,0.4614548187083333,-0.02797915803166673
biogen_hppb,Biogen,split1,classical,dummy_median,dummy_median,tanimoto_ge_0_95,25,1,0.04,24,0.48943397674000005,1.1609337695000002,0.4614548187083333,-0.02797915803166673
biogen_hppb,Biogen,split1,classical,ecfp4_lgbm,ecfp4_lgbm,standardized_exact,25,1,0.04,24,0.25499848909227024,0.2545901799851575,0.2550155019717333,1.7012879463040864e-05
biogen_hppb,Biogen,split1,classical,ecfp4_lgbm,ecfp4_lgbm,connectivity_inchikey,25,1,0.04,24,0.25499848909227024,0.2545901799851575,0.2550155019717333,1.7012879463040864e-05
biogen_hppb,Biogen,split1,classical,ecfp4_lgbm,ecfp4_lgbm,tanimoto_ge_0_70,25,5,0.2,20,0.25499848909227024,0.2512724067870729,0.25593000966856955,0.0009315205762993051
biogen_hppb,Biogen,split1,classical,ecfp4_lgbm,ecfp4_lgbm,tanimoto_ge_0_80,25,1,0.04,24,0.25499848909227024,0.2545901799851575,0.2550155019717333,1.7012879463040864e-05
biogen_hppb,Biogen,split1,classical,ecfp4_lgbm,ecfp4_lgbm,tanimoto_ge_0_90,25,1,0.04,24,0.25499848909227024,0.2545901799851575,0.2550155019717333,1.7012879463040864e-05
biogen_hppb,Biogen,split1,classical,ecfp4_lgbm,ecfp4_lgbm,tanimoto_ge_0_95,25,1,0.04,24,0.25499848909227024,0.2545901799851575,0.2550155019717333,1.7012879463040864e-05
biogen_hppb,Biogen,split1,classical,ecfp4_rf,ecfp4_rf,standardized_exact,25,1,0.04,24,0.3619572893089601,0.6877828398440002,0.3483812247033334,-0.013576064605626714
biogen_hppb,Biogen,split1,classical,ecfp4_rf,ecfp4_rf,connectivity_inchikey,25,1,0.04,24,0.3619572893089601,0.6877828398440002,0.3483812247033334,-0.013576064605626714
biogen_hppb,Biogen,split1,classical,ecfp4_rf,ecfp4_rf,tanimoto_ge_0_70,25,5,0.2,20,0.3619572893089601,0.6075069931312002,0.3005698633534001,-0.061387425955560015
biogen_hppb,Biogen,split1,classical,ecfp4_rf,ecfp4_rf,tanimoto_ge_0_80,25,1,0.04,24,0.3619572893089601,0.6877828398440002,0.3483812247033334,-0.013576064605626714
biogen_hppb,Biogen,split1,classical,ecfp4_rf,ecfp4_rf,tanimoto_ge_0_90,25,1,0.04,24,0.3619572893089601,0.6877828398440002,0.3483812247033334,-0.013576064605626714
biogen_hppb,Biogen,split1,classical,ecfp4_rf,ecfp4_rf,tanimoto_ge_0_95,25,1,0.04,24,0.3619572893089601,0.6877828398440002,0.3483812247033334,-0.013576064605626714
biogen_hppb,Biogen,split1,classical,rdkit_desc_lgbm,rdkit_desc_lgbm,standardized_exact,25,1,0.04,24,0.38713596716025905,0.6300663220266174,0.3770138690408274,-0.010122098119431655
biogen_hppb,Biogen,split1,classical,rdkit_desc_lgbm,rdkit_desc_lgbm,connectivity_inchikey,25,1,0.04,24,0.38713596716025905,0.6300663220266174,0.3770138690408274,-0.010122098119431655
biogen_hppb,Biogen,split1,classical,rdkit_desc_lgbm,rdkit_desc_lgbm,tanimoto_ge_0_70,25,5,0.2,20,0.38713596716025905,0.545404001572584,0.3475689585571778,-0.039567008603081266
biogen_hppb,Biogen,split1,classical,rdkit_desc_lgbm,rdkit_desc_lgbm,tanimoto_ge_0_80,25,1,0.04,24,0.38713596716025905,0.6300663220266174,0.3770138690408274,-0.010122098119431655
biogen_hppb,Biogen,split1,classical,rdkit_desc_lgbm,rdkit_desc_lgbm,tanimoto_ge_0_90,25,1,0.04,24,0.38713596716025905,0.6300663220266174,0.3770138690408274,-0.010122098119431655
biogen_hppb,Biogen,split1,classical,rdkit_desc_lgbm,rdkit_desc_lgbm,tanimoto_ge_0_95,25,1,0.04,24,0.38713596716025905,0.6300663220266174,0.3770138690408274,-0.010122098119431655
biogen_hppb,Biogen,split1,classical,rdkit_desc_rf,rdkit_desc_rf,standardized_exact,25,1,0.04,24,0.43763572170912013,0.8028686346799996,0.42241768366866683,-0.015218038040453297
biogen_hppb,Biogen,split1,classical,rdkit_desc_rf,rdkit_desc_rf,connectivity_inchikey,25,1,0.04,24,0.43763572170912013,0.8028686346799996,0.42241768366866683,-0.015218038040453297
biogen_hppb,Biogen,split1,classical,rdkit_desc_rf,rdkit_desc_rf,tanimoto_ge_0_70,25,5,0.2,20,0.43763572170912013,0.7734552759100003,0.35368083315890003,-0.0839548885502201
biogen_hppb,Biogen,split1,classical,rdkit_desc_rf,rdkit_desc_rf,tanimoto_ge_0_80,25,1,0.04,24,0.43763572170912013,0.8028686346799996,0.42241768366866683,-0.015218038040453297
biogen_hppb,Biogen,split1,classical,rdkit_desc_rf,rdkit_desc_rf,tanimoto_ge_0_90,25,1,0.04,24,0.43763572170912013,0.8028686346799996,0.42241768366866683,-0.015218038040453297
biogen_hppb,Biogen,split1,classical,rdkit_desc_rf,rdkit_desc_rf,tanimoto_ge_0_95,25,1,0.04,24,0.43763572170912013,0.8028686346799996,0.42241768366866683,-0.015218038040453297
biogen_hppb,Biogen,split2,classical,dummy_median,dummy_median,standardized_exact,20,1,0.05,19,0.6489030023,0.22164147950000002,0.671390450868421,0.022487448568420998
biogen_hppb,Biogen,split2,classical,dummy_median,dummy_median,connectivity_inchikey,20,1,0.05,19,0.6489030023,0.22164147950000002,0.671390450868421,0.022487448568420998
biogen_hppb,Biogen,split2,classical,dummy_median,dummy_median,tanimoto_ge_0_70,20,1,0.05,19,0.6489030023,0.22164147950000002,0.671390450868421,0.022487448568420998
biogen_hppb,Biogen,split2,classical,dummy_median,dummy_median,tanimoto_ge_0_80,20,1,0.05,19,0.6489030023,0.22164147950000002,0.671390450868421,0.022487448568420998
biogen_hppb,Biogen,split2,classical,dummy_median,dummy_median,tanimoto_ge_0_90,20,1,0.05,19,0.6489030023,0.22164147950000002,0.671390450868421,0.022487448568420998
biogen_hppb,Biogen,split2,classical,dummy_median,dummy_median,tanimoto_ge_0_95,20,1,0.05,19,0.6489030023,0.22164147950000002,0.671390450868421,0.022487448568420998
biogen_hppb,Biogen,split2,classical,ecfp4_lgbm,ecfp4_lgbm,standardized_exact,20,1,0.05,19,0.5356950388534503,0.7838079702750333,0.5226364635154722,-0.013058575337978051
biogen_hppb,Biogen,split2,classical,ecfp4_lgbm,ecfp4_lgbm,connectivity_inchikey,20,1,0.05,19,0.5356950388534503,0.7838079702750333,0.5226364635154722,-0.013058575337978051
biogen_hppb,Biogen,split2,classical,ecfp4_lgbm,ecfp4_lgbm,tanimoto_ge_0_70,20,1,0.05,19,0.5356950388534503,0.7838079702750333,0.5226364635154722,-0.013058575337978051
biogen_hppb,Biogen,split2,classical,ecfp4_lgbm,ecfp4_lgbm,tanimoto_ge_0_80,20,1,0.05,19,0.5356950388534503,0.7838079702750333,0.5226364635154722,-0.013058575337978051
biogen_hppb,Biogen,split2,classical,ecfp4_lgbm,ecfp4_lgbm,tanimoto_ge_0_90,20,1,0.05,19,0.5356950388534503,0.7838079702750333,0.5226364635154722,-0.013058575337978051
biogen_hppb,Biogen,split2,classical,ecfp4_lgbm,ecfp4_lgbm,tanimoto_ge_0_95,20,1,0.05,19,0.5356950388534503,0.7838079702750333,0.5226364635154722,-0.013058575337978051
biogen_hppb,Biogen,split2,classical,ecfp4_rf,ecfp4_rf,standardized_exact,20,1,0.05,19,0.5742850972030004,0.04183611638600082,0.6023087277723161,0.028023630569315783
biogen_hppb,Biogen,split2,classical,ecfp4_rf,ecfp4_rf,connectivity_inchikey,20,1,0.05,19,0.5742850972030004,0.04183611638600082,0.6023087277723161,0.028023630569315783
biogen_hppb,Biogen,split2,classical,ecfp4_rf,ecfp4_rf,tanimoto_ge_0_70,20,1,0.05,19,0.5742850972030004,0.04183611638600082,0.6023087277723161,0.028023630569315783
biogen_hppb,Biogen,split2,classical,ecfp4_rf,ecfp4_rf,tanimoto_ge_0_80,20,1,0.05,19,0.5742850972030004,0.04183611638600082,0.6023087277723161,0.028023630569315783
biogen_hppb,Biogen,split2,classical,ecfp4_rf,ecfp4_rf,tanimoto_ge_0_90,20,1,0.05,19,0.5742850972030004,0.04183611638600082,0.6023087277723161,0.028023630569315783
biogen_hppb,Biogen,split2,classical,ecfp4_rf,ecfp4_rf,tanimoto_ge_0_95,20,1,0.05,19,0.5742850972030004,0.04183611638600082,0.6023087277723161,0.028023630569315783
biogen_hppb,Biogen,split2,classical,rdkit_desc_lgbm,rdkit_desc_lgbm,standardized_exact,20,1,0.05,19,0.39689919457592676,0.7607497449635685,0.37774916560815613,-0.019150028967770627
biogen_hppb,Biogen,split2,classical,rdkit_desc_lgbm,rdkit_desc_lgbm,connectivity_inchikey,20,1,0.05,19,0.39689919457592676,0.7607497449635685,0.37774916560815613,-0.019150028967770627
biogen_hppb,Biogen,split2,classical,rdkit_desc_lgbm,rdkit_desc_lgbm,tanimoto_ge_0_70,20,1,0.05,19,0.39689919457592676,0.7607497449635685,0.37774916560815613,-0.019150028967770627
biogen_hppb,Biogen,split2,classical,rdkit_desc_lgbm,rdkit_desc_lgbm,tanimoto_ge_0_80,20,1,0.05,19,0.39689919457592676,0.7607497449635685,0.37774916560815613,-0.019150028967770627
biogen_hppb,Biogen,split2,classical,rdkit_desc_lgbm,rdkit_desc_lgbm,tanimoto_ge_0_90,20,1,0.05,19,0.39689919457592676,0.7607497449635685,0.37774916560815613,-0.019150028967770627
biogen_hppb,Biogen,split2,classical,rdkit_desc_lgbm,rdkit_desc_lgbm,tanimoto_ge_0_95,20,1,0.05,19,0.39689919457592676,0.7607497449635685,0.37774916560815613,-0.019150028967770627
biogen_hppb,Biogen,split2,classical,rdkit_desc_rf,rdkit_desc_rf,standardized_exact,20,1,0.05,19,0.4970163389512585,0.8686504800680935,0.47745664731353044,-0.019559691637728083
biogen_hppb,Biogen,split2,classical,rdkit_desc_rf,rdkit_desc_rf,connectivity_inchikey,20,1,0.05,19,0.4970163389512585,0.8686504800680935,0.47745664731353044,-0.019559691637728083
biogen_hppb,Biogen,split2,classical,rdkit_desc_rf,rdkit_desc_rf,tanimoto_ge_0_70,20,1,0.05,19,0.4970163389512585,0.8686504800680935,0.47745664731353044,-0.019559691637728083
biogen_hppb,Biogen,split2,classical,rdkit_desc_rf,rdkit_desc_rf,tanimoto_ge_0_80,20,1,0.05,19,0.4970163389512585,0.8686504800680935,0.47745664731353044,-0.019559691637728083
biogen_hppb,Biogen,split2,classical,rdkit_desc_rf,rdkit_desc_rf,tanimoto_ge_0_90,20,1,0.05,19,0.4970163389512585,0.8686504800680935,0.47745664731353044,-0.019559691637728083
biogen_hppb,Biogen,split2,classical,rdkit_desc_rf,rdkit_desc_rf,tanimoto_ge_0_95,20,1,0.05,19,0.4970163389512585,0.8686504800680935,0.47745664731353044,-0.019559691637728083
biogen_hppb,Biogen,split3,classical,dummy_median,dummy_median,standardized_exact,21,2,0.09523809523809523,19,0.9783494265714286,2.039655183,0.8666330311578947,-0.11171639541353395
biogen_hppb,Biogen,split3,classical,dummy_median,dummy_median,connectivity_inchikey,21,2,0.09523809523809523,19,0.9783494265714286,2.039655183,0.8666330311578947,-0.11171639541353395
biogen_hppb,Biogen,split3,classical,dummy_median,dummy_median,tanimoto_ge_0_70,21,3,0.14285714285714285,18,0.9783494265714286,2.1704243206666667,0.7796702775555555,-0.19867914901587314
biogen_hppb,Biogen,split3,classical,dummy_median,dummy_median,tanimoto_ge_0_80,21,3,0.14285714285714285,18,0.9783494265714286,2.1704243206666667,0.7796702775555555,-0.19867914901587314
biogen_hppb,Biogen,split3,classical,dummy_median,dummy_median,tanimoto_ge_0_90,21,2,0.09523809523809523,19,0.9783494265714286,2.039655183,0.8666330311578947,-0.11171639541353395
biogen_hppb,Biogen,split3,classical,dummy_median,dummy_median,tanimoto_ge_0_95,21,2,0.09523809523809523,19,0.9783494265714286,2.039655183,0.8666330311578947,-0.11171639541353395
biogen_hppb,Biogen,split3,classical,ecfp4_lgbm,ecfp4_lgbm,standardized_exact,21,2,0.09523809523809523,19,0.655194664344433,1.3828584343603385,0.5785984780269693,-0.07659618631746368
biogen_hppb,Biogen,split3,classical,ecfp4_lgbm,ecfp4_lgbm,connectivity_inchikey,21,2,0.09523809523809523,19,0.655194664344433,1.3828584343603385,0.5785984780269693,-0.07659618631746368
biogen_hppb,Biogen,split3,classical,ecfp4_lgbm,ecfp4_lgbm,tanimoto_ge_0_70,21,3,0.14285714285714285,18,0.655194664344433,1.4730275250636309,0.5188891875579,-0.13630547678653293
biogen_hppb,Biogen,split3,classical,ecfp4_lgbm,ecfp4_lgbm,tanimoto_ge_0_80,21,3,0.14285714285714285,18,0.655194664344433,1.4730275250636309,0.5188891875579,-0.13630547678653293
biogen_hppb,Biogen,split3,classical,ecfp4_lgbm,ecfp4_lgbm,tanimoto_ge_0_90,21,2,0.09523809523809523,19,0.655194664344433,1.3828584343603385,0.5785984780269693,-0.07659618631746368
biogen_hppb,Biogen,split3,classical,ecfp4_lgbm,ecfp4_lgbm,tanimoto_ge_0_95,21,2,0.09523809523809523,19,0.655194664344433,1.3828584343603385,0.5785984780269693,-0.07659618631746368
biogen_hppb,Biogen,split3,classical,ecfp4_rf,ecfp4_rf,standardized_exact,21,2,0.09523809523809523,19,0.7272761875348573,1.6573930712240004,0.6293691471465263,-0.09790704038833109
biogen_hppb,Biogen,split3,classical,ecfp4_rf,ecfp4_rf,connectivity_inchikey,21,2,0.09523809523809523,19,0.7272761875348573,1.6573930712240004,0.6293691471465263,-0.09790704038833109
biogen_hppb,Biogen,split3,classical,ecfp4_rf,ecfp4_rf,tanimoto_ge_0_70,21,3,0.14285714285714285,18,0.7272761875348573,1.8008663682886672,0.5483444907425554,-0.17893169679230192
biogen_hppb,Biogen,split3,classical,ecfp4_rf,ecfp4_rf,tanimoto_ge_0_80,21,3,0.14285714285714285,18,0.7272761875348573,1.8008663682886672,0.5483444907425554,-0.17893169679230192
biogen_hppb,Biogen,split3,classical,ecfp4_rf,ecfp4_rf,tanimoto_ge_0_90,21,2,0.09523809523809523,19,0.7272761875348573,1.6573930712240004,0.6293691471465263,-0.09790704038833109
biogen_hppb,Biogen,split3,classical,ecfp4_rf,ecfp4_rf,tanimoto_ge_0_95,21,2,0.09523809523809523,19,0.7272761875348573,1.6573930712240004,0.6293691471465263,-0.09790704038833109
biogen_hppb,Biogen,split3,classical,rdkit_desc_lgbm,rdkit_desc_lgbm,standardized_exact,21,2,0.09523809523809523,19,0.6467230433542072,1.6515418348288984,0.5409526442516079,-0.10577039910259922
biogen_hppb,Biogen,split3,classical,rdkit_desc_lgbm,rdkit_desc_lgbm,connectivity_inchikey,21,2,0.09523809523809523,19,0.6467230433542072,1.6515418348288984,0.5409526442516079,-0.10577039910259922
biogen_hppb,Biogen,split3,classical,rdkit_desc_lgbm,rdkit_desc_lgbm,tanimoto_ge_0_70,21,3,0.14285714285714285,18,0.6467230433542072,1.7200705577358588,0.46783179095726507,-0.1788912523969421
biogen_hppb,Biogen,split3,classical,rdkit_desc_lgbm,rdkit_desc_lgbm,tanimoto_ge_0_80,21,3,0.14285714285714285,18,0.6467230433542072,1.7200705577358588,0.46783179095726507,-0.1788912523969421
biogen_hppb,Biogen,split3,classical,rdkit_desc_lgbm,rdkit_desc_lgbm,tanimoto_ge_0_90,21,2,0.09523809523809523,19,0.6467230433542072,1.6515418348288984,0.5409526442516079,-0.10577039910259922
biogen_hppb,Biogen,split3,classical,rdkit_desc_lgbm,rdkit_desc_lgbm,tanimoto_ge_0_95,21,2,0.09523809523809523,19,0.6467230433542072,1.6515418348288984,0.5409526442516079,-0.10577039910259922
biogen_hppb,Biogen,split3,classical,rdkit_desc_rf,rdkit_desc_rf,standardized_exact,21,2,0.09523809523809523,19,0.6195871696855234,1.6254397643819996,0.5137079491911575,-0.10587922049436593
biogen_hppb,Biogen,split3,classical,rdkit_desc_rf,rdkit_desc_rf,connectivity_inchikey,21,2,0.09523809523809523,19,0.6195871696855234,1.6254397643819996,0.5137079491911575,-0.10587922049436593
biogen_hppb,Biogen,split3,classical,rdkit_desc_rf,rdkit_desc_rf,tanimoto_ge_0_70,21,3,0.14285714285714285,18,0.6195871696855234,1.6611114118566663,0.445999795990333,-0.1735873736951904
biogen_hppb,Biogen,split3,classical,rdkit_desc_rf,rdkit_desc_rf,tanimoto_ge_0_80,21,3,0.14285714285714285,18,0.6195871696855234,1.6611114118566663,0.445999795990333,-0.1735873736951904
biogen_hppb,Biogen,split3,classical,rdkit_desc_rf,rdkit_desc_rf,tanimoto_ge_0_90,21,2,0.09523809523809523,19,0.6195871696855234,1.6254397643819996,0.5137079491911575,-0.10587922049436593
biogen_hppb,Biogen,split3,classical,rdkit_desc_rf,rdkit_desc_rf,tanimoto_ge_0_95,21,2,0.09523809523809523,19,0.6195871696855234,1.6254397643819996,0.5137079491911575,-0.10587922049436593
biogen_mdr1,Biogen,split1,classical,dummy_median,dummy_median,standardized_exact,77,2,0.025974025974025976,75,0.6598847908376625,0.780534897,0.6566674546733334,-0.0032173361643290654
biogen_mdr1,Biogen,split1,classical,dummy_median,dummy_median,connectivity_inchikey,77,4,0.05194805194805195,73,0.6598847908376625,0.783914292,0.6530886537876712,-0.006796137049991269
biogen_mdr1,Biogen,split1,classical,dummy_median,dummy_median,tanimoto_ge_0_70,77,13,0.16883116883116883,64,0.6598847908376625,0.5329104911923077,0.685676445453125,0.02579165461546251
biogen_mdr1,Biogen,split1,classical,dummy_median,dummy_median,tanimoto_ge_0_80,77,4,0.05194805194805195,73,0.6598847908376625,0.783914292,0.6530886537876712,-0.006796137049991269
biogen_mdr1,Biogen,split1,classical,dummy_median,dummy_median,tanimoto_ge_0_90,77,4,0.05194805194805195,73,0.6598847908376625,0.783914292,0.6530886537876712,-0.006796137049991269
biogen_mdr1,Biogen,split1,classical,dummy_median,dummy_median,tanimoto_ge_0_95,77,4,0.05194805194805195,73,0.6598847908376625,0.783914292,0.6530886537876712,-0.006796137049991269
biogen_mdr1,Biogen,split1,classical,ecfp4_lgbm,ecfp4_lgbm,standardized_exact,77,2,0.025974025974025976,75,0.4030310709397247,0.03691366436058917,0.41279420178183496,0.00976313084211028
biogen_mdr1,Biogen,split1,classical,ecfp4_lgbm,ecfp4_lgbm,connectivity_inchikey,77,4,0.05194805194805195,73,0.4030310709397247,0.23293742258541855,0.4123512708495497,0.009320199909825022
biogen_mdr1,Biogen,split1,classical,ecfp4_lgbm,ecfp4_lgbm,tanimoto_ge_0_70,77,13,0.16883116883116883,64,0.4030310709397247,0.21012685328249647,0.4422147401513491,0.03918366921162442
biogen_mdr1,Biogen,split1,classical,ecfp4_lgbm,ecfp4_lgbm,tanimoto_ge_0_80,77,4,0.05194805194805195,73,0.4030310709397247,0.23293742258541855,0.4123512708495497,0.009320199909825022
biogen_mdr1,Biogen,split1,classical,ecfp4_lgbm,ecfp4_lgbm,tanimoto_ge_0_90,77,4,0.05194805194805195,73,0.4030310709397247,0.23293742258541855,0.4123512708495497,0.009320199909825022
biogen_mdr1,Biogen,split1,classical,ecfp4_lgbm,ecfp4_lgbm,tanimoto_ge_0_95,77,4,0.05194805194805195,73,0.4030310709397247,0.23293742258541855,0.4123512708495497,0.009320199909825022
biogen_mdr1,Biogen,split1,classical,ecfp4_rf,ecfp4_rf,standardized_exact,77,2,0.025974025974025976,75,0.49565201710495493,0.47548451537412184,0.49618981715111055,0.0005378000461556121
biogen_mdr1,Biogen,split1,classical,ecfp4_rf,ecfp4_rf,connectivity_inchikey,77,4,0.05194805194805195,73,0.49565201710495493,0.528071469617906,0.4938756087480809,-0.0017764083568740374
biogen_mdr1,Biogen,split1,classical,ecfp4_rf,ecfp4_rf,tanimoto_ge_0_70,77,13,0.16883116883116883,64,0.49565201710495493,0.3334750735794082,0.5285942087585817,0.03294219165362672
biogen_mdr1,Biogen,split1,classical,ecfp4_rf,ecfp4_rf,tanimoto_ge_0_80,77,4,0.05194805194805195,73,0.49565201710495493,0.528071469617906,0.4938756087480809,-0.0017764083568740374
biogen_mdr1,Biogen,split1,classical,ecfp4_rf,ecfp4_rf,tanimoto_ge_0_90,77,4,0.05194805194805195,73,0.49565201710495493,0.528071469617906,0.4938756087480809,-0.0017764083568740374
biogen_mdr1,Biogen,split1,classical,ecfp4_rf,ecfp4_rf,tanimoto_ge_0_95,77,4,0.05194805194805195,73,0.49565201710495493,0.528071469617906,0.4938756087480809,-0.0017764083568740374
biogen_mdr1,Biogen,split1,classical,rdkit_desc_lgbm,rdkit_desc_lgbm,standardized_exact,77,2,0.025974025974025976,75,0.35895891408388814,0.0093095471574553,0.36828289720192636,0.009323983118038226
biogen_mdr1,Biogen,split1,classical,rdkit_desc_lgbm,rdkit_desc_lgbm,connectivity_inchikey,77,4,0.05194805194805195,73,0.35895891408388814,0.10507988931787807,0.37287009352312156,0.013911179439233423
biogen_mdr1,Biogen,split1,classical,rdkit_desc_lgbm,rdkit_desc_lgbm,tanimoto_ge_0_70,77,13,0.16883116883116883,64,0.35895891408388814,0.1190987602303378,0.40768050783539056,0.04872159375150242
biogen_mdr1,Biogen,split1,classical,rdkit_desc_lgbm,rdkit_desc_lgbm,tanimoto_ge_0_80,77,4,0.05194805194805195,73,0.35895891408388814,0.10507988931787807,0.37287009352312156,0.013911179439233423
biogen_mdr1,Biogen,split1,classical,rdkit_desc_lgbm,rdkit_desc_lgbm,tanimoto_ge_0_90,77,4,0.05194805194805195,73,0.35895891408388814,0.10507988931787807,0.37287009352312156,0.013911179439233423
biogen_mdr1,Biogen,split1,classical,rdkit_desc_lgbm,rdkit_desc_lgbm,tanimoto_ge_0_95,77,4,0.05194805194805195,73,0.35895891408388814,0.10507988931787807,0.37287009352312156,0.013911179439233423
biogen_mdr1,Biogen,split1,classical,rdkit_desc_rf,rdkit_desc_rf,standardized_exact,77,2,0.025974025974025976,75,0.3929884183170483,0.15986237840543435,0.39920511271469133,0.006216694397643052
biogen_mdr1,Biogen,split1,classical,rdkit_desc_rf,rdkit_desc_rf,connectivity_inchikey,77,4,0.05194805194805195,73,0.3929884183170483,0.2081891485047847,0.4031144057040216,0.010125987386973345
biogen_mdr1,Biogen,split1,classical,rdkit_desc_rf,rdkit_desc_rf,tanimoto_ge_0_70,77,13,0.16883116883116883,64,0.3929884183170483,0.1914070005350184,0.43393464380402313,0.04094622548697485
biogen_mdr1,Biogen,split1,classical,rdkit_desc_rf,rdkit_desc_rf,tanimoto_ge_0_80,77,4,0.05194805194805195,73,0.3929884183170483,0.2081891485047847,0.4031144057040216,0.010125987386973345
biogen_mdr1,Biogen,split1,classical,rdkit_desc_rf,rdkit_desc_rf,tanimoto_ge_0_90,77,4,0.05194805194805195,73,0.3929884183170483,0.2081891485047847,0.4031144057040216,0.010125987386973345
biogen_mdr1,Biogen,split1,classical,rdkit_desc_rf,rdkit_desc_rf,tanimoto_ge_0_95,77,4,0.05194805194805195,73,0.3929884183170483,0.2081891485047847,0.4031144057040216,0.010125987386973345
biogen_mdr1,Biogen,split2,classical,dummy_median,dummy_median,standardized_exact,75,2,0.02666666666666667,73,0.6456227166266667,0.9231097085,0.6380203332876713,-0.007602383338995433
biogen_mdr1,Biogen,split2,classical,dummy_median,dummy_median,connectivity_inchikey,75,2,0.02666666666666667,73,0.6456227166266667,0.9231097085,0.6380203332876713,-0.007602383338995433
biogen_mdr1,Biogen,split2,classical,dummy_median,dummy_median,tanimoto_ge_0_70,75,5,0.06666666666666667,70,0.6456227166266667,0.5902727927999999,0.6495762826142858,0.00395356598761909
biogen_mdr1,Biogen,split2,classical,dummy_median,dummy_median,tanimoto_ge_0_80,75,3,0.04,72,0.6456227166266667,0.7225482676666667,0.6424174853333332,-0.003205231293333499
biogen_mdr1,Biogen,split2,classical,dummy_median,dummy_median,tanimoto_ge_0_90,75,3,0.04,72,0.6456227166266667,0.7225482676666667,0.6424174853333332,-0.003205231293333499
biogen_mdr1,Biogen,split2,classical,dummy_median,dummy_median,tanimoto_ge_0_95,75,2,0.02666666666666667,73,0.6456227166266667,0.9231097085,0.6380203332876713,-0.007602383338995433
biogen_mdr1,Biogen,split2,classical,ecfp4_lgbm,ecfp4_lgbm,standardized_exact,75,2,0.02666666666666667,73,0.35924000680864815,0.2078266918020531,0.36338831680882894,0.004148310000180788
biogen_mdr1,Biogen,split2,classical,ecfp4_lgbm,ecfp4_lgbm,connectivity_inchikey,75,2,0.02666666666666667,73,0.35924000680864815,0.2078266918020531,0.36338831680882894,0.004148310000180788
biogen_mdr1,Biogen,split2,classical,ecfp4_lgbm,ecfp4_lgbm,tanimoto_ge_0_70,75,5,0.06666666666666667,70,0.35924000680864815,0.2550073045757145,0.3666851998252863,0.007445193016638152
biogen_mdr1,Biogen,split2,classical,ecfp4_lgbm,ecfp4_lgbm,tanimoto_ge_0_80,75,3,0.04,72,0.35924000680864815,0.41409722807531796,0.3569542892558703,-0.002285717552777844
biogen_mdr1,Biogen,split2,classical,ecfp4_lgbm,ecfp4_lgbm,tanimoto_ge_0_90,75,3,0.04,72,0.35924000680864815,0.41409722807531796,0.3569542892558703,-0.002285717552777844
biogen_mdr1,Biogen,split2,classical,ecfp4_lgbm,ecfp4_lgbm,tanimoto_ge_0_95,75,2,0.02666666666666667,73,0.35924000680864815,0.2078266918020531,0.36338831680882894,0.004148310000180788
biogen_mdr1,Biogen,split2,classical,ecfp4_rf,ecfp4_rf,standardized_exact,75,2,0.02666666666666667,73,0.4243286941949595,0.36257544229261185,0.42602056411009226,0.0016918699151327599
biogen_mdr1,Biogen,split2,classical,ecfp4_rf,ecfp4_rf,connectivity_inchikey,75,2,0.02666666666666667,73,0.4243286941949595,0.36257544229261185,0.42602056411009226,0.0016918699151327599
biogen_mdr1,Biogen,split2,classical,ecfp4_rf,ecfp4_rf,tanimoto_ge_0_70,75,5,0.06666666666666667,70,0.4243286941949595,0.3120509288115776,0.43234853457948674,0.008019840384527244
biogen_mdr1,Biogen,split2,classical,ecfp4_rf,ecfp4_rf,tanimoto_ge_0_80,75,3,0.04,72,0.4243286941949595,0.3980901683506047,0.42542196610514094,0.001093271910181437
biogen_mdr1,Biogen,split2,classical,ecfp4_rf,ecfp4_rf,tanimoto_ge_0_90,75,3,0.04,72,0.4243286941949595,0.3980901683506047,0.42542196610514094,0.001093271910181437
biogen_mdr1,Biogen,split2,classical,ecfp4_rf,ecfp4_rf,tanimoto_ge_0_95,75,2,0.02666666666666667,73,0.4243286941949595,0.36257544229261185,0.42602056411009226,0.0016918699151327599
biogen_mdr1,Biogen,split2,classical,rdkit_desc_lgbm,rdkit_desc_lgbm,standardized_exact,75,2,0.02666666666666667,73,0.36365752213052943,0.2898195450125353,0.3656804804077347,0.002022958277205278
biogen_mdr1,Biogen,split2,classical,rdkit_desc_lgbm,rdkit_desc_lgbm,connectivity_inchikey,75,2,0.02666666666666667,73,0.36365752213052943,0.2898195450125353,0.3656804804077347,0.002022958277205278
biogen_mdr1,Biogen,split2,classical,rdkit_desc_lgbm,rdkit_desc_lgbm,tanimoto_ge_0_70,75,5,0.06666666666666667,70,0.36365752213052943,0.24636620946703774,0.37203547303506457,0.008377950904535136
biogen_mdr1,Biogen,split2,classical,rdkit_desc_lgbm,rdkit_desc_lgbm,tanimoto_ge_0_80,75,3,0.04,72,0.36365752213052943,0.36600185877594127,0.36355984143697057,-9.768069355886588e-05
biogen_mdr1,Biogen,split2,classical,rdkit_desc_lgbm,rdkit_desc_lgbm,tanimoto_ge_0_90,75,3,0.04,72,0.36365752213052943,0.36600185877594127,0.36355984143697057,-9.768069355886588e-05
biogen_mdr1,Biogen,split2,classical,rdkit_desc_lgbm,rdkit_desc_lgbm,tanimoto_ge_0_95,75,2,0.02666666666666667,73,0.36365752213052943,0.2898195450125353,0.3656804804077347,0.002022958277205278
biogen_mdr1,Biogen,split2,classical,rdkit_desc_rf,rdkit_desc_rf,standardized_exact,75,2,0.02666666666666667,73,0.41278835181564905,0.1693683854645356,0.41945739198965226,0.006669040174003216
biogen_mdr1,Biogen,split2,classical,rdkit_desc_rf,rdkit_desc_rf,connectivity_inchikey,75,2,0.02666666666666667,73,0.41278835181564905,0.1693683854645356,0.41945739198965226,0.006669040174003216
biogen_mdr1,Biogen,split2,classical,rdkit_desc_rf,rdkit_desc_rf,tanimoto_ge_0_70,75,5,0.06666666666666667,70,0.41278835181564905,0.17314561479786666,0.4299056901740621,0.01711733835841306
biogen_mdr1,Biogen,split2,classical,rdkit_desc_rf,rdkit_desc_rf,tanimoto_ge_0_80,75,3,0.04,72,0.41278835181564905,0.20356399074340129,0.4215060335269928,0.008717681711343739
biogen_mdr1,Biogen,split2,classical,rdkit_desc_rf,rdkit_desc_rf,tanimoto_ge_0_90,75,3,0.04,72,0.41278835181564905,0.20356399074340129,0.4215060335269928,0.008717681711343739
biogen_mdr1,Biogen,split2,classical,rdkit_desc_rf,rdkit_desc_rf,tanimoto_ge_0_95,75,2,0.02666666666666667,73,0.41278835181564905,0.1693683854645356,0.41945739198965226,0.006669040174003216
biogen_mdr1,Biogen,split3,classical,dummy_median,dummy_median,standardized_exact,76,3,0.039473684210526314,73,0.5403829909342107,0.6000681326666666,0.5379301768904109,-0.0024528140437998225
biogen_mdr1,Biogen,split3,classical,dummy_median,dummy_median,connectivity_inchikey,76,3,0.039473684210526314,73,0.5403829909342107,0.6000681326666666,0.5379301768904109,-0.0024528140437998225
biogen_mdr1,Biogen,split3,classical,dummy_median,dummy_median,tanimoto_ge_0_70,76,7,0.09210526315789473,69,0.5403829909342107,0.5539662382857141,0.5390049803333333,-0.0013780106008773885
biogen_mdr1,Biogen,split3,classical,dummy_median,dummy_median,tanimoto_ge_0_80,76,4,0.05263157894736842,72,0.5403829909342107,0.7015414129999998,0.5314297452638889,-0.008953245670321852
biogen_mdr1,Biogen,split3,classical,dummy_median,dummy_median,tanimoto_ge_0_90,76,3,0.039473684210526314,73,0.5403829909342107,0.6000681326666666,0.5379301768904109,-0.0024528140437998225
biogen_mdr1,Biogen,split3,classical,dummy_median,dummy_median,tanimoto_ge_0_95,76,3,0.039473684210526314,73,0.5403829909342107,0.6000681326666666,0.5379301768904109,-0.0024528140437998225
biogen_mdr1,Biogen,split3,classical,ecfp4_lgbm,ecfp4_lgbm,standardized_exact,76,3,0.039473684210526314,73,0.3553845004116461,0.2878562494574352,0.3581596340125041,0.002775133600858015
biogen_mdr1,Biogen,split3,classical,ecfp4_lgbm,ecfp4_lgbm,connectivity_inchikey,76,3,0.039473684210526314,73,0.3553845004116461,0.2878562494574352,0.3581596340125041,0.002775133600858015
biogen_mdr1,Biogen,split3,classical,ecfp4_lgbm,ecfp4_lgbm,tanimoto_ge_0_70,76,7,0.09210526315789473,69,0.3553845004116461,0.28258524978125193,0.36276993163501947,0.007385431223373373
biogen_mdr1,Biogen,split3,classical,ecfp4_lgbm,ecfp4_lgbm,tanimoto_ge_0_80,76,4,0.05263157894736842,72,0.3553845004116461,0.3529280275072875,0.35552097112855496,0.00013647071690886525
biogen_mdr1,Biogen,split3,classical,ecfp4_lgbm,ecfp4_lgbm,tanimoto_ge_0_90,76,3,0.039473684210526314,73,0.3553845004116461,0.2878562494574352,0.3581596340125041,0.002775133600858015
biogen_mdr1,Biogen,split3,classical,ecfp4_lgbm,ecfp4_lgbm,tanimoto_ge_0_95,76,3,0.039473684210526314,73,0.3553845004116461,0.2878562494574352,0.3581596340125041,0.002775133600858015
biogen_mdr1,Biogen,split3,classical,ecfp4_rf,ecfp4_rf,standardized_exact,76,3,0.039473684210526314,73,0.42982592806892106,0.5084116604013332,0.42659637742512324,-0.0032295506437978183
biogen_mdr1,Biogen,split3,classical,ecfp4_rf,ecfp4_rf,connectivity_inchikey,76,3,0.039473684210526314,73,0.42982592806892106,0.5084116604013332,0.42659637742512324,-0.0032295506437978183
biogen_mdr1,Biogen,split3,classical,ecfp4_rf,ecfp4_rf,tanimoto_ge_0_70,76,7,0.09210526315789473,69,0.42982592806892106,0.35790927639228537,0.43712182026800006,0.0072958921990790015
biogen_mdr1,Biogen,split3,classical,ecfp4_rf,ecfp4_rf,tanimoto_ge_0_80,76,4,0.05263157894736842,72,0.42982592806892106,0.4050929913524996,0.4311999801087222,0.0013740520398011213
biogen_mdr1,Biogen,split3,classical,ecfp4_rf,ecfp4_rf,tanimoto_ge_0_90,76,3,0.039473684210526314,73,0.42982592806892106,0.5084116604013332,0.42659637742512324,-0.0032295506437978183
biogen_mdr1,Biogen,split3,classical,ecfp4_rf,ecfp4_rf,tanimoto_ge_0_95,76,3,0.039473684210526314,73,0.42982592806892106,0.5084116604013332,0.42659637742512324,-0.0032295506437978183
biogen_mdr1,Biogen,split3,classical,rdkit_desc_lgbm,rdkit_desc_lgbm,standardized_exact,76,3,0.039473684210526314,73,0.37585443644666683,0.3598488935428115,0.3765121984838115,0.0006577620371446824
biogen_mdr1,Biogen,split3,classical,rdkit_desc_lgbm,rdkit_desc_lgbm,connectivity_inchikey,76,3,0.039473684210526314,73,0.37585443644666683,0.3598488935428115,0.3765121984838115,0.0006577620371446824
biogen_mdr1,Biogen,split3,classical,rdkit_desc_lgbm,rdkit_desc_lgbm,tanimoto_ge_0_70,76,7,0.09210526315789473,69,0.37585443644666683,0.2473843593985916,0.3888876326689352,0.013033196222268395
biogen_mdr1,Biogen,split3,classical,rdkit_desc_lgbm,rdkit_desc_lgbm,tanimoto_ge_0_80,76,4,0.05263157894736842,72,0.37585443644666683,0.4065722794794039,0.37414788961151474,-0.0017065468351520896
biogen_mdr1,Biogen,split3,classical,rdkit_desc_lgbm,rdkit_desc_lgbm,tanimoto_ge_0_90,76,3,0.039473684210526314,73,0.37585443644666683,0.3598488935428115,0.3765121984838115,0.0006577620371446824
biogen_mdr1,Biogen,split3,classical,rdkit_desc_lgbm,rdkit_desc_lgbm,tanimoto_ge_0_95,76,3,0.039473684210526314,73,0.37585443644666683,0.3598488935428115,0.3765121984838115,0.0006577620371446824
biogen_mdr1,Biogen,split3,classical,rdkit_desc_rf,rdkit_desc_rf,standardized_exact,76,3,0.039473684210526314,73,0.4063245102755681,0.3391498630831666,0.4090851122149819,0.002760601939413798
biogen_mdr1,Biogen,split3,classical,rdkit_desc_rf,rdkit_desc_rf,connectivity_inchikey,76,3,0.039473684210526314,73,0.4063245102755681,0.3391498630831666,0.4090851122149819,0.002760601939413798
biogen_mdr1,Biogen,split3,classical,rdkit_desc_rf,rdkit_desc_rf,tanimoto_ge_0_70,76,7,0.09210526315789473,69,0.4063245102755681,0.24274659639962165,0.4229193711035627,0.016594860827994606
biogen_mdr1,Biogen,split3,classical,rdkit_desc_rf,rdkit_desc_rf,tanimoto_ge_0_80,76,4,0.05263157894736842,72,0.4063245102755681,0.34924120431865,0.4094958050509524,0.0031712947753843035
biogen_mdr1,Biogen,split3,classical,rdkit_desc_rf,rdkit_desc_rf,tanimoto_ge_0_90,76,3,0.039473684210526314,73,0.4063245102755681,0.3391498630831666,0.4090851122149819,0.002760601939413798
biogen_mdr1,Biogen,split3,classical,rdkit_desc_rf,rdkit_desc_rf,tanimoto_ge_0_95,76,3,0.039473684210526314,73,0.4063245102755681,0.3391498630831666,0.4090851122149819,0.002760601939413798
biogen_rlm,Biogen,split1,classical,dummy_median,dummy_median,standardized_exact,107,2,0.018691588785046728,105,0.5874809118317756,0.3150219809999999,0.5926706057523811,0.0051896939206054205
biogen_rlm,Biogen,split1,classical,dummy_median,dummy_median,connectivity_inchikey,107,2,0.018691588785046728,105,0.5874809118317756,0.3150219809999999,0.5926706057523811,0.0051896939206054205
biogen_rlm,Biogen,split1,classical,dummy_median,dummy_median,tanimoto_ge_0_70,107,7,0.06542056074766354,100,0.5874809118317756,0.3199182485714286,0.60621029826,0.018729386428224304
biogen_rlm,Biogen,split1,classical,dummy_median,dummy_median,tanimoto_ge_0_80,107,3,0.028037383177570093,104,0.5874809118317756,0.22037964533333332,0.5980703714423077,0.010589459610532037
biogen_rlm,Biogen,split1,classical,dummy_median,dummy_median,tanimoto_ge_0_90,107,2,0.018691588785046728,105,0.5874809118317756,0.3150219809999999,0.5926706057523811,0.0051896939206054205
biogen_rlm,Biogen,split1,classical,dummy_median,dummy_median,tanimoto_ge_0_95,107,2,0.018691588785046728,105,0.5874809118317756,0.3150219809999999,0.5926706057523811,0.0051896939206054205
biogen_rlm,Biogen,split1,classical,ecfp4_lgbm,ecfp4_lgbm,standardized_exact,107,2,0.018691588785046728,105,0.4307597876262187,0.30789841002150553,0.43310000434249896,0.0023402167162802634
biogen_rlm,Biogen,split1,classical,ecfp4_lgbm,ecfp4_lgbm,connectivity_inchikey,107,2,0.018691588785046728,105,0.4307597876262187,0.30789841002150553,0.43310000434249896,0.0023402167162802634
biogen_rlm,Biogen,split1,classical,ecfp4_lgbm,ecfp4_lgbm,tanimoto_ge_0_70,107,7,0.06542056074766354,100,0.4307597876262187,0.2851436142132976,0.4409529197651233,0.010193132138904604
biogen_rlm,Biogen,split1,classical,ecfp4_lgbm,ecfp4_lgbm,tanimoto_ge_0_80,107,3,0.028037383177570093,104,0.4307597876262187,0.2505566914563657,0.4359579538618875,0.005198166235668822
biogen_rlm,Biogen,split1,classical,ecfp4_lgbm,ecfp4_lgbm,tanimoto_ge_0_90,107,2,0.018691588785046728,105,0.4307597876262187,0.30789841002150553,0.43310000434249896,0.0023402167162802634
biogen_rlm,Biogen,split1,classical,ecfp4_lgbm,ecfp4_lgbm,tanimoto_ge_0_95,107,2,0.018691588785046728,105,0.4307597876262187,0.30789841002150553,0.43310000434249896,0.0023402167162802634
biogen_rlm,Biogen,split1,classical,ecfp4_rf,ecfp4_rf,standardized_exact,107,2,0.018691588785046728,105,0.4958859917387844,0.17825622987700085,0.5019360824409136,0.006050090702129196
biogen_rlm,Biogen,split1,classical,ecfp4_rf,ecfp4_rf,connectivity_inchikey,107,2,0.018691588785046728,105,0.4958859917387844,0.17825622987700085,0.5019360824409136,0.006050090702129196
biogen_rlm,Biogen,split1,classical,ecfp4_rf,ecfp4_rf,tanimoto_ge_0_70,107,7,0.06542056074766354,100,0.4958859917387844,0.31957911154371443,0.5082274733524393,0.012341481613654948
biogen_rlm,Biogen,split1,classical,ecfp4_rf,ecfp4_rf,tanimoto_ge_0_80,107,3,0.028037383177570093,104,0.4958859917387844,0.29573801242666614,0.5016594911420186,0.0057734994032341835
biogen_rlm,Biogen,split1,classical,ecfp4_rf,ecfp4_rf,tanimoto_ge_0_90,107,2,0.018691588785046728,105,0.4958859917387844,0.17825622987700085,0.5019360824409136,0.006050090702129196
biogen_rlm,Biogen,split1,classical,ecfp4_rf,ecfp4_rf,tanimoto_ge_0_95,107,2,0.018691588785046728,105,0.4958859917387844,0.17825622987700085,0.5019360824409136,0.006050090702129196
biogen_rlm,Biogen,split1,classical,rdkit_desc_lgbm,rdkit_desc_lgbm,standardized_exact,107,2,0.018691588785046728,105,0.39669926050024346,0.10740091970298626,0.4022097050868579,0.005510444586614427
biogen_rlm,Biogen,split1,classical,rdkit_desc_lgbm,rdkit_desc_lgbm,connectivity_inchikey,107,2,0.018691588785046728,105,0.39669926050024346,0.10740091970298626,0.4022097050868579,0.005510444586614427
biogen_rlm,Biogen,split1,classical,rdkit_desc_lgbm,rdkit_desc_lgbm,tanimoto_ge_0_70,107,7,0.06542056074766354,100,0.39669926050024346,0.28602518503793195,0.4044464457826053,0.007747185282361846
biogen_rlm,Biogen,split1,classical,rdkit_desc_lgbm,rdkit_desc_lgbm,tanimoto_ge_0_80,107,3,0.028037383177570093,104,0.39669926050024346,0.297958192406101,0.39954756054142054,0.0028483000411770876
biogen_rlm,Biogen,split1,classical,rdkit_desc_lgbm,rdkit_desc_lgbm,tanimoto_ge_0_90,107,2,0.018691588785046728,105,0.39669926050024346,0.10740091970298626,0.4022097050868579,0.005510444586614427
biogen_rlm,Biogen,split1,classical,rdkit_desc_lgbm,rdkit_desc_lgbm,tanimoto_ge_0_95,107,2,0.018691588785046728,105,0.39669926050024346,0.10740091970298626,0.4022097050868579,0.005510444586614427
biogen_rlm,Biogen,split1,classical,rdkit_desc_rf,rdkit_desc_rf,standardized_exact,107,2,0.018691588785046728,105,0.4100697051756825,0.1662227983720005,0.4147144081624192,0.004644702986736748
biogen_rlm,Biogen,split1,classical,rdkit_desc_rf,rdkit_desc_rf,connectivity_inchikey,107,2,0.018691588785046728,105,0.4100697051756825,0.1662227983720005,0.4147144081624192,0.004644702986736748
biogen_rlm,Biogen,split1,classical,rdkit_desc_rf,rdkit_desc_rf,tanimoto_ge_0_70,107,7,0.06542056074766354,100,0.4100697051756825,0.26385981144771414,0.4203043977366402,0.010234692560957714
biogen_rlm,Biogen,split1,classical,rdkit_desc_rf,rdkit_desc_rf,tanimoto_ge_0_80,107,3,0.028037383177570093,104,0.4100697051756825,0.242490892898,0.4149037093760002,0.00483400420031771
biogen_rlm,Biogen,split1,classical,rdkit_desc_rf,rdkit_desc_rf,tanimoto_ge_0_90,107,2,0.018691588785046728,105,0.4100697051756825,0.1662227983720005,0.4147144081624192,0.004644702986736748
biogen_rlm,Biogen,split1,classical,rdkit_desc_rf,rdkit_desc_rf,tanimoto_ge_0_95,107,2,0.018691588785046728,105,0.4100697051756825,0.1662227983720005,0.4147144081624192,0.004644702986736748
biogen_rlm,Biogen,split2,classical,dummy_median,dummy_median,standardized_exact,124,5,0.04032258064516129,119,0.6358183797580645,0.6716264838,0.6343138375714288,-0.00150454218663576
biogen_rlm,Biogen,split2,classical,dummy_median,dummy_median,connectivity_inchikey,124,6,0.04838709677419355,118,0.6358183797580645,0.6112052686666667,0.637069893881356,0.0012515141232914972
biogen_rlm,Biogen,split2,classical,dummy_median,dummy_median,tanimoto_ge_0_70,124,9,0.07258064516129033,115,0.6358183797580645,0.7022029245555556,0.6306230675565218,-0.00519531220154279
biogen_rlm,Biogen,split2,classical,dummy_median,dummy_median,tanimoto_ge_0_80,124,6,0.04838709677419355,118,0.6358183797580645,0.6112052686666667,0.637069893881356,0.0012515141232914972
biogen_rlm,Biogen,split2,classical,dummy_median,dummy_median,tanimoto_ge_0_90,124,6,0.04838709677419355,118,0.6358183797580645,0.6112052686666667,0.637069893881356,0.0012515141232914972
biogen_rlm,Biogen,split2,classical,dummy_median,dummy_median,tanimoto_ge_0_95,124,6,0.04838709677419355,118,0.6358183797580645,0.6112052686666667,0.637069893881356,0.0012515141232914972
biogen_rlm,Biogen,split2,classical,ecfp4_lgbm,ecfp4_lgbm,standardized_exact,124,5,0.04032258064516129,119,0.4580869316382671,0.6326294339962752,0.45075321305179605,-0.0073337185864710275
biogen_rlm,Biogen,split2,classical,ecfp4_lgbm,ecfp4_lgbm,connectivity_inchikey,124,6,0.04838709677419355,118,0.4580869316382671,0.5309804655186365,0.454380480762994,-0.003706450875273104
biogen_rlm,Biogen,split2,classical,ecfp4_lgbm,ecfp4_lgbm,tanimoto_ge_0_70,124,9,0.07258064516129033,115,0.4580869316382671,0.4900196639489239,0.4555878482400417,-0.0024990833982253546
biogen_rlm,Biogen,split2,classical,ecfp4_lgbm,ecfp4_lgbm,tanimoto_ge_0_80,124,6,0.04838709677419355,118,0.4580869316382671,0.5309804655186365,0.454380480762994,-0.003706450875273104
biogen_rlm,Biogen,split2,classical,ecfp4_lgbm,ecfp4_lgbm,tanimoto_ge_0_90,124,6,0.04838709677419355,118,0.4580869316382671,0.5309804655186365,0.454380480762994,-0.003706450875273104
biogen_rlm,Biogen,split2,classical,ecfp4_lgbm,ecfp4_lgbm,tanimoto_ge_0_95,124,6,0.04838709677419355,118,0.4580869316382671,0.5309804655186365,0.454380480762994,-0.003706450875273104
biogen_rlm,Biogen,split2,classical,ecfp4_rf,ecfp4_rf,standardized_exact,124,5,0.04032258064516129,119,0.5394392317014143,0.5379132234621116,0.5395033496946621,6.4117993247792e-05
biogen_rlm,Biogen,split2,classical,ecfp4_rf,ecfp4_rf,connectivity_inchikey,124,6,0.04838709677419355,118,0.5394392317014143,0.48364913802882986,0.5422760161254437,0.0028367844240294593
biogen_rlm,Biogen,split2,classical,ecfp4_rf,ecfp4_rf,tanimoto_ge_0_70,124,9,0.07258064516129033,115,0.5394392317014143,0.5499365412455433,0.5386177031283953,-0.0008215285730189814
biogen_rlm,Biogen,split2,classical,ecfp4_rf,ecfp4_rf,tanimoto_ge_0_80,124,6,0.04838709677419355,118,0.5394392317014143,0.48364913802882986,0.5422760161254437,0.0028367844240294593
biogen_rlm,Biogen,split2,classical,ecfp4_rf,ecfp4_rf,tanimoto_ge_0_90,124,6,0.04838709677419355,118,0.5394392317014143,0.48364913802882986,0.5422760161254437,0.0028367844240294593
biogen_rlm,Biogen,split2,classical,ecfp4_rf,ecfp4_rf,tanimoto_ge_0_95,124,6,0.04838709677419355,118,0.5394392317014143,0.48364913802882986,0.5422760161254437,0.0028367844240294593
biogen_rlm,Biogen,split2,classical,rdkit_desc_lgbm,rdkit_desc_lgbm,standardized_exact,124,5,0.04032258064516129,119,0.40579085598303904,0.6131861967303085,0.39707676603567477,-0.008714089947364279
biogen_rlm,Biogen,split2,classical,rdkit_desc_lgbm,rdkit_desc_lgbm,connectivity_inchikey,124,6,0.04838709677419355,118,0.40579085598303904,0.5920787786892685,0.39631858872679004,-0.009472267256249
biogen_rlm,Biogen,split2,classical,rdkit_desc_lgbm,rdkit_desc_lgbm,tanimoto_ge_0_70,124,9,0.07258064516129033,115,0.40579085598303904,0.4395778287508913,0.40314665811425066,-0.0026441978687883894
biogen_rlm,Biogen,split2,classical,rdkit_desc_lgbm,rdkit_desc_lgbm,tanimoto_ge_0_80,124,6,0.04838709677419355,118,0.40579085598303904,0.5920787786892685,0.39631858872679004,-0.009472267256249
biogen_rlm,Biogen,split2,classical,rdkit_desc_lgbm,rdkit_desc_lgbm,tanimoto_ge_0_90,124,6,0.04838709677419355,118,0.40579085598303904,0.5920787786892685,0.39631858872679004,-0.009472267256249
biogen_rlm,Biogen,split2,classical,rdkit_desc_lgbm,rdkit_desc_lgbm,tanimoto_ge_0_95,124,6,0.04838709677419355,118,0.40579085598303904,0.5920787786892685,0.39631858872679004,-0.009472267256249
biogen_rlm,Biogen,split2,classical,rdkit_desc_rf,rdkit_desc_rf,standardized_exact,124,5,0.04032258064516129,119,0.42929193722925246,0.599123985943506,0.4221561368631074,-0.007135800366145084
biogen_rlm,Biogen,split2,classical,rdkit_desc_rf,rdkit_desc_rf,connectivity_inchikey,124,6,0.04838709677419355,118,0.42929193722925246,0.575519045604138,0.42185666053222437,-0.007435276697028093
biogen_rlm,Biogen,split2,classical,rdkit_desc_rf,rdkit_desc_rf,tanimoto_ge_0_70,124,9,0.07258064516129033,115,0.42929193722925246,0.4524485846834009,0.4274796778632757,-0.0018122593659767872
biogen_rlm,Biogen,split2,classical,rdkit_desc_rf,rdkit_desc_rf,tanimoto_ge_0_80,124,6,0.04838709677419355,118,0.42929193722925246,0.575519045604138,0.42185666053222437,-0.007435276697028093
biogen_rlm,Biogen,split2,classical,rdkit_desc_rf,rdkit_desc_rf,tanimoto_ge_0_90,124,6,0.04838709677419355,118,0.42929193722925246,0.575519045604138,0.42185666053222437,-0.007435276697028093
biogen_rlm,Biogen,split2,classical,rdkit_desc_rf,rdkit_desc_rf,tanimoto_ge_0_95,124,6,0.04838709677419355,118,0.42929193722925246,0.575519045604138,0.42185666053222437,-0.007435276697028093
biogen_rlm,Biogen,split3,classical,dummy_median,dummy_median,standardized_exact,104,4,0.038461538461538464,100,0.6966895714903847,0.5421864319999999,0.70286969707,0.0061801255796153365
biogen_rlm,Biogen,split3,classical,dummy_median,dummy_median,connectivity_inchikey,104,5,0.04807692307692308,99,0.6966895714903847,0.4906991068999999,0.7070931303080807,0.010403558817696057
biogen_rlm,Biogen,split3,classical,dummy_median,dummy_median,tanimoto_ge_0_70,104,12,0.11538461538461539,92,0.6966895714903847,0.5854518655833334,0.7111988374782608,0.014509265987876163
biogen_rlm,Biogen,split3,classical,dummy_median,dummy_median,tanimoto_ge_0_80,104,8,0.07692307692307693,96,0.6966895714903847,0.5752487717499999,0.7068096381354166,0.010120066645031955
biogen_rlm,Biogen,split3,classical,dummy_median,dummy_median,tanimoto_ge_0_90,104,5,0.04807692307692308,99,0.6966895714903847,0.4906991068999999,0.7070931303080807,0.010403558817696057
biogen_rlm,Biogen,split3,classical,dummy_median,dummy_median,tanimoto_ge_0_95,104,5,0.04807692307692308,99,0.6966895714903847,0.4906991068999999,0.7070931303080807,0.010403558817696057
biogen_rlm,Biogen,split3,classical,ecfp4_lgbm,ecfp4_lgbm,standardized_exact,104,4,0.038461538461538464,100,0.5055988200960806,0.39499181992198357,0.5100231001030445,0.004424280006963932
biogen_rlm,Biogen,split3,classical,ecfp4_lgbm,ecfp4_lgbm,connectivity_inchikey,104,5,0.04807692307692308,99,0.5055988200960806,0.4414337912280967,0.5088394781197162,0.003240658023635601
biogen_rlm,Biogen,split3,classical,ecfp4_lgbm,ecfp4_lgbm,tanimoto_ge_0_70,104,12,0.11538461538461539,92,0.5055988200960806,0.568963196888814,0.4973339013839849,-0.00826491871209567
biogen_rlm,Biogen,split3,classical,ecfp4_lgbm,ecfp4_lgbm,tanimoto_ge_0_80,104,8,0.07692307692307693,96,0.5055988200960806,0.40363143706131277,0.5140961020156447,0.008497281919564115
biogen_rlm,Biogen,split3,classical,ecfp4_lgbm,ecfp4_lgbm,tanimoto_ge_0_90,104,5,0.04807692307692308,99,0.5055988200960806,0.4414337912280967,0.5088394781197162,0.003240658023635601
biogen_rlm,Biogen,split3,classical,ecfp4_lgbm,ecfp4_lgbm,tanimoto_ge_0_95,104,5,0.04807692307692308,99,0.5055988200960806,0.4414337912280967,0.5088394781197162,0.003240658023635601
biogen_rlm,Biogen,split3,classical,ecfp4_rf,ecfp4_rf,standardized_exact,104,4,0.038461538461538464,100,0.5617958187080192,0.3660231993312549,0.5696267234830897,0.007830904775070535
biogen_rlm,Biogen,split3,classical,ecfp4_rf,ecfp4_rf,connectivity_inchikey,104,5,0.04807692307692308,99,0.5617958187080192,0.33677448056627424,0.5731605327555821,0.011364714047562896
biogen_rlm,Biogen,split3,classical,ecfp4_rf,ecfp4_rf,tanimoto_ge_0_70,104,12,0.11538461538461539,92,0.5617958187080192,0.48470429648569796,0.5718512346500612,0.010055415942041956
biogen_rlm,Biogen,split3,classical,ecfp4_rf,ecfp4_rf,tanimoto_ge_0_80,104,8,0.07692307692307693,96,0.5617958187080192,0.3632432183550103,0.5783418687374368,0.01654605002941756
biogen_rlm,Biogen,split3,classical,ecfp4_rf,ecfp4_rf,tanimoto_ge_0_90,104,5,0.04807692307692308,99,0.5617958187080192,0.33677448056627424,0.5731605327555821,0.011364714047562896
biogen_rlm,Biogen,split3,classical,ecfp4_rf,ecfp4_rf,tanimoto_ge_0_95,104,5,0.04807692307692308,99,0.5617958187080192,0.33677448056627424,0.5731605327555821,0.011364714047562896
biogen_rlm,Biogen,split3,classical,rdkit_desc_lgbm,rdkit_desc_lgbm,standardized_exact,104,4,0.038461538461538464,100,0.46603260821098486,0.3636708493362911,0.4701270785659726,0.004094470354987723
biogen_rlm,Biogen,split3,classical,rdkit_desc_lgbm,rdkit_desc_lgbm,connectivity_inchikey,104,5,0.04807692307692308,99,0.46603260821098486,0.2948564570424911,0.4746778683710098,0.008645260160024926
biogen_rlm,Biogen,split3,classical,rdkit_desc_lgbm,rdkit_desc_lgbm,tanimoto_ge_0_70,104,12,0.11538461538461539,92,0.46603260821098486,0.4632297085522497,0.466398203818646,0.00036559560766113997
biogen_rlm,Biogen,split3,classical,rdkit_desc_lgbm,rdkit_desc_lgbm,tanimoto_ge_0_80,104,8,0.07692307692307693,96,0.46603260821098486,0.37062838764024697,0.473982959925213,0.007950351714228143
biogen_rlm,Biogen,split3,classical,rdkit_desc_lgbm,rdkit_desc_lgbm,tanimoto_ge_0_90,104,5,0.04807692307692308,99,0.46603260821098486,0.2948564570424911,0.4746778683710098,0.008645260160024926
biogen_rlm,Biogen,split3,classical,rdkit_desc_lgbm,rdkit_desc_lgbm,tanimoto_ge_0_95,104,5,0.04807692307692308,99,0.46603260821098486,0.2948564570424911,0.4746778683710098,0.008645260160024926
biogen_rlm,Biogen,split3,classical,rdkit_desc_rf,rdkit_desc_rf,standardized_exact,104,4,0.038461538461538464,100,0.5140981202449539,0.3715359730262562,0.519800606133702,0.00570248588874811
biogen_rlm,Biogen,split3,classical,rdkit_desc_rf,rdkit_desc_rf,connectivity_inchikey,104,5,0.04807692307692308,99,0.5140981202449539,0.33503919440107544,0.5231415003380793,0.00904338009312533
biogen_rlm,Biogen,split3,classical,rdkit_desc_rf,rdkit_desc_rf,tanimoto_ge_0_70,104,12,0.11538461538461539,92,0.5140981202449539,0.4887679945377104,0.5174020496850293,0.003303929440075404
biogen_rlm,Biogen,split3,classical,rdkit_desc_rf,rdkit_desc_rf,tanimoto_ge_0_80,104,8,0.07692307692307693,96,0.5140981202449539,0.4017971617454647,0.5234565334532447,0.009358413208290783
biogen_rlm,Biogen,split3,classical,rdkit_desc_rf,rdkit_desc_rf,tanimoto_ge_0_90,104,5,0.04807692307692308,99,0.5140981202449539,0.33503919440107544,0.5231415003380793,0.00904338009312533
biogen_rlm,Biogen,split3,classical,rdkit_desc_rf,rdkit_desc_rf,tanimoto_ge_0_95,104,5,0.04807692307692308,99,0.5140981202449539,0.33503919440107544,0.5231415003380793,0.00904338009312533
biogen_rppb,Biogen,split1,classical,dummy_median,dummy_median,standardized_exact,20,1,0.05,19,0.52767143995,0.6417789965,0.5216657790789473,-0.006005660871052698
biogen_rppb,Biogen,split1,classical,dummy_median,dummy_median,connectivity_inchikey,20,1,0.05,19,0.52767143995,0.6417789965,0.5216657790789473,-0.006005660871052698
biogen_rppb,Biogen,split1,classical,dummy_median,dummy_median,tanimoto_ge_0_70,20,2,0.1,18,0.52767143995,0.34872584749999996,0.5475542835555555,0.019882843605555478
biogen_rppb,Biogen,split1,classical,dummy_median,dummy_median,tanimoto_ge_0_80,20,1,0.05,19,0.52767143995,0.6417789965,0.5216657790789473,-0.006005660871052698
biogen_rppb,Biogen,split1,classical,dummy_median,dummy_median,tanimoto_ge_0_90,20,1,0.05,19,0.52767143995,0.6417789965,0.5216657790789473,-0.006005660871052698
biogen_rppb,Biogen,split1,classical,dummy_median,dummy_median,tanimoto_ge_0_95,20,1,0.05,19,0.52767143995,0.6417789965,0.5216657790789473,-0.006005660871052698
biogen_rppb,Biogen,split1,classical,ecfp4_lgbm,ecfp4_lgbm,standardized_exact,20,1,0.05,19,0.43365091517858384,0.1290597877470896,0.44968202714866257,0.016031111970078726
biogen_rppb,Biogen,split1,classical,ecfp4_lgbm,ecfp4_lgbm,connectivity_inchikey,20,1,0.05,19,0.43365091517858384,0.1290597877470896,0.44968202714866257,0.016031111970078726
biogen_rppb,Biogen,split1,classical,ecfp4_lgbm,ecfp4_lgbm,tanimoto_ge_0_70,20,2,0.1,18,0.43365091517858384,0.13256049548318988,0.4671054062558499,0.03345449107726606
biogen_rppb,Biogen,split1,classical,ecfp4_lgbm,ecfp4_lgbm,tanimoto_ge_0_80,20,1,0.05,19,0.43365091517858384,0.1290597877470896,0.44968202714866257,0.016031111970078726
biogen_rppb,Biogen,split1,classical,ecfp4_lgbm,ecfp4_lgbm,tanimoto_ge_0_90,20,1,0.05,19,0.43365091517858384,0.1290597877470896,0.44968202714866257,0.016031111970078726
biogen_rppb,Biogen,split1,classical,ecfp4_lgbm,ecfp4_lgbm,tanimoto_ge_0_95,20,1,0.05,19,0.43365091517858384,0.1290597877470896,0.44968202714866257,0.016031111970078726
biogen_rppb,Biogen,split1,classical,ecfp4_rf,ecfp4_rf,standardized_exact,20,1,0.05,19,0.4123879803244003,0.04060017787799697,0.4319557594005269,0.019567779076126557
biogen_rppb,Biogen,split1,classical,ecfp4_rf,ecfp4_rf,connectivity_inchikey,20,1,0.05,19,0.4123879803244003,0.04060017787799697,0.4319557594005269,0.019567779076126557
biogen_rppb,Biogen,split1,classical,ecfp4_rf,ecfp4_rf,tanimoto_ge_0_70,20,2,0.1,18,0.4123879803244003,0.06930570502699884,0.45050823313522276,0.03812025281082243
biogen_rppb,Biogen,split1,classical,ecfp4_rf,ecfp4_rf,tanimoto_ge_0_80,20,1,0.05,19,0.4123879803244003,0.04060017787799697,0.4319557594005269,0.019567779076126557
biogen_rppb,Biogen,split1,classical,ecfp4_rf,ecfp4_rf,tanimoto_ge_0_90,20,1,0.05,19,0.4123879803244003,0.04060017787799697,0.4319557594005269,0.019567779076126557
biogen_rppb,Biogen,split1,classical,ecfp4_rf,ecfp4_rf,tanimoto_ge_0_95,20,1,0.05,19,0.4123879803244003,0.04060017787799697,0.4319557594005269,0.019567779076126557
biogen_rppb,Biogen,split1,classical,rdkit_desc_lgbm,rdkit_desc_lgbm,standardized_exact,20,1,0.05,19,0.492088534498922,0.10296751860251874,0.5125685879671537,0.020480053468231674
biogen_rppb,Biogen,split1,classical,rdkit_desc_lgbm,rdkit_desc_lgbm,connectivity_inchikey,20,1,0.05,19,0.492088534498922,0.10296751860251874,0.5125685879671537,0.020480053468231674
biogen_rppb,Biogen,split1,classical,rdkit_desc_lgbm,rdkit_desc_lgbm,tanimoto_ge_0_70,20,2,0.1,18,0.492088534498922,0.2433638325476975,0.5197246124935025,0.027636077994580566
biogen_rppb,Biogen,split1,classical,rdkit_desc_lgbm,rdkit_desc_lgbm,tanimoto_ge_0_80,20,1,0.05,19,0.492088534498922,0.10296751860251874,0.5125685879671537,0.020480053468231674
biogen_rppb,Biogen,split1,classical,rdkit_desc_lgbm,rdkit_desc_lgbm,tanimoto_ge_0_90,20,1,0.05,19,0.492088534498922,0.10296751860251874,0.5125685879671537,0.020480053468231674
biogen_rppb,Biogen,split1,classical,rdkit_desc_lgbm,rdkit_desc_lgbm,tanimoto_ge_0_95,20,1,0.05,19,0.492088534498922,0.10296751860251874,0.5125685879671537,0.020480053468231674
biogen_rppb,Biogen,split1,classical,rdkit_desc_rf,rdkit_desc_rf,standardized_exact,20,1,0.05,19,0.3869558507187002,0.029825444425998215,0.4057521878920003,0.018796337173300093
biogen_rppb,Biogen,split1,classical,rdkit_desc_rf,rdkit_desc_rf,connectivity_inchikey,20,1,0.05,19,0.3869558507187002,0.029825444425998215,0.4057521878920003,0.018796337173300093
biogen_rppb,Biogen,split1,classical,rdkit_desc_rf,rdkit_desc_rf,tanimoto_ge_0_70,20,2,0.1,18,0.3869558507187002,0.12956012340799916,0.41555537597544473,0.02859952525674453
biogen_rppb,Biogen,split1,classical,rdkit_desc_rf,rdkit_desc_rf,tanimoto_ge_0_80,20,1,0.05,19,0.3869558507187002,0.029825444425998215,0.4057521878920003,0.018796337173300093
biogen_rppb,Biogen,split1,classical,rdkit_desc_rf,rdkit_desc_rf,tanimoto_ge_0_90,20,1,0.05,19,0.3869558507187002,0.029825444425998215,0.4057521878920003,0.018796337173300093
biogen_rppb,Biogen,split1,classical,rdkit_desc_rf,rdkit_desc_rf,tanimoto_ge_0_95,20,1,0.05,19,0.3869558507187002,0.029825444425998215,0.4057521878920003,0.018796337173300093
biogen_rppb,Biogen,split2,classical,dummy_median,dummy_median,standardized_exact,20,4,0.2,16,0.7014247832499999,0.9349086744999999,0.6430538104375,-0.05837097281249992
biogen_rppb,Biogen,split2,classical,dummy_median,dummy_median,connectivity_inchikey,20,4,0.2,16,0.7014247832499999,0.9349086744999999,0.6430538104375,-0.05837097281249992
biogen_rppb,Biogen,split2,classical,dummy_median,dummy_median,tanimoto_ge_0_70,20,5,0.25,15,0.7014247832499999,0.9734410101,0.6107527076333333,-0.09067207561666657
biogen_rppb,Biogen,split2,classical,dummy_median,dummy_median,tanimoto_ge_0_80,20,5,0.25,15,0.7014247832499999,0.9734410101,0.6107527076333333,-0.09067207561666657
biogen_rppb,Biogen,split2,classical,dummy_median,dummy_median,tanimoto_ge_0_90,20,5,0.25,15,0.7014247832499999,0.9734410101,0.6107527076333333,-0.09067207561666657
biogen_rppb,Biogen,split2,classical,dummy_median,dummy_median,tanimoto_ge_0_95,20,4,0.2,16,0.7014247832499999,0.9349086744999999,0.6430538104375,-0.05837097281249992
biogen_rppb,Biogen,split2,classical,ecfp4_lgbm,ecfp4_lgbm,standardized_exact,20,4,0.2,16,0.47795565992913425,0.6672870959651045,0.43062280092014166,-0.04733285900899259
biogen_rppb,Biogen,split2,classical,ecfp4_lgbm,ecfp4_lgbm,connectivity_inchikey,20,4,0.2,16,0.47795565992913425,0.6672870959651045,0.43062280092014166,-0.04733285900899259
biogen_rppb,Biogen,split2,classical,ecfp4_lgbm,ecfp4_lgbm,tanimoto_ge_0_70,20,5,0.25,15,0.47795565992913425,0.6351569533702224,0.4255552287821048,-0.05240043114702947
biogen_rppb,Biogen,split2,classical,ecfp4_lgbm,ecfp4_lgbm,tanimoto_ge_0_80,20,5,0.25,15,0.47795565992913425,0.6351569533702224,0.4255552287821048,-0.05240043114702947
biogen_rppb,Biogen,split2,classical,ecfp4_lgbm,ecfp4_lgbm,tanimoto_ge_0_90,20,5,0.25,15,0.47795565992913425,0.6351569533702224,0.4255552287821048,-0.05240043114702947
biogen_rppb,Biogen,split2,classical,ecfp4_lgbm,ecfp4_lgbm,tanimoto_ge_0_95,20,4,0.2,16,0.47795565992913425,0.6672870959651045,0.43062280092014166,-0.04733285900899259
biogen_rppb,Biogen,split2,classical,ecfp4_rf,ecfp4_rf,standardized_exact,20,4,0.2,16,0.5557386985459376,0.7130153687570471,0.5164195309931603,-0.03931916755277731
biogen_rppb,Biogen,split2,classical,ecfp4_rf,ecfp4_rf,connectivity_inchikey,20,4,0.2,16,0.5557386985459376,0.7130153687570471,0.5164195309931603,-0.03931916755277731
biogen_rppb,Biogen,split2,classical,ecfp4_rf,ecfp4_rf,tanimoto_ge_0_70,20,5,0.25,15,0.5557386985459376,0.6623539620851371,0.5202002773662046,-0.03553842117973305
biogen_rppb,Biogen,split2,classical,ecfp4_rf,ecfp4_rf,tanimoto_ge_0_80,20,5,0.25,15,0.5557386985459376,0.6623539620851371,0.5202002773662046,-0.03553842117973305
biogen_rppb,Biogen,split2,classical,ecfp4_rf,ecfp4_rf,tanimoto_ge_0_90,20,5,0.25,15,0.5557386985459376,0.6623539620851371,0.5202002773662046,-0.03553842117973305
biogen_rppb,Biogen,split2,classical,ecfp4_rf,ecfp4_rf,tanimoto_ge_0_95,20,4,0.2,16,0.5557386985459376,0.7130153687570471,0.5164195309931603,-0.03931916755277731
biogen_rppb,Biogen,split2,classical,rdkit_desc_lgbm,rdkit_desc_lgbm,standardized_exact,20,4,0.2,16,0.5031881701766063,0.5309218181679283,0.4962547581787759,-0.00693341199783043
biogen_rppb,Biogen,split2,classical,rdkit_desc_lgbm,rdkit_desc_lgbm,connectivity_inchikey,20,4,0.2,16,0.5031881701766063,0.5309218181679283,0.4962547581787759,-0.00693341199783043
biogen_rppb,Biogen,split2,classical,rdkit_desc_lgbm,rdkit_desc_lgbm,tanimoto_ge_0_70,20,5,0.25,15,0.5031881701766063,0.42647868187749793,0.5287579996096425,0.025569829433036206
biogen_rppb,Biogen,split2,classical,rdkit_desc_lgbm,rdkit_desc_lgbm,tanimoto_ge_0_80,20,5,0.25,15,0.5031881701766063,0.42647868187749793,0.5287579996096425,0.025569829433036206
biogen_rppb,Biogen,split2,classical,rdkit_desc_lgbm,rdkit_desc_lgbm,tanimoto_ge_0_90,20,5,0.25,15,0.5031881701766063,0.42647868187749793,0.5287579996096425,0.025569829433036206
biogen_rppb,Biogen,split2,classical,rdkit_desc_lgbm,rdkit_desc_lgbm,tanimoto_ge_0_95,20,4,0.2,16,0.5031881701766063,0.5309218181679283,0.4962547581787759,-0.00693341199783043
biogen_rppb,Biogen,split2,classical,rdkit_desc_rf,rdkit_desc_rf,standardized_exact,20,4,0.2,16,0.5509535629617672,0.6454481808236249,0.5273299084963028,-0.02362365446546444
biogen_rppb,Biogen,split2,classical,rdkit_desc_rf,rdkit_desc_rf,connectivity_inchikey,20,4,0.2,16,0.5509535629617672,0.6454481808236249,0.5273299084963028,-0.02362365446546444
biogen_rppb,Biogen,split2,classical,rdkit_desc_rf,rdkit_desc_rf,tanimoto_ge_0_70,20,5,0.25,15,0.5509535629617672,0.5662481157895158,0.545855378685851,-0.00509818427591624
biogen_rppb,Biogen,split2,classical,rdkit_desc_rf,rdkit_desc_rf,tanimoto_ge_0_80,20,5,0.25,15,0.5509535629617672,0.5662481157895158,0.545855378685851,-0.00509818427591624
biogen_rppb,Biogen,split2,classical,rdkit_desc_rf,rdkit_desc_rf,tanimoto_ge_0_90,20,5,0.25,15,0.5509535629617672,0.5662481157895158,0.545855378685851,-0.00509818427591624
biogen_rppb,Biogen,split2,classical,rdkit_desc_rf,rdkit_desc_rf,tanimoto_ge_0_95,20,4,0.2,16,0.5509535629617672,0.6454481808236249,0.5273299084963028,-0.02362365446546444
biogen_rppb,Biogen,split3,classical,dummy_median,dummy_median,standardized_exact,20,2,0.1,18,0.5276314147000001,0.9511561355,0.4805731123888889,-0.04705830231111119
biogen_rppb,Biogen,split3,classical,dummy_median,dummy_median,connectivity_inchikey,20,2,0.1,18,0.5276314147000001,0.9511561355,0.4805731123888889,-0.04705830231111119
biogen_rppb,Biogen,split3,classical,dummy_median,dummy_median,tanimoto_ge_0_70,20,3,0.15,17,0.5276314147000001,0.7728681098333334,0.4843543508529412,-0.04327706384705887
biogen_rppb,Biogen,split3,classical,dummy_median,dummy_median,tanimoto_ge_0_80,20,3,0.15,17,0.5276314147000001,0.7728681098333334,0.4843543508529412,-0.04327706384705887
biogen_rppb,Biogen,split3,classical,dummy_median,dummy_median,tanimoto_ge_0_90,20,2,0.1,18,0.5276314147000001,0.9511561355,0.4805731123888889,-0.04705830231111119
biogen_rppb,Biogen,split3,classical,dummy_median,dummy_median,tanimoto_ge_0_95,20,2,0.1,18,0.5276314147000001,0.9511561355,0.4805731123888889,-0.04705830231111119
biogen_rppb,Biogen,split3,classical,ecfp4_lgbm,ecfp4_lgbm,standardized_exact,20,2,0.1,18,0.4991170931691046,1.10532878108233,0.43176023895652393,-0.06735685421258064
biogen_rppb,Biogen,split3,classical,ecfp4_lgbm,ecfp4_lgbm,connectivity_inchikey,20,2,0.1,18,0.4991170931691046,1.10532878108233,0.43176023895652393,-0.06735685421258064
biogen_rppb,Biogen,split3,classical,ecfp4_lgbm,ecfp4_lgbm,tanimoto_ge_0_70,20,3,0.15,17,0.4991170931691046,0.7684954893048296,0.45157972914515315,-0.04753736402395142
biogen_rppb,Biogen,split3,classical,ecfp4_lgbm,ecfp4_lgbm,tanimoto_ge_0_80,20,3,0.15,17,0.4991170931691046,0.7684954893048296,0.45157972914515315,-0.04753736402395142
biogen_rppb,Biogen,split3,classical,ecfp4_lgbm,ecfp4_lgbm,tanimoto_ge_0_90,20,2,0.1,18,0.4991170931691046,1.10532878108233,0.43176023895652393,-0.06735685421258064
biogen_rppb,Biogen,split3,classical,ecfp4_lgbm,ecfp4_lgbm,tanimoto_ge_0_95,20,2,0.1,18,0.4991170931691046,1.10532878108233,0.43176023895652393,-0.06735685421258064
biogen_rppb,Biogen,split3,classical,ecfp4_rf,ecfp4_rf,standardized_exact,20,2,0.1,18,0.5331493354959996,0.8823968031829998,0.49434406130855524,-0.038805274187444394
biogen_rppb,Biogen,split3,classical,ecfp4_rf,ecfp4_rf,connectivity_inchikey,20,2,0.1,18,0.5331493354959996,0.8823968031829998,0.49434406130855524,-0.038805274187444394
biogen_rppb,Biogen,split3,classical,ecfp4_rf,ecfp4_rf,tanimoto_ge_0_70,20,3,0.15,17,0.5331493354959996,0.6210621045653337,0.5176353174249408,-0.015514018071058788
biogen_rppb,Biogen,split3,classical,ecfp4_rf,ecfp4_rf,tanimoto_ge_0_80,20,3,0.15,17,0.5331493354959996,0.6210621045653337,0.5176353174249408,-0.015514018071058788
biogen_rppb,Biogen,split3,classical,ecfp4_rf,ecfp4_rf,tanimoto_ge_0_90,20,2,0.1,18,0.5331493354959996,0.8823968031829998,0.49434406130855524,-0.038805274187444394
biogen_rppb,Biogen,split3,classical,ecfp4_rf,ecfp4_rf,tanimoto_ge_0_95,20,2,0.1,18,0.5331493354959996,0.8823968031829998,0.49434406130855524,-0.038805274187444394
biogen_rppb,Biogen,split3,classical,rdkit_desc_lgbm,rdkit_desc_lgbm,standardized_exact,20,2,0.1,18,0.505942454012246,1.0076434877289786,0.45019789471038707,-0.055744559301858954
biogen_rppb,Biogen,split3,classical,rdkit_desc_lgbm,rdkit_desc_lgbm,connectivity_inchikey,20,2,0.1,18,0.505942454012246,1.0076434877289786,0.45019789471038707,-0.055744559301858954
biogen_rppb,Biogen,split3,classical,rdkit_desc_lgbm,rdkit_desc_lgbm,tanimoto_ge_0_70,20,3,0.15,17,0.505942454012246,0.8219027886604385,0.45018474789785934,-0.055757706114386685
biogen_rppb,Biogen,split3,classical,rdkit_desc_lgbm,rdkit_desc_lgbm,tanimoto_ge_0_80,20,3,0.15,17,0.505942454012246,0.8219027886604385,0.45018474789785934,-0.055757706114386685
biogen_rppb,Biogen,split3,classical,rdkit_desc_lgbm,rdkit_desc_lgbm,tanimoto_ge_0_90,20,2,0.1,18,0.505942454012246,1.0076434877289786,0.45019789471038707,-0.055744559301858954
biogen_rppb,Biogen,split3,classical,rdkit_desc_lgbm,rdkit_desc_lgbm,tanimoto_ge_0_95,20,2,0.1,18,0.505942454012246,1.0076434877289786,0.45019789471038707,-0.055744559301858954
biogen_rppb,Biogen,split3,classical,rdkit_desc_rf,rdkit_desc_rf,standardized_exact,20,2,0.1,18,0.46227473102222794,1.0504710295612472,0.3969195867401147,-0.06535514428211325
biogen_rppb,Biogen,split3,classical,rdkit_desc_rf,rdkit_desc_rf,connectivity_inchikey,20,2,0.1,18,0.46227473102222794,1.0504710295612472,0.3969195867401147,-0.06535514428211325
biogen_rppb,Biogen,split3,classical,rdkit_desc_rf,rdkit_desc_rf,tanimoto_ge_0_70,20,3,0.15,17,0.46227473102222794,0.9482775590436093,0.3765095260772783,-0.08576520494494966
biogen_rppb,Biogen,split3,classical,rdkit_desc_rf,rdkit_desc_rf,tanimoto_ge_0_80,20,3,0.15,17,0.46227473102222794,0.9482775590436093,0.3765095260772783,-0.08576520494494966
biogen_rppb,Biogen,split3,classical,rdkit_desc_rf,rdkit_desc_rf,tanimoto_ge_0_90,20,2,0.1,18,0.46227473102222794,1.0504710295612472,0.3969195867401147,-0.06535514428211325
biogen_rppb,Biogen,split3,classical,rdkit_desc_rf,rdkit_desc_rf,tanimoto_ge_0_95,20,2,0.1,18,0.46227473102222794,1.0504710295612472,0.3969195867401147,-0.06535514428211325
biogen_solubility,Biogen,split1,classical,dummy_median,dummy_median,standardized_exact,98,5,0.05102040816326531,93,0.4550637425816326,0.45843759140000007,0.454882352860215,-0.0001813897214176241
biogen_solubility,Biogen,split1,classical,dummy_median,dummy_median,connectivity_inchikey,98,6,0.061224489795918366,92,0.4550637425816326,0.39922073250000006,0.45870567802173906,0.0036419354401064363
biogen_solubility,Biogen,split1,classical,dummy_median,dummy_median,tanimoto_ge_0_70,98,11,0.11224489795918367,87,0.4550637425816326,0.46985917945454553,0.4531930551609194,-0.001870687420713224
biogen_solubility,Biogen,split1,classical,dummy_median,dummy_median,tanimoto_ge_0_80,98,6,0.061224489795918366,92,0.4550637425816326,0.39922073250000006,0.45870567802173906,0.0036419354401064363
biogen_solubility,Biogen,split1,classical,dummy_median,dummy_median,tanimoto_ge_0_90,98,6,0.061224489795918366,92,0.4550637425816326,0.39922073250000006,0.45870567802173906,0.0036419354401064363
biogen_solubility,Biogen,split1,classical,dummy_median,dummy_median,tanimoto_ge_0_95,98,6,0.061224489795918366,92,0.4550637425816326,0.39922073250000006,0.45870567802173906,0.0036419354401064363
biogen_solubility,Biogen,split1,classical,ecfp4_lgbm,ecfp4_lgbm,standardized_exact,98,5,0.05102040816326531,93,0.3911756504705635,0.6009555377648257,0.3798971619063558,-0.011278488564207712
biogen_solubility,Biogen,split1,classical,ecfp4_lgbm,ecfp4_lgbm,connectivity_inchikey,98,6,0.061224489795918366,92,0.3911756504705635,0.518020189643124,0.3829031805245268,-0.008272469946036698
biogen_solubility,Biogen,split1,classical,ecfp4_lgbm,ecfp4_lgbm,tanimoto_ge_0_70,98,11,0.11224489795918367,87,0.3911756504705635,0.5247666832224773,0.37428483023756276,-0.01689082023300076
biogen_solubility,Biogen,split1,classical,ecfp4_lgbm,ecfp4_lgbm,tanimoto_ge_0_80,98,6,0.061224489795918366,92,0.3911756504705635,0.518020189643124,0.3829031805245268,-0.008272469946036698
biogen_solubility,Biogen,split1,classical,ecfp4_lgbm,ecfp4_lgbm,tanimoto_ge_0_90,98,6,0.061224489795918366,92,0.3911756504705635,0.518020189643124,0.3829031805245268,-0.008272469946036698
biogen_solubility,Biogen,split1,classical,ecfp4_lgbm,ecfp4_lgbm,tanimoto_ge_0_95,98,6,0.061224489795918366,92,0.3911756504705635,0.518020189643124,0.3829031805245268,-0.008272469946036698
biogen_solubility,Biogen,split1,classical,ecfp4_rf,ecfp4_rf,standardized_exact,98,5,0.05102040816326531,93,0.4096285063225653,0.6514632614683731,0.3966266377663391,-0.013001868556226204
biogen_solubility,Biogen,split1,classical,ecfp4_rf,ecfp4_rf,connectivity_inchikey,98,6,0.061224489795918366,92,0.4096285063225653,0.608361487226934,0.3966676597418456,-0.01296084658071972
biogen_solubility,Biogen,split1,classical,ecfp4_rf,ecfp4_rf,tanimoto_ge_0_70,98,11,0.11224489795918367,87,0.4096285063225653,0.6191220776138974,0.38314081340067274,-0.02648769292189257
biogen_solubility,Biogen,split1,classical,ecfp4_rf,ecfp4_rf,tanimoto_ge_0_80,98,6,0.061224489795918366,92,0.4096285063225653,0.608361487226934,0.3966676597418456,-0.01296084658071972
biogen_solubility,Biogen,split1,classical,ecfp4_rf,ecfp4_rf,tanimoto_ge_0_90,98,6,0.061224489795918366,92,0.4096285063225653,0.608361487226934,0.3966676597418456,-0.01296084658071972
biogen_solubility,Biogen,split1,classical,ecfp4_rf,ecfp4_rf,tanimoto_ge_0_95,98,6,0.061224489795918366,92,0.4096285063225653,0.608361487226934,0.3966676597418456,-0.01296084658071972
biogen_solubility,Biogen,split1,classical,rdkit_desc_lgbm,rdkit_desc_lgbm,standardized_exact,98,5,0.05102040816326531,93,0.40644086945338626,0.701309259267495,0.3905877302160686,-0.01585313923731768
biogen_solubility,Biogen,split1,classical,rdkit_desc_lgbm,rdkit_desc_lgbm,connectivity_inchikey,98,6,0.061224489795918366,92,0.40644086945338626,0.6038593700334837,0.3935657498503364,-0.012875119603049878
biogen_solubility,Biogen,split1,classical,rdkit_desc_lgbm,rdkit_desc_lgbm,tanimoto_ge_0_70,98,11,0.11224489795918367,87,0.40644086945338626,0.5791156746096978,0.3846084228244273,-0.021832446628958946
biogen_solubility,Biogen,split1,classical,rdkit_desc_lgbm,rdkit_desc_lgbm,tanimoto_ge_0_80,98,6,0.061224489795918366,92,0.40644086945338626,0.6038593700334837,0.3935657498503364,-0.012875119603049878
biogen_solubility,Biogen,split1,classical,rdkit_desc_lgbm,rdkit_desc_lgbm,tanimoto_ge_0_90,98,6,0.061224489795918366,92,0.40644086945338626,0.6038593700334837,0.3935657498503364,-0.012875119603049878
biogen_solubility,Biogen,split1,classical,rdkit_desc_lgbm,rdkit_desc_lgbm,tanimoto_ge_0_95,98,6,0.061224489795918366,92,0.40644086945338626,0.6038593700334837,0.3935657498503364,-0.012875119603049878
biogen_solubility,Biogen,split1,classical,rdkit_desc_rf,rdkit_desc_rf,standardized_exact,98,5,0.05102040816326531,93,0.4295107038052448,0.7540255382822035,0.41206366969358027,-0.01744703411166454
biogen_solubility,Biogen,split1,classical,rdkit_desc_rf,rdkit_desc_rf,connectivity_inchikey,98,6,0.061224489795918366,92,0.4295107038052448,0.7166317638342253,0.41078541728161555,-0.01872528652362926
biogen_solubility,Biogen,split1,classical,rdkit_desc_rf,rdkit_desc_rf,tanimoto_ge_0_70,98,11,0.11224489795918367,87,0.4295107038052448,0.6342011418757119,0.4036303035894386,-0.025880400215806232
biogen_solubility,Biogen,split1,classical,rdkit_desc_rf,rdkit_desc_rf,tanimoto_ge_0_80,98,6,0.061224489795918366,92,0.4295107038052448,0.7166317638342253,0.41078541728161555,-0.01872528652362926
biogen_solubility,Biogen,split1,classical,rdkit_desc_rf,rdkit_desc_rf,tanimoto_ge_0_90,98,6,0.061224489795918366,92,0.4295107038052448,0.7166317638342253,0.41078541728161555,-0.01872528652362926
biogen_solubility,Biogen,split1,classical,rdkit_desc_rf,rdkit_desc_rf,tanimoto_ge_0_95,98,6,0.061224489795918366,92,0.4295107038052448,0.7166317638342253,0.41078541728161555,-0.01872528652362926
biogen_solubility,Biogen,split2,classical,dummy_median,dummy_median,standardized_exact,113,10,0.08849557522123894,103,0.4321177552566372,0.5418576097,0.4214634004563108,-0.010654354800326393
biogen_solubility,Biogen,split2,classical,dummy_median,dummy_median,connectivity_inchikey,113,12,0.10619469026548672,101,0.4321177552566372,0.49174573841666663,0.4250332424059407,-0.0070845128506965005
biogen_solubility,Biogen,split2,classical,dummy_median,dummy_median,tanimoto_ge_0_70,113,14,0.12389380530973451,99,0.4321177552566372,0.45189724085714283,0.42932065628282845,-0.0027970989738087537
biogen_solubility,Biogen,split2,classical,dummy_median,dummy_median,tanimoto_ge_0_80,113,12,0.10619469026548672,101,0.4321177552566372,0.5223013791666666,0.42140286924752485,-0.010714886009112357
biogen_solubility,Biogen,split2,classical,dummy_median,dummy_median,tanimoto_ge_0_90,113,11,0.09734513274336283,102,0.4321177552566372,0.5296632424545454,0.42159814389215694,-0.010519611364480264
biogen_solubility,Biogen,split2,classical,dummy_median,dummy_median,tanimoto_ge_0_95,113,11,0.09734513274336283,102,0.4321177552566372,0.5296632424545454,0.42159814389215694,-0.010519611364480264
biogen_solubility,Biogen,split2,classical,ecfp4_lgbm,ecfp4_lgbm,standardized_exact,113,10,0.08849557522123894,103,0.33442496537523714,0.4389754786050656,0.3242744301102052,-0.010150535265031957
biogen_solubility,Biogen,split2,classical,ecfp4_lgbm,ecfp4_lgbm,connectivity_inchikey,113,12,0.10619469026548672,101,0.33442496537523714,0.4006493705326016,0.32655671921792645,-0.007868246157310688
biogen_solubility,Biogen,split2,classical,ecfp4_lgbm,ecfp4_lgbm,tanimoto_ge_0_70,113,14,0.12389380530973451,99,0.33442496537523714,0.3535274442909002,0.33172360472049695,-0.0027013606547401925
biogen_solubility,Biogen,split2,classical,ecfp4_lgbm,ecfp4_lgbm,tanimoto_ge_0_80,113,12,0.10619469026548672,101,0.33442496537523714,0.3930429686112116,0.3274604501392797,-0.006964515235957425
biogen_solubility,Biogen,split2,classical,ecfp4_lgbm,ecfp4_lgbm,tanimoto_ge_0_90,113,11,0.09734513274336283,102,0.33442496537523714,0.4241603814540017,0.3247476165824292,-0.00967734879280796
biogen_solubility,Biogen,split2,classical,ecfp4_lgbm,ecfp4_lgbm,tanimoto_ge_0_95,113,11,0.09734513274336283,102,0.33442496537523714,0.4241603814540017,0.3247476165824292,-0.00967734879280796
biogen_solubility,Biogen,split2,classical,ecfp4_rf,ecfp4_rf,standardized_exact,113,10,0.08849557522123894,103,0.38163168671700587,0.36861813370305574,0.3828951384659331,0.0012634517489272246
biogen_solubility,Biogen,split2,classical,ecfp4_rf,ecfp4_rf,connectivity_inchikey,113,12,0.10619469026548672,101,0.38163168671700587,0.3510549948202535,0.3852645610017686,0.0036328742847627216
biogen_solubility,Biogen,split2,classical,ecfp4_rf,ecfp4_rf,tanimoto_ge_0_70,113,14,0.12389380530973451,99,0.38163168671700587,0.3029625737250153,0.3927566117865803,0.01112492506957441
biogen_solubility,Biogen,split2,classical,ecfp4_rf,ecfp4_rf,tanimoto_ge_0_80,113,12,0.10619469026548672,101,0.38163168671700587,0.31732213659180597,0.3892724253457425,0.007640738628736654
biogen_solubility,Biogen,split2,classical,ecfp4_rf,ecfp4_rf,tanimoto_ge_0_90,113,11,0.09734513274336283,102,0.38163168671700587,0.3441759373733124,0.38567103223446303,0.00403934551745716
biogen_solubility,Biogen,split2,classical,ecfp4_rf,ecfp4_rf,tanimoto_ge_0_95,113,11,0.09734513274336283,102,0.38163168671700587,0.3441759373733124,0.38567103223446303,0.00403934551745716
biogen_solubility,Biogen,split2,classical,rdkit_desc_lgbm,rdkit_desc_lgbm,standardized_exact,113,10,0.08849557522123894,103,0.3241698985266554,0.2913191126189272,0.3273592952167261,0.0031893966900706783
biogen_solubility,Biogen,split2,classical,rdkit_desc_lgbm,rdkit_desc_lgbm,connectivity_inchikey,113,12,0.10619469026548672,101,0.3241698985266554,0.2789004060570507,0.3295484520874005,0.005378553560745125
biogen_solubility,Biogen,split2,classical,rdkit_desc_lgbm,rdkit_desc_lgbm,tanimoto_ge_0_70,113,14,0.12389380530973451,99,0.3241698985266554,0.24266897799990853,0.33569528122740755,0.011525382700752151
biogen_solubility,Biogen,split2,classical,rdkit_desc_lgbm,rdkit_desc_lgbm,tanimoto_ge_0_80,113,12,0.10619469026548672,101,0.3241698985266554,0.27378572288669595,0.3301561372165516,0.005986238689896228
biogen_solubility,Biogen,split2,classical,rdkit_desc_lgbm,rdkit_desc_lgbm,tanimoto_ge_0_90,113,11,0.09734513274336283,102,0.3241698985266554,0.2977389657469611,0.32702029323819104,0.002850394711535642
biogen_solubility,Biogen,split2,classical,rdkit_desc_lgbm,rdkit_desc_lgbm,tanimoto_ge_0_95,113,11,0.09734513274336283,102,0.3241698985266554,0.2977389657469611,0.32702029323819104,0.002850394711535642
biogen_solubility,Biogen,split2,classical,rdkit_desc_rf,rdkit_desc_rf,standardized_exact,113,10,0.08849557522123894,103,0.34660620786008906,0.2775816906276814,0.3533076173001287,0.006701409440039663
biogen_solubility,Biogen,split2,classical,rdkit_desc_rf,rdkit_desc_rf,connectivity_inchikey,113,12,0.10619469026548672,101,0.34660620786008906,0.2590209786689554,0.3570123737045803,0.010406165844491222
biogen_solubility,Biogen,split2,classical,rdkit_desc_rf,rdkit_desc_rf,tanimoto_ge_0_70,113,14,0.12389380530973451,99,0.34660620786008906,0.22387813232323397,0.3639616932895434,0.017355485429454365
biogen_solubility,Biogen,split2,classical,rdkit_desc_rf,rdkit_desc_rf,tanimoto_ge_0_80,113,12,0.10619469026548672,101,0.34660620786008906,0.2495549585429587,0.3581370493631145,0.011530841503025469
biogen_solubility,Biogen,split2,classical,rdkit_desc_rf,rdkit_desc_rf,tanimoto_ge_0_90,113,11,0.09734513274336283,102,0.34660620786008906,0.26451806448171067,0.35545885077344364,0.00885264291335458
biogen_solubility,Biogen,split2,classical,rdkit_desc_rf,rdkit_desc_rf,tanimoto_ge_0_95,113,11,0.09734513274336283,102,0.34660620786008906,0.26451806448171067,0.35545885077344364,0.00885264291335458
biogen_solubility,Biogen,split3,classical,dummy_median,dummy_median,standardized_exact,125,4,0.032,121,0.500728332696,0.6395806455,0.49613817359504137,-0.004590159100958668
biogen_solubility,Biogen,split3,classical,dummy_median,dummy_median,connectivity_inchikey,125,4,0.032,121,0.500728332696,0.6395806455,0.49613817359504137,-0.004590159100958668
biogen_solubility,Biogen,split3,classical,dummy_median,dummy_median,tanimoto_ge_0_70,125,24,0.192,101,0.500728332696,0.7273571629583332,0.4468759373861386,-0.05385239530986141
biogen_solubility,Biogen,split3,classical,dummy_median,dummy_median,tanimoto_ge_0_80,125,11,0.088,114,0.500728332696,0.775260054909091,0.4742384296754386,-0.026489903020561423
biogen_solubility,Biogen,split3,classical,dummy_median,dummy_median,tanimoto_ge_0_90,125,6,0.048,119,0.500728332696,0.6480493698333335,0.4933003812436975,-0.007427951452302517
biogen_solubility,Biogen,split3,classical,dummy_median,dummy_median,tanimoto_ge_0_95,125,6,0.048,119,0.500728332696,0.6480493698333335,0.4933003812436975,-0.007427951452302517
biogen_solubility,Biogen,split3,classical,ecfp4_lgbm,ecfp4_lgbm,standardized_exact,125,4,0.032,121,0.42100114316510634,0.7095176885120026,0.41146340612884535,-0.009537737036260985
biogen_solubility,Biogen,split3,classical,ecfp4_lgbm,ecfp4_lgbm,connectivity_inchikey,125,4,0.032,121,0.42100114316510634,0.7095176885120026,0.41146340612884535,-0.009537737036260985
biogen_solubility,Biogen,split3,classical,ecfp4_lgbm,ecfp4_lgbm,tanimoto_ge_0_70,125,24,0.192,101,0.42100114316510634,0.6373387753245213,0.3695941810678196,-0.051406962097286735
biogen_solubility,Biogen,split3,classical,ecfp4_lgbm,ecfp4_lgbm,tanimoto_ge_0_80,125,11,0.088,114,0.42100114316510634,0.6552883180554306,0.398394485938847,-0.02260665722625932
biogen_solubility,Biogen,split3,classical,ecfp4_lgbm,ecfp4_lgbm,tanimoto_ge_0_90,125,6,0.048,119,0.42100114316510634,0.6215816777647711,0.4108878388995771,-0.010113304265529255
biogen_solubility,Biogen,split3,classical,ecfp4_lgbm,ecfp4_lgbm,tanimoto_ge_0_95,125,6,0.048,119,0.42100114316510634,0.6215816777647711,0.4108878388995771,-0.010113304265529255
biogen_solubility,Biogen,split3,classical,ecfp4_rf,ecfp4_rf,standardized_exact,125,4,0.032,121,0.4697866682494558,0.9020277594429994,0.45549770655710725,-0.014288961692348556
biogen_solubility,Biogen,split3,classical,ecfp4_rf,ecfp4_rf,connectivity_inchikey,125,4,0.032,121,0.4697866682494558,0.9020277594429994,0.45549770655710725,-0.014288961692348556
biogen_solubility,Biogen,split3,classical,ecfp4_rf,ecfp4_rf,tanimoto_ge_0_70,125,24,0.192,101,0.4697866682494558,0.6508581345594999,0.4267597851658811,-0.04302688308357472
biogen_solubility,Biogen,split3,classical,ecfp4_rf,ecfp4_rf,tanimoto_ge_0_80,125,11,0.088,114,0.4697866682494558,0.6971919159230904,0.44784405663182436,-0.021942611617631447
biogen_solubility,Biogen,split3,classical,ecfp4_rf,ecfp4_rf,tanimoto_ge_0_90,125,6,0.048,119,0.4697866682494558,0.7186322471909997,0.45723983233643684,-0.012546835913018972
biogen_solubility,Biogen,split3,classical,ecfp4_rf,ecfp4_rf,tanimoto_ge_0_95,125,6,0.048,119,0.4697866682494558,0.7186322471909997,0.45723983233643684,-0.012546835913018972
biogen_solubility,Biogen,split3,classical,rdkit_desc_lgbm,rdkit_desc_lgbm,standardized_exact,125,4,0.032,121,0.43093143330499406,0.8103369176099756,0.41838910324532524,-0.012542330059668816
biogen_solubility,Biogen,split3,classical,rdkit_desc_lgbm,rdkit_desc_lgbm,connectivity_inchikey,125,4,0.032,121,0.43093143330499406,0.8103369176099756,0.41838910324532524,-0.012542330059668816
biogen_solubility,Biogen,split3,classical,rdkit_desc_lgbm,rdkit_desc_lgbm,tanimoto_ge_0_70,125,24,0.192,101,0.43093143330499406,0.5832504191451543,0.39473682280832223,-0.03619461049667183
biogen_solubility,Biogen,split3,classical,rdkit_desc_lgbm,rdkit_desc_lgbm,tanimoto_ge_0_80,125,11,0.088,114,0.43093143330499406,0.6211442932943928,0.41257756084987657,-0.018353872455117493
biogen_solubility,Biogen,split3,classical,rdkit_desc_lgbm,rdkit_desc_lgbm,tanimoto_ge_0_90,125,6,0.048,119,0.43093143330499406,0.7244963501350231,0.41612984085978244,-0.01480159244521162
biogen_solubility,Biogen,split3,classical,rdkit_desc_lgbm,rdkit_desc_lgbm,tanimoto_ge_0_95,125,6,0.048,119,0.43093143330499406,0.7244963501350231,0.41612984085978244,-0.01480159244521162
biogen_solubility,Biogen,split3,classical,rdkit_desc_rf,rdkit_desc_rf,standardized_exact,125,4,0.032,121,0.4607886662532603,0.7116987226782223,0.4524941189334269,-0.008294547319833423
biogen_solubility,Biogen,split3,classical,rdkit_desc_rf,rdkit_desc_rf,connectivity_inchikey,125,4,0.032,121,0.4607886662532603,0.7116987226782223,0.4524941189334269,-0.008294547319833423
biogen_solubility,Biogen,split3,classical,rdkit_desc_rf,rdkit_desc_rf,tanimoto_ge_0_70,125,24,0.192,101,0.4607886662532603,0.6269754574391053,0.4212987356744458,-0.0394899305788145
biogen_solubility,Biogen,split3,classical,rdkit_desc_rf,rdkit_desc_rf,tanimoto_ge_0_80,125,11,0.088,114,0.4607886662532603,0.6211032218080524,0.4453197179102541,-0.015468948343006217
biogen_solubility,Biogen,split3,classical,rdkit_desc_rf,rdkit_desc_rf,tanimoto_ge_0_90,125,6,0.048,119,0.4607886662532603,0.6839801561515967,0.44953531382141154,-0.011253352431848773
biogen_solubility,Biogen,split3,classical,rdkit_desc_rf,rdkit_desc_rf,tanimoto_ge_0_95,125,6,0.048,119,0.4607886662532603,0.6839801561515967,0.44953531382141154,-0.011253352431848773
expansion_caco2_efflux,ExpansionRx,split1,classical,dummy_median,dummy_median,standardized_exact,339,0,0.0,339,0.3564253669205992,,0.3564253669205992,0.0
expansion_caco2_efflux,ExpansionRx,split1,classical,dummy_median,dummy_median,connectivity_inchikey,339,0,0.0,339,0.3564253669205992,,0.3564253669205992,0.0
expansion_caco2_efflux,ExpansionRx,split1,classical,dummy_median,dummy_median,tanimoto_ge_0_70,339,1,0.0029498525073746312,338,0.3564253669205992,0.2924993849527764,0.35661449704476433,0.00018913012416515995
expansion_caco2_efflux,ExpansionRx,split1,classical,dummy_median,dummy_median,tanimoto_ge_0_80,339,0,0.0,339,0.3564253669205992,,0.3564253669205992,0.0
expansion_caco2_efflux,ExpansionRx,split1,classical,dummy_median,dummy_median,tanimoto_ge_0_90,339,0,0.0,339,0.3564253669205992,,0.3564253669205992,0.0
expansion_caco2_efflux,ExpansionRx,split1,classical,dummy_median,dummy_median,tanimoto_ge_0_95,339,0,0.0,339,0.3564253669205992,,0.3564253669205992,0.0
expansion_caco2_efflux,ExpansionRx,split1,classical,ecfp4_lgbm,ecfp4_lgbm,standardized_exact,339,0,0.0,339,0.23553410799696303,,0.23553410799696303,0.0
expansion_caco2_efflux,ExpansionRx,split1,classical,ecfp4_lgbm,ecfp4_lgbm,connectivity_inchikey,339,0,0.0,339,0.23553410799696303,,0.23553410799696303,0.0
expansion_caco2_efflux,ExpansionRx,split1,classical,ecfp4_lgbm,ecfp4_lgbm,tanimoto_ge_0_70,339,1,0.0029498525073746312,338,0.23553410799696303,0.007550172164502267,0.23620861668285792,0.0006745086858948868
expansion_caco2_efflux,ExpansionRx,split1,classical,ecfp4_lgbm,ecfp4_lgbm,tanimoto_ge_0_80,339,0,0.0,339,0.23553410799696303,,0.23553410799696303,0.0
expansion_caco2_efflux,ExpansionRx,split1,classical,ecfp4_lgbm,ecfp4_lgbm,tanimoto_ge_0_90,339,0,0.0,339,0.23553410799696303,,0.23553410799696303,0.0
expansion_caco2_efflux,ExpansionRx,split1,classical,ecfp4_lgbm,ecfp4_lgbm,tanimoto_ge_0_95,339,0,0.0,339,0.23553410799696303,,0.23553410799696303,0.0
expansion_caco2_efflux,ExpansionRx,split1,classical,ecfp4_rf,ecfp4_rf,standardized_exact,339,0,0.0,339,0.25204233766027956,,0.25204233766027956,0.0
expansion_caco2_efflux,ExpansionRx,split1,classical,ecfp4_rf,ecfp4_rf,connectivity_inchikey,339,0,0.0,339,0.25204233766027956,,0.25204233766027956,0.0
expansion_caco2_efflux,ExpansionRx,split1,classical,ecfp4_rf,ecfp4_rf,tanimoto_ge_0_70,339,1,0.0029498525073746312,338,0.25204233766027956,0.3016708160906616,0.25189550784243814,-0.00014682981784142068
expansion_caco2_efflux,ExpansionRx,split1,classical,ecfp4_rf,ecfp4_rf,tanimoto_ge_0_80,339,0,0.0,339,0.25204233766027956,,0.25204233766027956,0.0
expansion_caco2_efflux,ExpansionRx,split1,classical,ecfp4_rf,ecfp4_rf,tanimoto_ge_0_90,339,0,0.0,339,0.25204233766027956,,0.25204233766027956,0.0
expansion_caco2_efflux,ExpansionRx,split1,classical,ecfp4_rf,ecfp4_rf,tanimoto_ge_0_95,339,0,0.0,339,0.25204233766027956,,0.25204233766027956,0.0
expansion_caco2_efflux,ExpansionRx,split1,classical,rdkit_desc_lgbm,rdkit_desc_lgbm,standardized_exact,339,0,0.0,339,0.24894385824568685,,0.24894385824568685,0.0
expansion_caco2_efflux,ExpansionRx,split1,classical,rdkit_desc_lgbm,rdkit_desc_lgbm,connectivity_inchikey,339,0,0.0,339,0.24894385824568685,,0.24894385824568685,0.0
expansion_caco2_efflux,ExpansionRx,split1,classical,rdkit_desc_lgbm,rdkit_desc_lgbm,tanimoto_ge_0_70,339,1,0.0029498525073746312,338,0.24894385824568685,0.43806161473207217,0.2483843382560822,-0.0005595199896046565
expansion_caco2_efflux,ExpansionRx,split1,classical,rdkit_desc_lgbm,rdkit_desc_lgbm,tanimoto_ge_0_80,339,0,0.0,339,0.24894385824568685,,0.24894385824568685,0.0
expansion_caco2_efflux,ExpansionRx,split1,classical,rdkit_desc_lgbm,rdkit_desc_lgbm,tanimoto_ge_0_90,339,0,0.0,339,0.24894385824568685,,0.24894385824568685,0.0
expansion_caco2_efflux,ExpansionRx,split1,classical,rdkit_desc_lgbm,rdkit_desc_lgbm,tanimoto_ge_0_95,339,0,0.0,339,0.24894385824568685,,0.24894385824568685,0.0
expansion_caco2_efflux,ExpansionRx,split1,classical,rdkit_desc_rf,rdkit_desc_rf,standardized_exact,339,0,0.0,339,0.25779366313213925,,0.25779366313213925,0.0
expansion_caco2_efflux,ExpansionRx,split1,classical,rdkit_desc_rf,rdkit_desc_rf,connectivity_inchikey,339,0,0.0,339,0.25779366313213925,,0.25779366313213925,0.0
expansion_caco2_efflux,ExpansionRx,split1,classical,rdkit_desc_rf,rdkit_desc_rf,tanimoto_ge_0_70,339,1,0.0029498525073746312,338,0.25779366313213925,0.2723955537649508,0.2577504622722789,-4.320085986037059e-05
expansion_caco2_efflux,ExpansionRx,split1,classical,rdkit_desc_rf,rdkit_desc_rf,tanimoto_ge_0_80,339,0,0.0,339,0.25779366313213925,,0.25779366313213925,0.0
expansion_caco2_efflux,ExpansionRx,split1,classical,rdkit_desc_rf,rdkit_desc_rf,tanimoto_ge_0_90,339,0,0.0,339,0.25779366313213925,,0.25779366313213925,0.0
expansion_caco2_efflux,ExpansionRx,split1,classical,rdkit_desc_rf,rdkit_desc_rf,tanimoto_ge_0_95,339,0,0.0,339,0.25779366313213925,,0.25779366313213925,0.0
expansion_caco2_efflux,ExpansionRx,split2,classical,dummy_median,dummy_median,standardized_exact,260,0,0.0,260,0.3376243456897633,,0.3376243456897633,0.0
expansion_caco2_efflux,ExpansionRx,split2,classical,dummy_median,dummy_median,connectivity_inchikey,260,0,0.0,260,0.3376243456897633,,0.3376243456897633,0.0
expansion_caco2_efflux,ExpansionRx,split2,classical,dummy_median,dummy_median,tanimoto_ge_0_70,260,0,0.0,260,0.3376243456897633,,0.3376243456897633,0.0
expansion_caco2_efflux,ExpansionRx,split2,classical,dummy_median,dummy_median,tanimoto_ge_0_80,260,0,0.0,260,0.3376243456897633,,0.3376243456897633,0.0
expansion_caco2_efflux,ExpansionRx,split2,classical,dummy_median,dummy_median,tanimoto_ge_0_90,260,0,0.0,260,0.3376243456897633,,0.3376243456897633,0.0
expansion_caco2_efflux,ExpansionRx,split2,classical,dummy_median,dummy_median,tanimoto_ge_0_95,260,0,0.0,260,0.3376243456897633,,0.3376243456897633,0.0
expansion_caco2_efflux,ExpansionRx,split2,classical,ecfp4_lgbm,ecfp4_lgbm,standardized_exact,260,0,0.0,260,0.23041962689081621,,0.23041962689081621,0.0
expansion_caco2_efflux,ExpansionRx,split2,classical,ecfp4_lgbm,ecfp4_lgbm,connectivity_inchikey,260,0,0.0,260,0.23041962689081621,,0.23041962689081621,0.0
expansion_caco2_efflux,ExpansionRx,split2,classical,ecfp4_lgbm,ecfp4_lgbm,tanimoto_ge_0_70,260,0,0.0,260,0.23041962689081621,,0.23041962689081621,0.0
expansion_caco2_efflux,ExpansionRx,split2,classical,ecfp4_lgbm,ecfp4_lgbm,tanimoto_ge_0_80,260,0,0.0,260,0.23041962689081621,,0.23041962689081621,0.0
expansion_caco2_efflux,ExpansionRx,split2,classical,ecfp4_lgbm,ecfp4_lgbm,tanimoto_ge_0_90,260,0,0.0,260,0.23041962689081621,,0.23041962689081621,0.0
expansion_caco2_efflux,ExpansionRx,split2,classical,ecfp4_lgbm,ecfp4_lgbm,tanimoto_ge_0_95,260,0,0.0,260,0.23041962689081621,,0.23041962689081621,0.0
expansion_caco2_efflux,ExpansionRx,split2,classical,ecfp4_rf,ecfp4_rf,standardized_exact,260,0,0.0,260,0.2544031533359626,,0.2544031533359626,0.0
expansion_caco2_efflux,ExpansionRx,split2,classical,ecfp4_rf,ecfp4_rf,connectivity_inchikey,260,0,0.0,260,0.2544031533359626,,0.2544031533359626,0.0
expansion_caco2_efflux,ExpansionRx,split2,classical,ecfp4_rf,ecfp4_rf,tanimoto_ge_0_70,260,0,0.0,260,0.2544031533359626,,0.2544031533359626,0.0
expansion_caco2_efflux,ExpansionRx,split2,classical,ecfp4_rf,ecfp4_rf,tanimoto_ge_0_80,260,0,0.0,260,0.2544031533359626,,0.2544031533359626,0.0
expansion_caco2_efflux,ExpansionRx,split2,classical,ecfp4_rf,ecfp4_rf,tanimoto_ge_0_90,260,0,0.0,260,0.2544031533359626,,0.2544031533359626,0.0
expansion_caco2_efflux,ExpansionRx,split2,classical,ecfp4_rf,ecfp4_rf,tanimoto_ge_0_95,260,0,0.0,260,0.2544031533359626,,0.2544031533359626,0.0
expansion_caco2_efflux,ExpansionRx,split2,classical,rdkit_desc_lgbm,rdkit_desc_lgbm,standardized_exact,260,0,0.0,260,0.2425308983942111,,0.2425308983942111,0.0
expansion_caco2_efflux,ExpansionRx,split2,classical,rdkit_desc_lgbm,rdkit_desc_lgbm,connectivity_inchikey,260,0,0.0,260,0.2425308983942111,,0.2425308983942111,0.0
expansion_caco2_efflux,ExpansionRx,split2,classical,rdkit_desc_lgbm,rdkit_desc_lgbm,tanimoto_ge_0_70,260,0,0.0,260,0.2425308983942111,,0.2425308983942111,0.0
expansion_caco2_efflux,ExpansionRx,split2,classical,rdkit_desc_lgbm,rdkit_desc_lgbm,tanimoto_ge_0_80,260,0,0.0,260,0.2425308983942111,,0.2425308983942111,0.0
expansion_caco2_efflux,ExpansionRx,split2,classical,rdkit_desc_lgbm,rdkit_desc_lgbm,tanimoto_ge_0_90,260,0,0.0,260,0.2425308983942111,,0.2425308983942111,0.0
expansion_caco2_efflux,ExpansionRx,split2,classical,rdkit_desc_lgbm,rdkit_desc_lgbm,tanimoto_ge_0_95,260,0,0.0,260,0.2425308983942111,,0.2425308983942111,0.0
expansion_caco2_efflux,ExpansionRx,split2,classical,rdkit_desc_rf,rdkit_desc_rf,standardized_exact,260,0,0.0,260,0.25567839360174827,,0.25567839360174827,0.0
expansion_caco2_efflux,ExpansionRx,split2,classical,rdkit_desc_rf,rdkit_desc_rf,connectivity_inchikey,260,0,0.0,260,0.25567839360174827,,0.25567839360174827,0.0
expansion_caco2_efflux,ExpansionRx,split2,classical,rdkit_desc_rf,rdkit_desc_rf,tanimoto_ge_0_70,260,0,0.0,260,0.25567839360174827,,0.25567839360174827,0.0
expansion_caco2_efflux,ExpansionRx,split2,classical,rdkit_desc_rf,rdkit_desc_rf,tanimoto_ge_0_80,260,0,0.0,260,0.25567839360174827,,0.25567839360174827,0.0
expansion_caco2_efflux,ExpansionRx,split2,classical,rdkit_desc_rf,rdkit_desc_rf,tanimoto_ge_0_90,260,0,0.0,260,0.25567839360174827,,0.25567839360174827,0.0
expansion_caco2_efflux,ExpansionRx,split2,classical,rdkit_desc_rf,rdkit_desc_rf,tanimoto_ge_0_95,260,0,0.0,260,0.25567839360174827,,0.25567839360174827,0.0
expansion_caco2_efflux,ExpansionRx,split3,classical,dummy_median,dummy_median,standardized_exact,208,0,0.0,208,0.2595249261286308,,0.2595249261286308,0.0
expansion_caco2_efflux,ExpansionRx,split3,classical,dummy_median,dummy_median,connectivity_inchikey,208,0,0.0,208,0.2595249261286308,,0.2595249261286308,0.0
expansion_caco2_efflux,ExpansionRx,split3,classical,dummy_median,dummy_median,tanimoto_ge_0_70,208,2,0.009615384615384616,206,0.2595249261286308,0.2202878717530088,0.2599058684041223,0.0003809422754914582
expansion_caco2_efflux,ExpansionRx,split3,classical,dummy_median,dummy_median,tanimoto_ge_0_80,208,0,0.0,208,0.2595249261286308,,0.2595249261286308,0.0
expansion_caco2_efflux,ExpansionRx,split3,classical,dummy_median,dummy_median,tanimoto_ge_0_90,208,0,0.0,208,0.2595249261286308,,0.2595249261286308,0.0
expansion_caco2_efflux,ExpansionRx,split3,classical,dummy_median,dummy_median,tanimoto_ge_0_95,208,0,0.0,208,0.2595249261286308,,0.2595249261286308,0.0
expansion_caco2_efflux,ExpansionRx,split3,classical,ecfp4_lgbm,ecfp4_lgbm,standardized_exact,208,0,0.0,208,0.2245566766310501,,0.2245566766310501,0.0
expansion_caco2_efflux,ExpansionRx,split3,classical,ecfp4_lgbm,ecfp4_lgbm,connectivity_inchikey,208,0,0.0,208,0.2245566766310501,,0.2245566766310501,0.0
expansion_caco2_efflux,ExpansionRx,split3,classical,ecfp4_lgbm,ecfp4_lgbm,tanimoto_ge_0_70,208,2,0.009615384615384616,206,0.2245566766310501,0.1039942030859454,0.22572718608294437,0.0011705094518942583
expansion_caco2_efflux,ExpansionRx,split3,classical,ecfp4_lgbm,ecfp4_lgbm,tanimoto_ge_0_80,208,0,0.0,208,0.2245566766310501,,0.2245566766310501,0.0
expansion_caco2_efflux,ExpansionRx,split3,classical,ecfp4_lgbm,ecfp4_lgbm,tanimoto_ge_0_90,208,0,0.0,208,0.2245566766310501,,0.2245566766310501,0.0
expansion_caco2_efflux,ExpansionRx,split3,classical,ecfp4_lgbm,ecfp4_lgbm,tanimoto_ge_0_95,208,0,0.0,208,0.2245566766310501,,0.2245566766310501,0.0
expansion_caco2_efflux,ExpansionRx,split3,classical,ecfp4_rf,ecfp4_rf,standardized_exact,208,0,0.0,208,0.2308482239373163,,0.2308482239373163,0.0
expansion_caco2_efflux,ExpansionRx,split3,classical,ecfp4_rf,ecfp4_rf,connectivity_inchikey,208,0,0.0,208,0.2308482239373163,,0.2308482239373163,0.0
expansion_caco2_efflux,ExpansionRx,split3,classical,ecfp4_rf,ecfp4_rf,tanimoto_ge_0_70,208,2,0.009615384615384616,206,0.2308482239373163,0.029734016280467002,0.23280078906019835,0.001952565122882055
expansion_caco2_efflux,ExpansionRx,split3,classical,ecfp4_rf,ecfp4_rf,tanimoto_ge_0_80,208,0,0.0,208,0.2308482239373163,,0.2308482239373163,0.0
expansion_caco2_efflux,ExpansionRx,split3,classical,ecfp4_rf,ecfp4_rf,tanimoto_ge_0_90,208,0,0.0,208,0.2308482239373163,,0.2308482239373163,0.0
expansion_caco2_efflux,ExpansionRx,split3,classical,ecfp4_rf,ecfp4_rf,tanimoto_ge_0_95,208,0,0.0,208,0.2308482239373163,,0.2308482239373163,0.0
expansion_caco2_efflux,ExpansionRx,split3,classical,rdkit_desc_lgbm,rdkit_desc_lgbm,standardized_exact,208,0,0.0,208,0.20772439301180456,,0.20772439301180456,0.0
expansion_caco2_efflux,ExpansionRx,split3,classical,rdkit_desc_lgbm,rdkit_desc_lgbm,connectivity_inchikey,208,0,0.0,208,0.20772439301180456,,0.20772439301180456,0.0
expansion_caco2_efflux,ExpansionRx,split3,classical,rdkit_desc_lgbm,rdkit_desc_lgbm,tanimoto_ge_0_70,208,2,0.009615384615384616,206,0.20772439301180456,0.12125703369449015,0.2085638819372154,0.0008394889254108306
expansion_caco2_efflux,ExpansionRx,split3,classical,rdkit_desc_lgbm,rdkit_desc_lgbm,tanimoto_ge_0_80,208,0,0.0,208,0.20772439301180456,,0.20772439301180456,0.0
expansion_caco2_efflux,ExpansionRx,split3,classical,rdkit_desc_lgbm,rdkit_desc_lgbm,tanimoto_ge_0_90,208,0,0.0,208,0.20772439301180456,,0.20772439301180456,0.0
expansion_caco2_efflux,ExpansionRx,split3,classical,rdkit_desc_lgbm,rdkit_desc_lgbm,tanimoto_ge_0_95,208,0,0.0,208,0.20772439301180456,,0.20772439301180456,0.0
expansion_caco2_efflux,ExpansionRx,split3,classical,rdkit_desc_rf,rdkit_desc_rf,standardized_exact,208,0,0.0,208,0.22550516700583326,,0.22550516700583326,0.0
expansion_caco2_efflux,ExpansionRx,split3,classical,rdkit_desc_rf,rdkit_desc_rf,connectivity_inchikey,208,0,0.0,208,0.22550516700583326,,0.22550516700583326,0.0
expansion_caco2_efflux,ExpansionRx,split3,classical,rdkit_desc_rf,rdkit_desc_rf,tanimoto_ge_0_70,208,2,0.009615384615384616,206,0.22550516700583326,0.18597266452227826,0.22588897770955713,0.00038381070372386916
expansion_caco2_efflux,ExpansionRx,split3,classical,rdkit_desc_rf,rdkit_desc_rf,tanimoto_ge_0_80,208,0,0.0,208,0.22550516700583326,,0.22550516700583326,0.0
expansion_caco2_efflux,ExpansionRx,split3,classical,rdkit_desc_rf,rdkit_desc_rf,tanimoto_ge_0_90,208,0,0.0,208,0.22550516700583326,,0.22550516700583326,0.0
expansion_caco2_efflux,ExpansionRx,split3,classical,rdkit_desc_rf,rdkit_desc_rf,tanimoto_ge_0_95,208,0,0.0,208,0.22550516700583326,,0.22550516700583326,0.0
expansion_caco2_pappa,ExpansionRx,split1,classical,dummy_median,dummy_median,standardized_exact,238,0,0.0,238,0.5015521300508713,,0.5015521300508713,0.0
expansion_caco2_pappa,ExpansionRx,split1,classical,dummy_median,dummy_median,connectivity_inchikey,238,0,0.0,238,0.5015521300508713,,0.5015521300508713,0.0
expansion_caco2_pappa,ExpansionRx,split1,classical,dummy_median,dummy_median,tanimoto_ge_0_70,238,1,0.004201680672268907,237,0.5015521300508713,0.4795991389152764,0.5016447587054519,9.262865458059544e-05
expansion_caco2_pappa,ExpansionRx,split1,classical,dummy_median,dummy_median,tanimoto_ge_0_80,238,0,0.0,238,0.5015521300508713,,0.5015521300508713,0.0
expansion_caco2_pappa,ExpansionRx,split1,classical,dummy_median,dummy_median,tanimoto_ge_0_90,238,0,0.0,238,0.5015521300508713,,0.5015521300508713,0.0
expansion_caco2_pappa,ExpansionRx,split1,classical,dummy_median,dummy_median,tanimoto_ge_0_95,238,0,0.0,238,0.5015521300508713,,0.5015521300508713,0.0
expansion_caco2_pappa,ExpansionRx,split1,classical,ecfp4_lgbm,ecfp4_lgbm,standardized_exact,238,0,0.0,238,0.3387813373995431,,0.3387813373995431,0.0
expansion_caco2_pappa,ExpansionRx,split1,classical,ecfp4_lgbm,ecfp4_lgbm,connectivity_inchikey,238,0,0.0,238,0.3387813373995431,,0.3387813373995431,0.0
expansion_caco2_pappa,ExpansionRx,split1,classical,ecfp4_lgbm,ecfp4_lgbm,tanimoto_ge_0_70,238,1,0.004201680672268907,237,0.3387813373995431,0.29109326971920213,0.3389825528749876,0.00020121547544449392
expansion_caco2_pappa,ExpansionRx,split1,classical,ecfp4_lgbm,ecfp4_lgbm,tanimoto_ge_0_80,238,0,0.0,238,0.3387813373995431,,0.3387813373995431,0.0
expansion_caco2_pappa,ExpansionRx,split1,classical,ecfp4_lgbm,ecfp4_lgbm,tanimoto_ge_0_90,238,0,0.0,238,0.3387813373995431,,0.3387813373995431,0.0
expansion_caco2_pappa,ExpansionRx,split1,classical,ecfp4_lgbm,ecfp4_lgbm,tanimoto_ge_0_95,238,0,0.0,238,0.3387813373995431,,0.3387813373995431,0.0
expansion_caco2_pappa,ExpansionRx,split1,classical,ecfp4_rf,ecfp4_rf,standardized_exact,238,0,0.0,238,0.3780078797816889,,0.3780078797816889,0.0
expansion_caco2_pappa,ExpansionRx,split1,classical,ecfp4_rf,ecfp4_rf,connectivity_inchikey,238,0,0.0,238,0.3780078797816889,,0.3780078797816889,0.0
expansion_caco2_pappa,ExpansionRx,split1,classical,ecfp4_rf,ecfp4_rf,tanimoto_ge_0_70,238,1,0.004201680672268907,237,0.3780078797816889,0.25624439287686807,0.3785216497686291,0.0005137699869401935
expansion_caco2_pappa,ExpansionRx,split1,classical,ecfp4_rf,ecfp4_rf,tanimoto_ge_0_80,238,0,0.0,238,0.3780078797816889,,0.3780078797816889,0.0
expansion_caco2_pappa,ExpansionRx,split1,classical,ecfp4_rf,ecfp4_rf,tanimoto_ge_0_90,238,0,0.0,238,0.3780078797816889,,0.3780078797816889,0.0
expansion_caco2_pappa,ExpansionRx,split1,classical,ecfp4_rf,ecfp4_rf,tanimoto_ge_0_95,238,0,0.0,238,0.3780078797816889,,0.3780078797816889,0.0
expansion_caco2_pappa,ExpansionRx,split1,classical,rdkit_desc_lgbm,rdkit_desc_lgbm,standardized_exact,238,0,0.0,238,0.3489583414599402,,0.3489583414599402,0.0
expansion_caco2_pappa,ExpansionRx,split1,classical,rdkit_desc_lgbm,rdkit_desc_lgbm,connectivity_inchikey,238,0,0.0,238,0.3489583414599402,,0.3489583414599402,0.0
expansion_caco2_pappa,ExpansionRx,split1,classical,rdkit_desc_lgbm,rdkit_desc_lgbm,tanimoto_ge_0_70,238,1,0.004201680672268907,237,0.3489583414599402,0.19511829690876903,0.3496074555719705,0.0006491141120302801
expansion_caco2_pappa,ExpansionRx,split1,classical,rdkit_desc_lgbm,rdkit_desc_lgbm,tanimoto_ge_0_80,238,0,0.0,238,0.3489583414599402,,0.3489583414599402,0.0
expansion_caco2_pappa,ExpansionRx,split1,classical,rdkit_desc_lgbm,rdkit_desc_lgbm,tanimoto_ge_0_90,238,0,0.0,238,0.3489583414599402,,0.3489583414599402,0.0
expansion_caco2_pappa,ExpansionRx,split1,classical,rdkit_desc_lgbm,rdkit_desc_lgbm,tanimoto_ge_0_95,238,0,0.0,238,0.3489583414599402,,0.3489583414599402,0.0
expansion_caco2_pappa,ExpansionRx,split1,classical,rdkit_desc_rf,rdkit_desc_rf,standardized_exact,238,0,0.0,238,0.36209461826344047,,0.36209461826344047,0.0
expansion_caco2_pappa,ExpansionRx,split1,classical,rdkit_desc_rf,rdkit_desc_rf,connectivity_inchikey,238,0,0.0,238,0.36209461826344047,,0.36209461826344047,0.0
expansion_caco2_pappa,ExpansionRx,split1,classical,rdkit_desc_rf,rdkit_desc_rf,tanimoto_ge_0_70,238,1,0.004201680672268907,237,0.36209461826344047,0.3303315210406754,0.3622286397707095,0.00013402150726904427
expansion_caco2_pappa,ExpansionRx,split1,classical,rdkit_desc_rf,rdkit_desc_rf,tanimoto_ge_0_80,238,0,0.0,238,0.36209461826344047,,0.36209461826344047,0.0
expansion_caco2_pappa,ExpansionRx,split1,classical,rdkit_desc_rf,rdkit_desc_rf,tanimoto_ge_0_90,238,0,0.0,238,0.36209461826344047,,0.36209461826344047,0.0
expansion_caco2_pappa,ExpansionRx,split1,classical,rdkit_desc_rf,rdkit_desc_rf,tanimoto_ge_0_95,238,0,0.0,238,0.36209461826344047,,0.36209461826344047,0.0
expansion_caco2_pappa,ExpansionRx,split2,classical,dummy_median,dummy_median,standardized_exact,214,0,0.0,214,0.3740100513362498,,0.3740100513362498,0.0
expansion_caco2_pappa,ExpansionRx,split2,classical,dummy_median,dummy_median,connectivity_inchikey,214,0,0.0,214,0.3740100513362498,,0.3740100513362498,0.0
expansion_caco2_pappa,ExpansionRx,split2,classical,dummy_median,dummy_median,tanimoto_ge_0_70,214,0,0.0,214,0.3740100513362498,,0.3740100513362498,0.0
expansion_caco2_pappa,ExpansionRx,split2,classical,dummy_median,dummy_median,tanimoto_ge_0_80,214,0,0.0,214,0.3740100513362498,,0.3740100513362498,0.0
expansion_caco2_pappa,ExpansionRx,split2,classical,dummy_median,dummy_median,tanimoto_ge_0_90,214,0,0.0,214,0.3740100513362498,,0.3740100513362498,0.0
expansion_caco2_pappa,ExpansionRx,split2,classical,dummy_median,dummy_median,tanimoto_ge_0_95,214,0,0.0,214,0.3740100513362498,,0.3740100513362498,0.0
expansion_caco2_pappa,ExpansionRx,split2,classical,ecfp4_lgbm,ecfp4_lgbm,standardized_exact,214,0,0.0,214,0.3002105863155491,,0.3002105863155491,0.0
expansion_caco2_pappa,ExpansionRx,split2,classical,ecfp4_lgbm,ecfp4_lgbm,connectivity_inchikey,214,0,0.0,214,0.3002105863155491,,0.3002105863155491,0.0
expansion_caco2_pappa,ExpansionRx,split2,classical,ecfp4_lgbm,ecfp4_lgbm,tanimoto_ge_0_70,214,0,0.0,214,0.3002105863155491,,0.3002105863155491,0.0
expansion_caco2_pappa,ExpansionRx,split2,classical,ecfp4_lgbm,ecfp4_lgbm,tanimoto_ge_0_80,214,0,0.0,214,0.3002105863155491,,0.3002105863155491,0.0
expansion_caco2_pappa,ExpansionRx,split2,classical,ecfp4_lgbm,ecfp4_lgbm,tanimoto_ge_0_90,214,0,0.0,214,0.3002105863155491,,0.3002105863155491,0.0
expansion_caco2_pappa,ExpansionRx,split2,classical,ecfp4_lgbm,ecfp4_lgbm,tanimoto_ge_0_95,214,0,0.0,214,0.3002105863155491,,0.3002105863155491,0.0
expansion_caco2_pappa,ExpansionRx,split2,classical,ecfp4_rf,ecfp4_rf,standardized_exact,214,0,0.0,214,0.2957295428423513,,0.2957295428423513,0.0
expansion_caco2_pappa,ExpansionRx,split2,classical,ecfp4_rf,ecfp4_rf,connectivity_inchikey,214,0,0.0,214,0.2957295428423513,,0.2957295428423513,0.0
expansion_caco2_pappa,ExpansionRx,split2,classical,ecfp4_rf,ecfp4_rf,tanimoto_ge_0_70,214,0,0.0,214,0.2957295428423513,,0.2957295428423513,0.0
expansion_caco2_pappa,ExpansionRx,split2,classical,ecfp4_rf,ecfp4_rf,tanimoto_ge_0_80,214,0,0.0,214,0.2957295428423513,,0.2957295428423513,0.0
expansion_caco2_pappa,ExpansionRx,split2,classical,ecfp4_rf,ecfp4_rf,tanimoto_ge_0_90,214,0,0.0,214,0.2957295428423513,,0.2957295428423513,0.0
expansion_caco2_pappa,ExpansionRx,split2,classical,ecfp4_rf,ecfp4_rf,tanimoto_ge_0_95,214,0,0.0,214,0.2957295428423513,,0.2957295428423513,0.0
expansion_caco2_pappa,ExpansionRx,split2,classical,rdkit_desc_lgbm,rdkit_desc_lgbm,standardized_exact,214,0,0.0,214,0.2787727538448175,,0.2787727538448175,0.0
expansion_caco2_pappa,ExpansionRx,split2,classical,rdkit_desc_lgbm,rdkit_desc_lgbm,connectivity_inchikey,214,0,0.0,214,0.2787727538448175,,0.2787727538448175,0.0
expansion_caco2_pappa,ExpansionRx,split2,classical,rdkit_desc_lgbm,rdkit_desc_lgbm,tanimoto_ge_0_70,214,0,0.0,214,0.2787727538448175,,0.2787727538448175,0.0
expansion_caco2_pappa,ExpansionRx,split2,classical,rdkit_desc_lgbm,rdkit_desc_lgbm,tanimoto_ge_0_80,214,0,0.0,214,0.2787727538448175,,0.2787727538448175,0.0
expansion_caco2_pappa,ExpansionRx,split2,classical,rdkit_desc_lgbm,rdkit_desc_lgbm,tanimoto_ge_0_90,214,0,0.0,214,0.2787727538448175,,0.2787727538448175,0.0
expansion_caco2_pappa,ExpansionRx,split2,classical,rdkit_desc_lgbm,rdkit_desc_lgbm,tanimoto_ge_0_95,214,0,0.0,214,0.2787727538448175,,0.2787727538448175,0.0
expansion_caco2_pappa,ExpansionRx,split2,classical,rdkit_desc_rf,rdkit_desc_rf,standardized_exact,214,0,0.0,214,0.3078080989748658,,0.3078080989748658,0.0
expansion_caco2_pappa,ExpansionRx,split2,classical,rdkit_desc_rf,rdkit_desc_rf,connectivity_inchikey,214,0,0.0,214,0.3078080989748658,,0.3078080989748658,0.0
expansion_caco2_pappa,ExpansionRx,split2,classical,rdkit_desc_rf,rdkit_desc_rf,tanimoto_ge_0_70,214,0,0.0,214,0.3078080989748658,,0.3078080989748658,0.0
expansion_caco2_pappa,ExpansionRx,split2,classical,rdkit_desc_rf,rdkit_desc_rf,tanimoto_ge_0_80,214,0,0.0,214,0.3078080989748658,,0.3078080989748658,0.0
expansion_caco2_pappa,ExpansionRx,split2,classical,rdkit_desc_rf,rdkit_desc_rf,tanimoto_ge_0_90,214,0,0.0,214,0.3078080989748658,,0.3078080989748658,0.0
expansion_caco2_pappa,ExpansionRx,split2,classical,rdkit_desc_rf,rdkit_desc_rf,tanimoto_ge_0_95,214,0,0.0,214,0.3078080989748658,,0.3078080989748658,0.0
expansion_caco2_pappa,ExpansionRx,split3,classical,dummy_median,dummy_median,standardized_exact,202,0,0.0,202,0.46910200271681307,,0.46910200271681307,0.0
expansion_caco2_pappa,ExpansionRx,split3,classical,dummy_median,dummy_median,connectivity_inchikey,202,0,0.0,202,0.46910200271681307,,0.46910200271681307,0.0
expansion_caco2_pappa,ExpansionRx,split3,classical,dummy_median,dummy_median,tanimoto_ge_0_70,202,2,0.009900990099009901,200,0.46910200271681307,0.34898748695260606,0.4703031478744552,0.0012011451576421361
expansion_caco2_pappa,ExpansionRx,split3,classical,dummy_median,dummy_median,tanimoto_ge_0_80,202,0,0.0,202,0.46910200271681307,,0.46910200271681307,0.0
expansion_caco2_pappa,ExpansionRx,split3,classical,dummy_median,dummy_median,tanimoto_ge_0_90,202,0,0.0,202,0.46910200271681307,,0.46910200271681307,0.0
expansion_caco2_pappa,ExpansionRx,split3,classical,dummy_median,dummy_median,tanimoto_ge_0_95,202,0,0.0,202,0.46910200271681307,,0.46910200271681307,0.0
expansion_caco2_pappa,ExpansionRx,split3,classical,ecfp4_lgbm,ecfp4_lgbm,standardized_exact,202,0,0.0,202,0.3621867023360308,,0.3621867023360308,0.0
expansion_caco2_pappa,ExpansionRx,split3,classical,ecfp4_lgbm,ecfp4_lgbm,connectivity_inchikey,202,0,0.0,202,0.3621867023360308,,0.3621867023360308,0.0
expansion_caco2_pappa,ExpansionRx,split3,classical,ecfp4_lgbm,ecfp4_lgbm,tanimoto_ge_0_70,202,2,0.009900990099009901,200,0.3621867023360308,0.14703040675575862,0.3643382652918335,0.0021515629558027105
expansion_caco2_pappa,ExpansionRx,split3,classical,ecfp4_lgbm,ecfp4_lgbm,tanimoto_ge_0_80,202,0,0.0,202,0.3621867023360308,,0.3621867023360308,0.0
expansion_caco2_pappa,ExpansionRx,split3,classical,ecfp4_lgbm,ecfp4_lgbm,tanimoto_ge_0_90,202,0,0.0,202,0.3621867023360308,,0.3621867023360308,0.0
expansion_caco2_pappa,ExpansionRx,split3,classical,ecfp4_lgbm,ecfp4_lgbm,tanimoto_ge_0_95,202,0,0.0,202,0.3621867023360308,,0.3621867023360308,0.0
expansion_caco2_pappa,ExpansionRx,split3,classical,ecfp4_rf,ecfp4_rf,standardized_exact,202,0,0.0,202,0.39986985113793144,,0.39986985113793144,0.0
expansion_caco2_pappa,ExpansionRx,split3,classical,ecfp4_rf,ecfp4_rf,connectivity_inchikey,202,0,0.0,202,0.39986985113793144,,0.39986985113793144,0.0
expansion_caco2_pappa,ExpansionRx,split3,classical,ecfp4_rf,ecfp4_rf,tanimoto_ge_0_70,202,2,0.009900990099009901,200,0.39986985113793144,0.13640648629497443,0.402504484786361,0.002634633648429585
expansion_caco2_pappa,ExpansionRx,split3,classical,ecfp4_rf,ecfp4_rf,tanimoto_ge_0_80,202,0,0.0,202,0.39986985113793144,,0.39986985113793144,0.0
expansion_caco2_pappa,ExpansionRx,split3,classical,ecfp4_rf,ecfp4_rf,tanimoto_ge_0_90,202,0,0.0,202,0.39986985113793144,,0.39986985113793144,0.0
expansion_caco2_pappa,ExpansionRx,split3,classical,ecfp4_rf,ecfp4_rf,tanimoto_ge_0_95,202,0,0.0,202,0.39986985113793144,,0.39986985113793144,0.0
expansion_caco2_pappa,ExpansionRx,split3,classical,rdkit_desc_lgbm,rdkit_desc_lgbm,standardized_exact,202,0,0.0,202,0.3444824673365854,,0.3444824673365854,0.0
expansion_caco2_pappa,ExpansionRx,split3,classical,rdkit_desc_lgbm,rdkit_desc_lgbm,connectivity_inchikey,202,0,0.0,202,0.3444824673365854,,0.3444824673365854,0.0
expansion_caco2_pappa,ExpansionRx,split3,classical,rdkit_desc_lgbm,rdkit_desc_lgbm,tanimoto_ge_0_70,202,2,0.009900990099009901,200,0.3444824673365854,0.2592719715945456,0.34533457229400577,0.0008521049574203854
expansion_caco2_pappa,ExpansionRx,split3,classical,rdkit_desc_lgbm,rdkit_desc_lgbm,tanimoto_ge_0_80,202,0,0.0,202,0.3444824673365854,,0.3444824673365854,0.0
expansion_caco2_pappa,ExpansionRx,split3,classical,rdkit_desc_lgbm,rdkit_desc_lgbm,tanimoto_ge_0_90,202,0,0.0,202,0.3444824673365854,,0.3444824673365854,0.0
expansion_caco2_pappa,ExpansionRx,split3,classical,rdkit_desc_lgbm,rdkit_desc_lgbm,tanimoto_ge_0_95,202,0,0.0,202,0.3444824673365854,,0.3444824673365854,0.0
expansion_caco2_pappa,ExpansionRx,split3,classical,rdkit_desc_rf,rdkit_desc_rf,standardized_exact,202,0,0.0,202,0.34843740578558935,,0.34843740578558935,0.0
expansion_caco2_pappa,ExpansionRx,split3,classical,rdkit_desc_rf,rdkit_desc_rf,connectivity_inchikey,202,0,0.0,202,0.34843740578558935,,0.34843740578558935,0.0
expansion_caco2_pappa,ExpansionRx,split3,classical,rdkit_desc_rf,rdkit_desc_rf,tanimoto_ge_0_70,202,2,0.009900990099009901,200,0.34843740578558935,0.3253191887713103,0.3486685879557321,0.00023118217014272968
expansion_caco2_pappa,ExpansionRx,split3,classical,rdkit_desc_rf,rdkit_desc_rf,tanimoto_ge_0_80,202,0,0.0,202,0.34843740578558935,,0.34843740578558935,0.0
expansion_caco2_pappa,ExpansionRx,split3,classical,rdkit_desc_rf,rdkit_desc_rf,tanimoto_ge_0_90,202,0,0.0,202,0.34843740578558935,,0.34843740578558935,0.0
expansion_caco2_pappa,ExpansionRx,split3,classical,rdkit_desc_rf,rdkit_desc_rf,tanimoto_ge_0_95,202,0,0.0,202,0.34843740578558935,,0.34843740578558935,0.0
expansion_hlm,ExpansionRx,split1,classical,dummy_median,dummy_median,standardized_exact,443,0,0.0,443,0.5045051657212809,,0.5045051657212809,0.0
expansion_hlm,ExpansionRx,split1,classical,dummy_median,dummy_median,connectivity_inchikey,443,0,0.0,443,0.5045051657212809,,0.5045051657212809,0.0
expansion_hlm,ExpansionRx,split1,classical,dummy_median,dummy_median,tanimoto_ge_0_70,443,9,0.020316027088036117,434,0.5045051657212809,0.7284080742323331,0.49986201784893186,-0.0046431478723490405
expansion_hlm,ExpansionRx,split1,classical,dummy_median,dummy_median,tanimoto_ge_0_80,443,0,0.0,443,0.5045051657212809,,0.5045051657212809,0.0
expansion_hlm,ExpansionRx,split1,classical,dummy_median,dummy_median,tanimoto_ge_0_90,443,0,0.0,443,0.5045051657212809,,0.5045051657212809,0.0
expansion_hlm,ExpansionRx,split1,classical,dummy_median,dummy_median,tanimoto_ge_0_95,443,0,0.0,443,0.5045051657212809,,0.5045051657212809,0.0
expansion_hlm,ExpansionRx,split1,classical,ecfp4_lgbm,ecfp4_lgbm,standardized_exact,443,0,0.0,443,0.3508853771324068,,0.3508853771324068,0.0
expansion_hlm,ExpansionRx,split1,classical,ecfp4_lgbm,ecfp4_lgbm,connectivity_inchikey,443,0,0.0,443,0.3508853771324068,,0.3508853771324068,0.0
expansion_hlm,ExpansionRx,split1,classical,ecfp4_lgbm,ecfp4_lgbm,tanimoto_ge_0_70,443,9,0.020316027088036117,434,0.3508853771324068,0.558586952585433,0.3465782016045791,-0.004307175527827722
expansion_hlm,ExpansionRx,split1,classical,ecfp4_lgbm,ecfp4_lgbm,tanimoto_ge_0_80,443,0,0.0,443,0.3508853771324068,,0.3508853771324068,0.0
expansion_hlm,ExpansionRx,split1,classical,ecfp4_lgbm,ecfp4_lgbm,tanimoto_ge_0_90,443,0,0.0,443,0.3508853771324068,,0.3508853771324068,0.0
expansion_hlm,ExpansionRx,split1,classical,ecfp4_lgbm,ecfp4_lgbm,tanimoto_ge_0_95,443,0,0.0,443,0.3508853771324068,,0.3508853771324068,0.0
expansion_hlm,ExpansionRx,split1,classical,ecfp4_rf,ecfp4_rf,standardized_exact,443,0,0.0,443,0.3729570136963301,,0.3729570136963301,0.0
expansion_hlm,ExpansionRx,split1,classical,ecfp4_rf,ecfp4_rf,connectivity_inchikey,443,0,0.0,443,0.3729570136963301,,0.3729570136963301,0.0
expansion_hlm,ExpansionRx,split1,classical,ecfp4_rf,ecfp4_rf,tanimoto_ge_0_70,443,9,0.020316027088036117,434,0.3729570136963301,0.5889785617681188,0.36847730417410407,-0.004479709522226039
expansion_hlm,ExpansionRx,split1,classical,ecfp4_rf,ecfp4_rf,tanimoto_ge_0_80,443,0,0.0,443,0.3729570136963301,,0.3729570136963301,0.0
expansion_hlm,ExpansionRx,split1,classical,ecfp4_rf,ecfp4_rf,tanimoto_ge_0_90,443,0,0.0,443,0.3729570136963301,,0.3729570136963301,0.0
expansion_hlm,ExpansionRx,split1,classical,ecfp4_rf,ecfp4_rf,tanimoto_ge_0_95,443,0,0.0,443,0.3729570136963301,,0.3729570136963301,0.0
expansion_hlm,ExpansionRx,split1,classical,rdkit_desc_lgbm,rdkit_desc_lgbm,standardized_exact,443,0,0.0,443,0.3530125818211271,,0.3530125818211271,0.0
expansion_hlm,ExpansionRx,split1,classical,rdkit_desc_lgbm,rdkit_desc_lgbm,connectivity_inchikey,443,0,0.0,443,0.3530125818211271,,0.3530125818211271,0.0
expansion_hlm,ExpansionRx,split1,classical,rdkit_desc_lgbm,rdkit_desc_lgbm,tanimoto_ge_0_70,443,9,0.020316027088036117,434,0.3530125818211271,0.6030222868369788,0.347828048767803,-0.005184533053324114
expansion_hlm,ExpansionRx,split1,classical,rdkit_desc_lgbm,rdkit_desc_lgbm,tanimoto_ge_0_80,443,0,0.0,443,0.3530125818211271,,0.3530125818211271,0.0
expansion_hlm,ExpansionRx,split1,classical,rdkit_desc_lgbm,rdkit_desc_lgbm,tanimoto_ge_0_90,443,0,0.0,443,0.3530125818211271,,0.3530125818211271,0.0
expansion_hlm,ExpansionRx,split1,classical,rdkit_desc_lgbm,rdkit_desc_lgbm,tanimoto_ge_0_95,443,0,0.0,443,0.3530125818211271,,0.3530125818211271,0.0
expansion_hlm,ExpansionRx,split1,classical,rdkit_desc_rf,rdkit_desc_rf,standardized_exact,443,0,0.0,443,0.36961282869538786,,0.36961282869538786,0.0
expansion_hlm,ExpansionRx,split1,classical,rdkit_desc_rf,rdkit_desc_rf,connectivity_inchikey,443,0,0.0,443,0.36961282869538786,,0.36961282869538786,0.0
expansion_hlm,ExpansionRx,split1,classical,rdkit_desc_rf,rdkit_desc_rf,tanimoto_ge_0_70,443,9,0.020316027088036117,434,0.36961282869538786,0.45553915254798294,0.36783094640351377,-0.0017818822918740929
expansion_hlm,ExpansionRx,split1,classical,rdkit_desc_rf,rdkit_desc_rf,tanimoto_ge_0_80,443,0,0.0,443,0.36961282869538786,,0.36961282869538786,0.0
expansion_hlm,ExpansionRx,split1,classical,rdkit_desc_rf,rdkit_desc_rf,tanimoto_ge_0_90,443,0,0.0,443,0.36961282869538786,,0.36961282869538786,0.0
expansion_hlm,ExpansionRx,split1,classical,rdkit_desc_rf,rdkit_desc_rf,tanimoto_ge_0_95,443,0,0.0,443,0.36961282869538786,,0.36961282869538786,0.0
expansion_hlm,ExpansionRx,split2,classical,dummy_median,dummy_median,standardized_exact,409,1,0.0024449877750611247,408,0.5207033630327422,0.7696311080772726,0.5200932460105743,-0.0006101170221679553
expansion_hlm,ExpansionRx,split2,classical,dummy_median,dummy_median,connectivity_inchikey,409,1,0.0024449877750611247,408,0.5207033630327422,0.7696311080772726,0.5200932460105743,-0.0006101170221679553
expansion_hlm,ExpansionRx,split2,classical,dummy_median,dummy_median,tanimoto_ge_0_70,409,2,0.004889975550122249,407,0.5207033630327422,0.7772214194418849,0.5194428320430168,-0.0012605309897254502
expansion_hlm,ExpansionRx,split2,classical,dummy_median,dummy_median,tanimoto_ge_0_80,409,1,0.0024449877750611247,408,0.5207033630327422,0.7696311080772726,0.5200932460105743,-0.0006101170221679553
expansion_hlm,ExpansionRx,split2,classical,dummy_median,dummy_median,tanimoto_ge_0_90,409,1,0.0024449877750611247,408,0.5207033630327422,0.7696311080772726,0.5200932460105743,-0.0006101170221679553
expansion_hlm,ExpansionRx,split2,classical,dummy_median,dummy_median,tanimoto_ge_0_95,409,1,0.0024449877750611247,408,0.5207033630327422,0.7696311080772726,0.5200932460105743,-0.0006101170221679553
expansion_hlm,ExpansionRx,split2,classical,ecfp4_lgbm,ecfp4_lgbm,standardized_exact,409,1,0.0024449877750611247,408,0.3492060826588426,0.10479237954634568,0.34980513585274575,0.0005990531939031318
expansion_hlm,ExpansionRx,split2,classical,ecfp4_lgbm,ecfp4_lgbm,connectivity_inchikey,409,1,0.0024449877750611247,408,0.3492060826588426,0.10479237954634568,0.34980513585274575,0.0005990531939031318
expansion_hlm,ExpansionRx,split2,classical,ecfp4_lgbm,ecfp4_lgbm,tanimoto_ge_0_70,409,2,0.004889975550122249,407,0.3492060826588426,0.08544195815189526,0.3505022208628079,0.0012961382039652913
expansion_hlm,ExpansionRx,split2,classical,ecfp4_lgbm,ecfp4_lgbm,tanimoto_ge_0_80,409,1,0.0024449877750611247,408,0.3492060826588426,0.10479237954634568,0.34980513585274575,0.0005990531939031318
expansion_hlm,ExpansionRx,split2,classical,ecfp4_lgbm,ecfp4_lgbm,tanimoto_ge_0_90,409,1,0.0024449877750611247,408,0.3492060826588426,0.10479237954634568,0.34980513585274575,0.0005990531939031318
expansion_hlm,ExpansionRx,split2,classical,ecfp4_lgbm,ecfp4_lgbm,tanimoto_ge_0_95,409,1,0.0024449877750611247,408,0.3492060826588426,0.10479237954634568,0.34980513585274575,0.0005990531939031318
expansion_hlm,ExpansionRx,split2,classical,ecfp4_rf,ecfp4_rf,standardized_exact,409,1,0.0024449877750611247,408,0.3696567058627404,0.10518373971209494,0.37030492391703124,0.0006482180542908278
expansion_hlm,ExpansionRx,split2,classical,ecfp4_rf,ecfp4_rf,connectivity_inchikey,409,1,0.0024449877750611247,408,0.3696567058627404,0.10518373971209494,0.37030492391703124,0.0006482180542908278
expansion_hlm,ExpansionRx,split2,classical,ecfp4_rf,ecfp4_rf,tanimoto_ge_0_70,409,2,0.004889975550122249,407,0.3696567058627404,0.06867168362642895,0.3711357477410515,0.0014790418783111048
expansion_hlm,ExpansionRx,split2,classical,ecfp4_rf,ecfp4_rf,tanimoto_ge_0_80,409,1,0.0024449877750611247,408,0.3696567058627404,0.10518373971209494,0.37030492391703124,0.0006482180542908278
expansion_hlm,ExpansionRx,split2,classical,ecfp4_rf,ecfp4_rf,tanimoto_ge_0_90,409,1,0.0024449877750611247,408,0.3696567058627404,0.10518373971209494,0.37030492391703124,0.0006482180542908278
expansion_hlm,ExpansionRx,split2,classical,ecfp4_rf,ecfp4_rf,tanimoto_ge_0_95,409,1,0.0024449877750611247,408,0.3696567058627404,0.10518373971209494,0.37030492391703124,0.0006482180542908278
expansion_hlm,ExpansionRx,split2,classical,rdkit_desc_lgbm,rdkit_desc_lgbm,standardized_exact,409,1,0.0024449877750611247,408,0.37482859365622945,0.15958321933593345,0.375356155848191,0.0005275621919615392
expansion_hlm,ExpansionRx,split2,classical,rdkit_desc_lgbm,rdkit_desc_lgbm,connectivity_inchikey,409,1,0.0024449877750611247,408,0.37482859365622945,0.15958321933593345,0.375356155848191,0.0005275621919615392
expansion_hlm,ExpansionRx,split2,classical,rdkit_desc_lgbm,rdkit_desc_lgbm,tanimoto_ge_0_70,409,2,0.004889975550122249,407,0.37482859365622945,0.1709682394652785,0.37583036443849455,0.001001770782265099
expansion_hlm,ExpansionRx,split2,classical,rdkit_desc_lgbm,rdkit_desc_lgbm,tanimoto_ge_0_80,409,1,0.0024449877750611247,408,0.37482859365622945,0.15958321933593345,0.375356155848191,0.0005275621919615392
expansion_hlm,ExpansionRx,split2,classical,rdkit_desc_lgbm,rdkit_desc_lgbm,tanimoto_ge_0_90,409,1,0.0024449877750611247,408,0.37482859365622945,0.15958321933593345,0.375356155848191,0.0005275621919615392
expansion_hlm,ExpansionRx,split2,classical,rdkit_desc_lgbm,rdkit_desc_lgbm,tanimoto_ge_0_95,409,1,0.0024449877750611247,408,0.37482859365622945,0.15958321933593345,0.375356155848191,0.0005275621919615392
expansion_hlm,ExpansionRx,split2,classical,rdkit_desc_rf,rdkit_desc_rf,standardized_exact,409,1,0.0024449877750611247,408,0.39733941538655704,0.09111046712276094,0.39808997653426237,0.0007505611477053309
expansion_hlm,ExpansionRx,split2,classical,rdkit_desc_rf,rdkit_desc_rf,connectivity_inchikey,409,1,0.0024449877750611247,408,0.39733941538655704,0.09111046712276094,0.39808997653426237,0.0007505611477053309
expansion_hlm,ExpansionRx,split2,classical,rdkit_desc_rf,rdkit_desc_rf,tanimoto_ge_0_70,409,2,0.004889975550122249,407,0.39733941538655704,0.12455954097035848,0.39867985702987985,0.0013404416433228095
expansion_hlm,ExpansionRx,split2,classical,rdkit_desc_rf,rdkit_desc_rf,tanimoto_ge_0_80,409,1,0.0024449877750611247,408,0.39733941538655704,0.09111046712276094,0.39808997653426237,0.0007505611477053309
expansion_hlm,ExpansionRx,split2,classical,rdkit_desc_rf,rdkit_desc_rf,tanimoto_ge_0_90,409,1,0.0024449877750611247,408,0.39733941538655704,0.09111046712276094,0.39808997653426237,0.0007505611477053309
expansion_hlm,ExpansionRx,split2,classical,rdkit_desc_rf,rdkit_desc_rf,tanimoto_ge_0_95,409,1,0.0024449877750611247,408,0.39733941538655704,0.09111046712276094,0.39808997653426237,0.0007505611477053309
expansion_hlm,ExpansionRx,split3,classical,dummy_median,dummy_median,standardized_exact,426,0,0.0,426,0.5230194525669891,,0.5230194525669891,0.0
expansion_hlm,ExpansionRx,split3,classical,dummy_median,dummy_median,connectivity_inchikey,426,0,0.0,426,0.5230194525669891,,0.5230194525669891,0.0
expansion_hlm,ExpansionRx,split3,classical,dummy_median,dummy_median,tanimoto_ge_0_70,426,2,0.004694835680751174,424,0.5230194525669891,1.1282543313127489,0.5201645710634714,-0.002854881503517759
expansion_hlm,ExpansionRx,split3,classical,dummy_median,dummy_median,tanimoto_ge_0_80,426,0,0.0,426,0.5230194525669891,,0.5230194525669891,0.0
expansion_hlm,ExpansionRx,split3,classical,dummy_median,dummy_median,tanimoto_ge_0_90,426,0,0.0,426,0.5230194525669891,,0.5230194525669891,0.0
expansion_hlm,ExpansionRx,split3,classical,dummy_median,dummy_median,tanimoto_ge_0_95,426,0,0.0,426,0.5230194525669891,,0.5230194525669891,0.0
expansion_hlm,ExpansionRx,split3,classical,ecfp4_lgbm,ecfp4_lgbm,standardized_exact,426,0,0.0,426,0.3547655493684414,,0.3547655493684414,0.0
expansion_hlm,ExpansionRx,split3,classical,ecfp4_lgbm,ecfp4_lgbm,connectivity_inchikey,426,0,0.0,426,0.3547655493684414,,0.3547655493684414,0.0
expansion_hlm,ExpansionRx,split3,classical,ecfp4_lgbm,ecfp4_lgbm,tanimoto_ge_0_70,426,2,0.004694835680751174,424,0.3547655493684414,0.5757808275069823,0.35372302447156145,-0.0010425248968799483
expansion_hlm,ExpansionRx,split3,classical,ecfp4_lgbm,ecfp4_lgbm,tanimoto_ge_0_80,426,0,0.0,426,0.3547655493684414,,0.3547655493684414,0.0
expansion_hlm,ExpansionRx,split3,classical,ecfp4_lgbm,ecfp4_lgbm,tanimoto_ge_0_90,426,0,0.0,426,0.3547655493684414,,0.3547655493684414,0.0
expansion_hlm,ExpansionRx,split3,classical,ecfp4_lgbm,ecfp4_lgbm,tanimoto_ge_0_95,426,0,0.0,426,0.3547655493684414,,0.3547655493684414,0.0
expansion_hlm,ExpansionRx,split3,classical,ecfp4_rf,ecfp4_rf,standardized_exact,426,0,0.0,426,0.3724428312599998,,0.3724428312599998,0.0
expansion_hlm,ExpansionRx,split3,classical,ecfp4_rf,ecfp4_rf,connectivity_inchikey,426,0,0.0,426,0.3724428312599998,,0.3724428312599998,0.0
expansion_hlm,ExpansionRx,split3,classical,ecfp4_rf,ecfp4_rf,tanimoto_ge_0_70,426,2,0.004694835680751174,424,0.3724428312599998,0.723635387985989,0.37078626259619796,-0.0016565686638018162
expansion_hlm,ExpansionRx,split3,classical,ecfp4_rf,ecfp4_rf,tanimoto_ge_0_80,426,0,0.0,426,0.3724428312599998,,0.3724428312599998,0.0
expansion_hlm,ExpansionRx,split3,classical,ecfp4_rf,ecfp4_rf,tanimoto_ge_0_90,426,0,0.0,426,0.3724428312599998,,0.3724428312599998,0.0
expansion_hlm,ExpansionRx,split3,classical,ecfp4_rf,ecfp4_rf,tanimoto_ge_0_95,426,0,0.0,426,0.3724428312599998,,0.3724428312599998,0.0
expansion_hlm,ExpansionRx,split3,classical,rdkit_desc_lgbm,rdkit_desc_lgbm,standardized_exact,426,0,0.0,426,0.3697378809675943,,0.3697378809675943,0.0
expansion_hlm,ExpansionRx,split3,classical,rdkit_desc_lgbm,rdkit_desc_lgbm,connectivity_inchikey,426,0,0.0,426,0.3697378809675943,,0.3697378809675943,0.0
expansion_hlm,ExpansionRx,split3,classical,rdkit_desc_lgbm,rdkit_desc_lgbm,tanimoto_ge_0_70,426,2,0.004694835680751174,424,0.3697378809675943,0.4352019702355152,0.369429088093689,-0.00030879287390528365
expansion_hlm,ExpansionRx,split3,classical,rdkit_desc_lgbm,rdkit_desc_lgbm,tanimoto_ge_0_80,426,0,0.0,426,0.3697378809675943,,0.3697378809675943,0.0
expansion_hlm,ExpansionRx,split3,classical,rdkit_desc_lgbm,rdkit_desc_lgbm,tanimoto_ge_0_90,426,0,0.0,426,0.3697378809675943,,0.3697378809675943,0.0
expansion_hlm,ExpansionRx,split3,classical,rdkit_desc_lgbm,rdkit_desc_lgbm,tanimoto_ge_0_95,426,0,0.0,426,0.3697378809675943,,0.3697378809675943,0.0
expansion_hlm,ExpansionRx,split3,classical,rdkit_desc_rf,rdkit_desc_rf,standardized_exact,426,0,0.0,426,0.37559460568233527,,0.37559460568233527,0.0
expansion_hlm,ExpansionRx,split3,classical,rdkit_desc_rf,rdkit_desc_rf,connectivity_inchikey,426,0,0.0,426,0.37559460568233527,,0.37559460568233527,0.0
expansion_hlm,ExpansionRx,split3,classical,rdkit_desc_rf,rdkit_desc_rf,tanimoto_ge_0_70,426,2,0.004694835680751174,424,0.37559460568233527,0.46428349011262604,0.3751762618878528,-0.0004183437944824675
expansion_hlm,ExpansionRx,split3,classical,rdkit_desc_rf,rdkit_desc_rf,tanimoto_ge_0_80,426,0,0.0,426,0.37559460568233527,,0.37559460568233527,0.0
expansion_hlm,ExpansionRx,split3,classical,rdkit_desc_rf,rdkit_desc_rf,tanimoto_ge_0_90,426,0,0.0,426,0.37559460568233527,,0.37559460568233527,0.0
expansion_hlm,ExpansionRx,split3,classical,rdkit_desc_rf,rdkit_desc_rf,tanimoto_ge_0_95,426,0,0.0,426,0.37559460568233527,,0.37559460568233527,0.0
expansion_ksol,ExpansionRx,split1,classical,dummy_median,dummy_median,standardized_exact,608,0,0.0,608,0.6488219138227299,,0.6488219138227299,0.0
expansion_ksol,ExpansionRx,split1,classical,dummy_median,dummy_median,connectivity_inchikey,608,0,0.0,608,0.6488219138227299,,0.6488219138227299,0.0
expansion_ksol,ExpansionRx,split1,classical,dummy_median,dummy_median,tanimoto_ge_0_70,608,4,0.006578947368421052,604,0.6488219138227299,0.6068809227182599,0.6490996687307066,0.00027775490797665725
expansion_ksol,ExpansionRx,split1,classical,dummy_median,dummy_median,tanimoto_ge_0_80,608,2,0.003289473684210526,606,0.6488219138227299,0.9054793306070946,0.6479748596419234,-0.0008470541808065501
expansion_ksol,ExpansionRx,split1,classical,dummy_median,dummy_median,tanimoto_ge_0_90,608,0,0.0,608,0.6488219138227299,,0.6488219138227299,0.0
expansion_ksol,ExpansionRx,split1,classical,dummy_median,dummy_median,tanimoto_ge_0_95,608,0,0.0,608,0.6488219138227299,,0.6488219138227299,0.0
expansion_ksol,ExpansionRx,split1,classical,ecfp4_lgbm,ecfp4_lgbm,standardized_exact,608,0,0.0,608,0.39280045410994846,,0.39280045410994846,0.0
expansion_ksol,ExpansionRx,split1,classical,ecfp4_lgbm,ecfp4_lgbm,connectivity_inchikey,608,0,0.0,608,0.39280045410994846,,0.39280045410994846,0.0
expansion_ksol,ExpansionRx,split1,classical,ecfp4_lgbm,ecfp4_lgbm,tanimoto_ge_0_70,608,4,0.006578947368421052,604,0.39280045410994846,0.41522763305411653,0.3926519297460798,-0.00014852436386864065
expansion_ksol,ExpansionRx,split1,classical,ecfp4_lgbm,ecfp4_lgbm,tanimoto_ge_0_80,608,2,0.003289473684210526,606,0.39280045410994846,0.7367341334226686,0.39166535945875136,-0.0011350946511970994
expansion_ksol,ExpansionRx,split1,classical,ecfp4_lgbm,ecfp4_lgbm,tanimoto_ge_0_90,608,0,0.0,608,0.39280045410994846,,0.39280045410994846,0.0
expansion_ksol,ExpansionRx,split1,classical,ecfp4_lgbm,ecfp4_lgbm,tanimoto_ge_0_95,608,0,0.0,608,0.39280045410994846,,0.39280045410994846,0.0
expansion_ksol,ExpansionRx,split1,classical,ecfp4_rf,ecfp4_rf,standardized_exact,608,0,0.0,608,0.441889214434201,,0.441889214434201,0.0
expansion_ksol,ExpansionRx,split1,classical,ecfp4_rf,ecfp4_rf,connectivity_inchikey,608,0,0.0,608,0.441889214434201,,0.441889214434201,0.0
expansion_ksol,ExpansionRx,split1,classical,ecfp4_rf,ecfp4_rf,tanimoto_ge_0_70,608,4,0.006578947368421052,604,0.441889214434201,0.5249487390670418,0.4413391513571623,-0.0005500630770386983
expansion_ksol,ExpansionRx,split1,classical,ecfp4_rf,ecfp4_rf,tanimoto_ge_0_80,608,2,0.003289473684210526,606,0.441889214434201,0.7782087449394833,0.4407792489869888,-0.0011099654472122022
expansion_ksol,ExpansionRx,split1,classical,ecfp4_rf,ecfp4_rf,tanimoto_ge_0_90,608,0,0.0,608,0.441889214434201,,0.441889214434201,0.0
expansion_ksol,ExpansionRx,split1,classical,ecfp4_rf,ecfp4_rf,tanimoto_ge_0_95,608,0,0.0,608,0.441889214434201,,0.441889214434201,0.0
expansion_ksol,ExpansionRx,split1,classical,rdkit_desc_lgbm,rdkit_desc_lgbm,standardized_exact,608,0,0.0,608,0.4246702721507506,,0.4246702721507506,0.0
expansion_ksol,ExpansionRx,split1,classical,rdkit_desc_lgbm,rdkit_desc_lgbm,connectivity_inchikey,608,0,0.0,608,0.4246702721507506,,0.4246702721507506,0.0
expansion_ksol,ExpansionRx,split1,classical,rdkit_desc_lgbm,rdkit_desc_lgbm,tanimoto_ge_0_70,608,4,0.006578947368421052,604,0.4246702721507506,0.37662665227122316,0.42498844181882695,0.0003181696680763513
expansion_ksol,ExpansionRx,split1,classical,rdkit_desc_lgbm,rdkit_desc_lgbm,tanimoto_ge_0_80,608,2,0.003289473684210526,606,0.4246702721507506,0.6852066840638945,0.42381041600582275,-0.0008598561449278397
expansion_ksol,ExpansionRx,split1,classical,rdkit_desc_lgbm,rdkit_desc_lgbm,tanimoto_ge_0_90,608,0,0.0,608,0.4246702721507506,,0.4246702721507506,0.0
expansion_ksol,ExpansionRx,split1,classical,rdkit_desc_lgbm,rdkit_desc_lgbm,tanimoto_ge_0_95,608,0,0.0,608,0.4246702721507506,,0.4246702721507506,0.0
expansion_ksol,ExpansionRx,split1,classical,rdkit_desc_rf,rdkit_desc_rf,standardized_exact,608,0,0.0,608,0.44833322041568247,,0.44833322041568247,0.0
expansion_ksol,ExpansionRx,split1,classical,rdkit_desc_rf,rdkit_desc_rf,connectivity_inchikey,608,0,0.0,608,0.44833322041568247,,0.44833322041568247,0.0
expansion_ksol,ExpansionRx,split1,classical,rdkit_desc_rf,rdkit_desc_rf,tanimoto_ge_0_70,608,4,0.006578947368421052,604,0.44833322041568247,0.3152492961294312,0.4492145709076445,0.0008813504919620296
expansion_ksol,ExpansionRx,split1,classical,rdkit_desc_rf,rdkit_desc_rf,tanimoto_ge_0_80,608,2,0.003289473684210526,606,0.44833322041568247,0.4312943215373053,0.4483894544053802,5.62339896977293e-05
expansion_ksol,ExpansionRx,split1,classical,rdkit_desc_rf,rdkit_desc_rf,tanimoto_ge_0_90,608,0,0.0,608,0.44833322041568247,,0.44833322041568247,0.0
expansion_ksol,ExpansionRx,split1,classical,rdkit_desc_rf,rdkit_desc_rf,tanimoto_ge_0_95,608,0,0.0,608,0.44833322041568247,,0.44833322041568247,0.0
expansion_ksol,ExpansionRx,split2,classical,dummy_median,dummy_median,standardized_exact,496,0,0.0,496,0.7927500267091242,,0.7927500267091242,0.0
expansion_ksol,ExpansionRx,split2,classical,dummy_median,dummy_median,connectivity_inchikey,496,0,0.0,496,0.7927500267091242,,0.7927500267091242,0.0
expansion_ksol,ExpansionRx,split2,classical,dummy_median,dummy_median,tanimoto_ge_0_70,496,8,0.016129032258064516,488,0.7927500267091242,0.9080319871500856,0.790860158505174,-0.0018898682039502068
expansion_ksol,ExpansionRx,split2,classical,dummy_median,dummy_median,tanimoto_ge_0_80,496,3,0.006048387096774193,493,0.7927500267091242,1.9837999450567072,0.7855022584433174,-0.007247768265806753
expansion_ksol,ExpansionRx,split2,classical,dummy_median,dummy_median,tanimoto_ge_0_90,496,1,0.0020161290322580645,495,0.7927500267091242,1.827053223015395,0.7906605253024449,-0.002089501406679295
expansion_ksol,ExpansionRx,split2,classical,dummy_median,dummy_median,tanimoto_ge_0_95,496,0,0.0,496,0.7927500267091242,,0.7927500267091242,0.0
expansion_ksol,ExpansionRx,split2,classical,ecfp4_lgbm,ecfp4_lgbm,standardized_exact,496,0,0.0,496,0.6279924076501383,,0.6279924076501383,0.0
expansion_ksol,ExpansionRx,split2,classical,ecfp4_lgbm,ecfp4_lgbm,connectivity_inchikey,496,0,0.0,496,0.6279924076501383,,0.6279924076501383,0.0
expansion_ksol,ExpansionRx,split2,classical,ecfp4_lgbm,ecfp4_lgbm,tanimoto_ge_0_70,496,8,0.016129032258064516,488,0.6279924076501383,0.44041081558500417,0.63106751571678,0.0030751080666416852
expansion_ksol,ExpansionRx,split2,classical,ecfp4_lgbm,ecfp4_lgbm,tanimoto_ge_0_80,496,3,0.006048387096774193,493,0.6279924076501383,0.6667627138641604,0.6277564828658747,-0.00023592478426359698
expansion_ksol,ExpansionRx,split2,classical,ecfp4_lgbm,ecfp4_lgbm,tanimoto_ge_0_90,496,1,0.0020161290322580645,495,0.6279924076501383,0.3407003828371751,0.6285727955790535,0.000580387928915238
expansion_ksol,ExpansionRx,split2,classical,ecfp4_lgbm,ecfp4_lgbm,tanimoto_ge_0_95,496,0,0.0,496,0.6279924076501383,,0.6279924076501383,0.0
expansion_ksol,ExpansionRx,split2,classical,ecfp4_rf,ecfp4_rf,standardized_exact,496,0,0.0,496,0.6882854656400931,,0.6882854656400931,0.0
expansion_ksol,ExpansionRx,split2,classical,ecfp4_rf,ecfp4_rf,connectivity_inchikey,496,0,0.0,496,0.6882854656400931,,0.6882854656400931,0.0
expansion_ksol,ExpansionRx,split2,classical,ecfp4_rf,ecfp4_rf,tanimoto_ge_0_70,496,8,0.016129032258064516,488,0.6882854656400931,0.4465038981965762,0.6922490978932655,0.003963632253172422
expansion_ksol,ExpansionRx,split2,classical,ecfp4_rf,ecfp4_rf,tanimoto_ge_0_80,496,3,0.006048387096774193,493,0.6882854656400931,0.7291579857430136,0.6880367484792236,-0.0002487171608694938
expansion_ksol,ExpansionRx,split2,classical,ecfp4_rf,ecfp4_rf,tanimoto_ge_0_90,496,1,0.0020161290322580645,495,0.6882854656400931,0.23479877227504387,0.6892016003741639,0.000916134734070817
expansion_ksol,ExpansionRx,split2,classical,ecfp4_rf,ecfp4_rf,tanimoto_ge_0_95,496,0,0.0,496,0.6882854656400931,,0.6882854656400931,0.0
expansion_ksol,ExpansionRx,split2,classical,rdkit_desc_lgbm,rdkit_desc_lgbm,standardized_exact,496,0,0.0,496,0.6232516499259491,,0.6232516499259491,0.0
expansion_ksol,ExpansionRx,split2,classical,rdkit_desc_lgbm,rdkit_desc_lgbm,connectivity_inchikey,496,0,0.0,496,0.6232516499259491,,0.6232516499259491,0.0
expansion_ksol,ExpansionRx,split2,classical,rdkit_desc_lgbm,rdkit_desc_lgbm,tanimoto_ge_0_70,496,8,0.016129032258064516,488,0.6232516499259491,0.47508178001217294,0.6256806641868307,0.0024290142608816012
expansion_ksol,ExpansionRx,split2,classical,rdkit_desc_lgbm,rdkit_desc_lgbm,tanimoto_ge_0_80,496,3,0.006048387096774193,493,0.6232516499259491,0.7460767624149377,0.6225042354483284,-0.0007474144776206115
expansion_ksol,ExpansionRx,split2,classical,rdkit_desc_lgbm,rdkit_desc_lgbm,tanimoto_ge_0_90,496,1,0.0020161290322580645,495,0.6232516499259491,0.3561715761162164,0.6237912056306152,0.0005395557046661281
expansion_ksol,ExpansionRx,split2,classical,rdkit_desc_lgbm,rdkit_desc_lgbm,tanimoto_ge_0_95,496,0,0.0,496,0.6232516499259491,,0.6232516499259491,0.0
expansion_ksol,ExpansionRx,split2,classical,rdkit_desc_rf,rdkit_desc_rf,standardized_exact,496,0,0.0,496,0.6236436476348751,,0.6236436476348751,0.0
expansion_ksol,ExpansionRx,split2,classical,rdkit_desc_rf,rdkit_desc_rf,connectivity_inchikey,496,0,0.0,496,0.6236436476348751,,0.6236436476348751,0.0
expansion_ksol,ExpansionRx,split2,classical,rdkit_desc_rf,rdkit_desc_rf,tanimoto_ge_0_70,496,8,0.016129032258064516,488,0.6236436476348751,0.49603107582388306,0.6257356570088257,0.0020920093739505985
expansion_ksol,ExpansionRx,split2,classical,rdkit_desc_rf,rdkit_desc_rf,tanimoto_ge_0_80,496,3,0.006048387096774193,493,0.6236436476348751,0.7727232184670879,0.6227364697190603,-0.0009071779158148496
expansion_ksol,ExpansionRx,split2,classical,rdkit_desc_rf,rdkit_desc_rf,tanimoto_ge_0_90,496,1,0.0020161290322580645,495,0.6236436476348751,0.48775370632377013,0.6239181727688369,0.00027452513396175604
expansion_ksol,ExpansionRx,split2,classical,rdkit_desc_rf,rdkit_desc_rf,tanimoto_ge_0_95,496,0,0.0,496,0.6236436476348751,,0.6236436476348751,0.0
expansion_ksol,ExpansionRx,split3,classical,dummy_median,dummy_median,standardized_exact,520,0,0.0,520,0.6233628433232395,,0.6233628433232395,0.0
expansion_ksol,ExpansionRx,split3,classical,dummy_median,dummy_median,connectivity_inchikey,520,0,0.0,520,0.6233628433232395,,0.6233628433232395,0.0
expansion_ksol,ExpansionRx,split3,classical,dummy_median,dummy_median,tanimoto_ge_0_70,520,4,0.007692307692307693,516,0.6233628433232395,0.6101098688412021,0.6234655795595345,0.00010273623629497575
expansion_ksol,ExpansionRx,split3,classical,dummy_median,dummy_median,tanimoto_ge_0_80,520,2,0.0038461538461538464,518,0.6233628433232395,0.9087082767300368,0.6222611235031362,-0.0011017198201033196
expansion_ksol,ExpansionRx,split3,classical,dummy_median,dummy_median,tanimoto_ge_0_90,520,0,0.0,520,0.6233628433232395,,0.6233628433232395,0.0
expansion_ksol,ExpansionRx,split3,classical,dummy_median,dummy_median,tanimoto_ge_0_95,520,0,0.0,520,0.6233628433232395,,0.6233628433232395,0.0
expansion_ksol,ExpansionRx,split3,classical,ecfp4_lgbm,ecfp4_lgbm,standardized_exact,520,0,0.0,520,0.5678546862145027,,0.5678546862145027,0.0
expansion_ksol,ExpansionRx,split3,classical,ecfp4_lgbm,ecfp4_lgbm,connectivity_inchikey,520,0,0.0,520,0.5678546862145027,,0.5678546862145027,0.0
expansion_ksol,ExpansionRx,split3,classical,ecfp4_lgbm,ecfp4_lgbm,tanimoto_ge_0_70,520,4,0.007692307692307693,516,0.5678546862145027,0.5021878533782616,0.5683637314302876,0.0005090452157848757
expansion_ksol,ExpansionRx,split3,classical,ecfp4_lgbm,ecfp4_lgbm,tanimoto_ge_0_80,520,2,0.0038461538461538464,518,0.5678546862145027,0.8676800219026205,0.5666970594357842,-0.0011576267787185568
expansion_ksol,ExpansionRx,split3,classical,ecfp4_lgbm,ecfp4_lgbm,tanimoto_ge_0_90,520,0,0.0,520,0.5678546862145027,,0.5678546862145027,0.0
expansion_ksol,ExpansionRx,split3,classical,ecfp4_lgbm,ecfp4_lgbm,tanimoto_ge_0_95,520,0,0.0,520,0.5678546862145027,,0.5678546862145027,0.0
expansion_ksol,ExpansionRx,split3,classical,ecfp4_rf,ecfp4_rf,standardized_exact,520,0,0.0,520,0.5936015483547338,,0.5936015483547338,0.0
expansion_ksol,ExpansionRx,split3,classical,ecfp4_rf,ecfp4_rf,connectivity_inchikey,520,0,0.0,520,0.5936015483547338,,0.5936015483547338,0.0
expansion_ksol,ExpansionRx,split3,classical,ecfp4_rf,ecfp4_rf,tanimoto_ge_0_70,520,4,0.007692307692307693,516,0.5936015483547338,0.6320227908901941,0.5933037092653115,-0.00029783908942226933
expansion_ksol,ExpansionRx,split3,classical,ecfp4_rf,ecfp4_rf,tanimoto_ge_0_80,520,2,0.0038461538461538464,518,0.5936015483547338,0.8494514020514495,0.5926137110817735,-0.000987837272960257
expansion_ksol,ExpansionRx,split3,classical,ecfp4_rf,ecfp4_rf,tanimoto_ge_0_90,520,0,0.0,520,0.5936015483547338,,0.5936015483547338,0.0
expansion_ksol,ExpansionRx,split3,classical,ecfp4_rf,ecfp4_rf,tanimoto_ge_0_95,520,0,0.0,520,0.5936015483547338,,0.5936015483547338,0.0
expansion_ksol,ExpansionRx,split3,classical,rdkit_desc_lgbm,rdkit_desc_lgbm,standardized_exact,520,0,0.0,520,0.5362086147043477,,0.5362086147043477,0.0
expansion_ksol,ExpansionRx,split3,classical,rdkit_desc_lgbm,rdkit_desc_lgbm,connectivity_inchikey,520,0,0.0,520,0.5362086147043477,,0.5362086147043477,0.0
expansion_ksol,ExpansionRx,split3,classical,rdkit_desc_lgbm,rdkit_desc_lgbm,tanimoto_ge_0_70,520,4,0.007692307692307693,516,0.5362086147043477,0.38476008289392344,0.537382634330785,0.0011740196264373726
expansion_ksol,ExpansionRx,split3,classical,rdkit_desc_lgbm,rdkit_desc_lgbm,tanimoto_ge_0_80,520,2,0.0038461538461538464,518,0.5362086147043477,0.6320638905305678,0.5358385171142851,-0.00037009759006256804
expansion_ksol,ExpansionRx,split3,classical,rdkit_desc_lgbm,rdkit_desc_lgbm,tanimoto_ge_0_90,520,0,0.0,520,0.5362086147043477,,0.5362086147043477,0.0
expansion_ksol,ExpansionRx,split3,classical,rdkit_desc_lgbm,rdkit_desc_lgbm,tanimoto_ge_0_95,520,0,0.0,520,0.5362086147043477,,0.5362086147043477,0.0
expansion_ksol,ExpansionRx,split3,classical,rdkit_desc_rf,rdkit_desc_rf,standardized_exact,520,0,0.0,520,0.544303058149396,,0.544303058149396,0.0
expansion_ksol,ExpansionRx,split3,classical,rdkit_desc_rf,rdkit_desc_rf,connectivity_inchikey,520,0,0.0,520,0.544303058149396,,0.544303058149396,0.0
expansion_ksol,ExpansionRx,split3,classical,rdkit_desc_rf,rdkit_desc_rf,tanimoto_ge_0_70,520,4,0.007692307692307693,516,0.544303058149396,0.3742497654102566,0.545621300728769,0.0013182425793730745
expansion_ksol,ExpansionRx,split3,classical,rdkit_desc_rf,rdkit_desc_rf,tanimoto_ge_0_80,520,2,0.0038461538461538464,518,0.544303058149396,0.4518254525551313,0.5446601145416518,0.00035705639225580565
expansion_ksol,ExpansionRx,split3,classical,rdkit_desc_rf,rdkit_desc_rf,tanimoto_ge_0_90,520,0,0.0,520,0.544303058149396,,0.544303058149396,0.0
expansion_ksol,ExpansionRx,split3,classical,rdkit_desc_rf,rdkit_desc_rf,tanimoto_ge_0_95,520,0,0.0,520,0.544303058149396,,0.544303058149396,0.0
expansion_logd,ExpansionRx,split1,classical,dummy_median,dummy_median,standardized_exact,534,0,0.0,534,0.99812734082397,,0.99812734082397,0.0
expansion_logd,ExpansionRx,split1,classical,dummy_median,dummy_median,connectivity_inchikey,534,0,0.0,534,0.99812734082397,,0.99812734082397,0.0
expansion_logd,ExpansionRx,split1,classical,dummy_median,dummy_median,tanimoto_ge_0_70,534,1,0.0018726591760299626,533,0.99812734082397,0.6999999999999997,0.9986866791744842,0.000559338350514138
expansion_logd,ExpansionRx,split1,classical,dummy_median,dummy_median,tanimoto_ge_0_80,534,0,0.0,534,0.99812734082397,,0.99812734082397,0.0
expansion_logd,ExpansionRx,split1,classical,dummy_median,dummy_median,tanimoto_ge_0_90,534,0,0.0,534,0.99812734082397,,0.99812734082397,0.0
expansion_logd,ExpansionRx,split1,classical,dummy_median,dummy_median,tanimoto_ge_0_95,534,0,0.0,534,0.99812734082397,,0.99812734082397,0.0
expansion_logd,ExpansionRx,split1,classical,ecfp4_lgbm,ecfp4_lgbm,standardized_exact,534,0,0.0,534,0.3449990928285755,,0.3449990928285755,0.0
expansion_logd,ExpansionRx,split1,classical,ecfp4_lgbm,ecfp4_lgbm,connectivity_inchikey,534,0,0.0,534,0.3449990928285755,,0.3449990928285755,0.0
expansion_logd,ExpansionRx,split1,classical,ecfp4_lgbm,ecfp4_lgbm,tanimoto_ge_0_70,534,1,0.0018726591760299626,533,0.3449990928285755,0.20608294650899595,0.3452597234970925,0.00026063066851700345
expansion_logd,ExpansionRx,split1,classical,ecfp4_lgbm,ecfp4_lgbm,tanimoto_ge_0_80,534,0,0.0,534,0.3449990928285755,,0.3449990928285755,0.0
expansion_logd,ExpansionRx,split1,classical,ecfp4_lgbm,ecfp4_lgbm,tanimoto_ge_0_90,534,0,0.0,534,0.3449990928285755,,0.3449990928285755,0.0
expansion_logd,ExpansionRx,split1,classical,ecfp4_lgbm,ecfp4_lgbm,tanimoto_ge_0_95,534,0,0.0,534,0.3449990928285755,,0.3449990928285755,0.0
expansion_logd,ExpansionRx,split1,classical,ecfp4_rf,ecfp4_rf,standardized_exact,534,0,0.0,534,0.49919891192556876,,0.49919891192556876,0.0
expansion_logd,ExpansionRx,split1,classical,ecfp4_rf,ecfp4_rf,connectivity_inchikey,534,0,0.0,534,0.49919891192556876,,0.49919891192556876,0.0
expansion_logd,ExpansionRx,split1,classical,ecfp4_rf,ecfp4_rf,tanimoto_ge_0_70,534,1,0.0018726591760299626,533,0.49919891192556876,0.2806666666666717,0.4996089161380619,0.00041000421249315355
expansion_logd,ExpansionRx,split1,classical,ecfp4_rf,ecfp4_rf,tanimoto_ge_0_80,534,0,0.0,534,0.49919891192556876,,0.49919891192556876,0.0
expansion_logd,ExpansionRx,split1,classical,ecfp4_rf,ecfp4_rf,tanimoto_ge_0_90,534,0,0.0,534,0.49919891192556876,,0.49919891192556876,0.0
expansion_logd,ExpansionRx,split1,classical,ecfp4_rf,ecfp4_rf,tanimoto_ge_0_95,534,0,0.0,534,0.49919891192556876,,0.49919891192556876,0.0
expansion_logd,ExpansionRx,split1,classical,rdkit_desc_lgbm,rdkit_desc_lgbm,standardized_exact,534,0,0.0,534,0.36688057373309574,,0.36688057373309574,0.0
expansion_logd,ExpansionRx,split1,classical,rdkit_desc_lgbm,rdkit_desc_lgbm,connectivity_inchikey,534,0,0.0,534,0.36688057373309574,,0.36688057373309574,0.0
expansion_logd,ExpansionRx,split1,classical,rdkit_desc_lgbm,rdkit_desc_lgbm,tanimoto_ge_0_70,534,1,0.0018726591760299626,533,0.36688057373309574,1.0554327822159215,0.36558873094044503,-0.0012918427926507103
expansion_logd,ExpansionRx,split1,classical,rdkit_desc_lgbm,rdkit_desc_lgbm,tanimoto_ge_0_80,534,0,0.0,534,0.36688057373309574,,0.36688057373309574,0.0
expansion_logd,ExpansionRx,split1,classical,rdkit_desc_lgbm,rdkit_desc_lgbm,tanimoto_ge_0_90,534,0,0.0,534,0.36688057373309574,,0.36688057373309574,0.0
expansion_logd,ExpansionRx,split1,classical,rdkit_desc_lgbm,rdkit_desc_lgbm,tanimoto_ge_0_95,534,0,0.0,534,0.36688057373309574,,0.36688057373309574,0.0
expansion_logd,ExpansionRx,split1,classical,rdkit_desc_rf,rdkit_desc_rf,standardized_exact,534,0,0.0,534,0.44626079022621123,,0.44626079022621123,0.0
expansion_logd,ExpansionRx,split1,classical,rdkit_desc_rf,rdkit_desc_rf,connectivity_inchikey,534,0,0.0,534,0.44626079022621123,,0.44626079022621123,0.0
expansion_logd,ExpansionRx,split1,classical,rdkit_desc_rf,rdkit_desc_rf,tanimoto_ge_0_70,534,1,0.0018726591760299626,533,0.44626079022621123,0.7442999999999977,0.4457016172247595,-0.0005591730014517515
expansion_logd,ExpansionRx,split1,classical,rdkit_desc_rf,rdkit_desc_rf,tanimoto_ge_0_80,534,0,0.0,534,0.44626079022621123,,0.44626079022621123,0.0
expansion_logd,ExpansionRx,split1,classical,rdkit_desc_rf,rdkit_desc_rf,tanimoto_ge_0_90,534,0,0.0,534,0.44626079022621123,,0.44626079022621123,0.0
expansion_logd,ExpansionRx,split1,classical,rdkit_desc_rf,rdkit_desc_rf,tanimoto_ge_0_95,534,0,0.0,534,0.44626079022621123,,0.44626079022621123,0.0
expansion_logd,ExpansionRx,split2,classical,dummy_median,dummy_median,standardized_exact,570,0,0.0,570,0.8749122807017544,,0.8749122807017544,0.0
expansion_logd,ExpansionRx,split2,classical,dummy_median,dummy_median,connectivity_inchikey,570,0,0.0,570,0.8749122807017544,,0.8749122807017544,0.0
expansion_logd,ExpansionRx,split2,classical,dummy_median,dummy_median,tanimoto_ge_0_70,570,2,0.0035087719298245615,568,0.8749122807017544,1.9499999999999997,0.8711267605633803,-0.0037855201383740766
expansion_logd,ExpansionRx,split2,classical,dummy_median,dummy_median,tanimoto_ge_0_80,570,1,0.0017543859649122807,569,0.8749122807017544,2.0,0.8729349736379615,-0.0019773070637929546
expansion_logd,ExpansionRx,split2,classical,dummy_median,dummy_median,tanimoto_ge_0_90,570,1,0.0017543859649122807,569,0.8749122807017544,2.0,0.8729349736379615,-0.0019773070637929546
expansion_logd,ExpansionRx,split2,classical,dummy_median,dummy_median,tanimoto_ge_0_95,570,0,0.0,570,0.8749122807017544,,0.8749122807017544,0.0
expansion_logd,ExpansionRx,split2,classical,ecfp4_lgbm,ecfp4_lgbm,standardized_exact,570,0,0.0,570,0.3906652336063996,,0.3906652336063996,0.0
expansion_logd,ExpansionRx,split2,classical,ecfp4_lgbm,ecfp4_lgbm,connectivity_inchikey,570,0,0.0,570,0.3906652336063996,,0.3906652336063996,0.0
expansion_logd,ExpansionRx,split2,classical,ecfp4_lgbm,ecfp4_lgbm,tanimoto_ge_0_70,570,2,0.0035087719298245615,568,0.3906652336063996,0.9362908838130999,0.38874401652820695,-0.0019212170781926496
expansion_logd,ExpansionRx,split2,classical,ecfp4_lgbm,ecfp4_lgbm,tanimoto_ge_0_80,570,1,0.0017543859649122807,569,0.3906652336063996,1.2536306572398321,0.3891485984154796,-0.0015166351909199904
expansion_logd,ExpansionRx,split2,classical,ecfp4_lgbm,ecfp4_lgbm,tanimoto_ge_0_90,570,1,0.0017543859649122807,569,0.3906652336063996,1.2536306572398321,0.3891485984154796,-0.0015166351909199904
expansion_logd,ExpansionRx,split2,classical,ecfp4_lgbm,ecfp4_lgbm,tanimoto_ge_0_95,570,0,0.0,570,0.3906652336063996,,0.3906652336063996,0.0
expansion_logd,ExpansionRx,split2,classical,ecfp4_rf,ecfp4_rf,standardized_exact,570,0,0.0,570,0.5032045973266498,,0.5032045973266498,0.0
expansion_logd,ExpansionRx,split2,classical,ecfp4_rf,ecfp4_rf,connectivity_inchikey,570,0,0.0,570,0.5032045973266498,,0.5032045973266498,0.0
expansion_logd,ExpansionRx,split2,classical,ecfp4_rf,ecfp4_rf,tanimoto_ge_0_70,570,2,0.0035087719298245615,568,0.5032045973266498,0.7459266666666617,0.5023499421529175,-0.0008546551737322883
expansion_logd,ExpansionRx,split2,classical,ecfp4_rf,ecfp4_rf,tanimoto_ge_0_80,570,1,0.0017543859649122807,569,0.5032045973266498,0.9150199999999922,0.5024808444221273,-0.0007237529045225344
expansion_logd,ExpansionRx,split2,classical,ecfp4_rf,ecfp4_rf,tanimoto_ge_0_90,570,1,0.0017543859649122807,569,0.5032045973266498,0.9150199999999922,0.5024808444221273,-0.0007237529045225344
expansion_logd,ExpansionRx,split2,classical,ecfp4_rf,ecfp4_rf,tanimoto_ge_0_95,570,0,0.0,570,0.5032045973266498,,0.5032045973266498,0.0
expansion_logd,ExpansionRx,split2,classical,rdkit_desc_lgbm,rdkit_desc_lgbm,standardized_exact,570,0,0.0,570,0.4322587452602841,,0.4322587452602841,0.0
expansion_logd,ExpansionRx,split2,classical,rdkit_desc_lgbm,rdkit_desc_lgbm,connectivity_inchikey,570,0,0.0,570,0.4322587452602841,,0.4322587452602841,0.0
expansion_logd,ExpansionRx,split2,classical,rdkit_desc_lgbm,rdkit_desc_lgbm,tanimoto_ge_0_70,570,2,0.0035087719298245615,568,0.4322587452602841,0.8195188522770098,0.4308951533341689,-0.0013635919261152374
expansion_logd,ExpansionRx,split2,classical,rdkit_desc_lgbm,rdkit_desc_lgbm,tanimoto_ge_0_80,570,1,0.0017543859649122807,569,0.4322587452602841,0.7809137967333482,0.43164599473045445,-0.0006127505298296754
expansion_logd,ExpansionRx,split2,classical,rdkit_desc_lgbm,rdkit_desc_lgbm,tanimoto_ge_0_90,570,1,0.0017543859649122807,569,0.4322587452602841,0.7809137967333482,0.43164599473045445,-0.0006127505298296754
expansion_logd,ExpansionRx,split2,classical,rdkit_desc_lgbm,rdkit_desc_lgbm,tanimoto_ge_0_95,570,0,0.0,570,0.4322587452602841,,0.4322587452602841,0.0
expansion_logd,ExpansionRx,split2,classical,rdkit_desc_rf,rdkit_desc_rf,standardized_exact,570,0,0.0,570,0.4861283295739345,,0.4861283295739345,0.0
expansion_logd,ExpansionRx,split2,classical,rdkit_desc_rf,rdkit_desc_rf,connectivity_inchikey,570,0,0.0,570,0.4861283295739345,,0.4861283295739345,0.0
expansion_logd,ExpansionRx,split2,classical,rdkit_desc_rf,rdkit_desc_rf,tanimoto_ge_0_70,570,2,0.0035087719298245615,568,0.4861283295739345,1.20881666666667,0.48358365233065026,-0.0025446772432842213
expansion_logd,ExpansionRx,split2,classical,rdkit_desc_rf,rdkit_desc_rf,tanimoto_ge_0_80,570,1,0.0017543859649122807,569,0.4861283295739345,1.2515333333333372,0.4847831538204031,-0.0013451757535313802
expansion_logd,ExpansionRx,split2,classical,rdkit_desc_rf,rdkit_desc_rf,tanimoto_ge_0_90,570,1,0.0017543859649122807,569,0.4861283295739345,1.2515333333333372,0.4847831538204031,-0.0013451757535313802
expansion_logd,ExpansionRx,split2,classical,rdkit_desc_rf,rdkit_desc_rf,tanimoto_ge_0_95,570,0,0.0,570,0.4861283295739345,,0.4861283295739345,0.0
expansion_logd,ExpansionRx,split3,classical,dummy_median,dummy_median,standardized_exact,551,0,0.0,551,0.8533575317604356,,0.8533575317604356,0.0
expansion_logd,ExpansionRx,split3,classical,dummy_median,dummy_median,connectivity_inchikey,551,0,0.0,551,0.8533575317604356,,0.8533575317604356,0.0
expansion_logd,ExpansionRx,split3,classical,dummy_median,dummy_median,tanimoto_ge_0_70,551,5,0.009074410163339383,546,0.8533575317604356,2.04,0.8424908424908425,-0.01086668926959311
expansion_logd,ExpansionRx,split3,classical,dummy_median,dummy_median,tanimoto_ge_0_80,551,0,0.0,551,0.8533575317604356,,0.8533575317604356,0.0
expansion_logd,ExpansionRx,split3,classical,dummy_median,dummy_median,tanimoto_ge_0_90,551,0,0.0,551,0.8533575317604356,,0.8533575317604356,0.0
expansion_logd,ExpansionRx,split3,classical,dummy_median,dummy_median,tanimoto_ge_0_95,551,0,0.0,551,0.8533575317604356,,0.8533575317604356,0.0
expansion_logd,ExpansionRx,split3,classical,ecfp4_lgbm,ecfp4_lgbm,standardized_exact,551,0,0.0,551,0.38830154881012074,,0.38830154881012074,0.0
expansion_logd,ExpansionRx,split3,classical,ecfp4_lgbm,ecfp4_lgbm,connectivity_inchikey,551,0,0.0,551,0.38830154881012074,,0.38830154881012074,0.0
expansion_logd,ExpansionRx,split3,classical,ecfp4_lgbm,ecfp4_lgbm,tanimoto_ge_0_70,551,5,0.009074410163339383,546,0.38830154881012074,0.4473544445197069,0.3877607713768828,-0.0005407774332379378
expansion_logd,ExpansionRx,split3,classical,ecfp4_lgbm,ecfp4_lgbm,tanimoto_ge_0_80,551,0,0.0,551,0.38830154881012074,,0.38830154881012074,0.0
expansion_logd,ExpansionRx,split3,classical,ecfp4_lgbm,ecfp4_lgbm,tanimoto_ge_0_90,551,0,0.0,551,0.38830154881012074,,0.38830154881012074,0.0
expansion_logd,ExpansionRx,split3,classical,ecfp4_lgbm,ecfp4_lgbm,tanimoto_ge_0_95,551,0,0.0,551,0.38830154881012074,,0.38830154881012074,0.0
expansion_logd,ExpansionRx,split3,classical,ecfp4_rf,ecfp4_rf,standardized_exact,551,0,0.0,551,0.48524561489931745,,0.48524561489931745,0.0
expansion_logd,ExpansionRx,split3,classical,ecfp4_rf,ecfp4_rf,connectivity_inchikey,551,0,0.0,551,0.48524561489931745,,0.48524561489931745,0.0
expansion_logd,ExpansionRx,split3,classical,ecfp4_rf,ecfp4_rf,tanimoto_ge_0_70,551,5,0.009074410163339383,546,0.48524561489931745,0.6068046666666653,0.48413243676957973,-0.001113178129737713
expansion_logd,ExpansionRx,split3,classical,ecfp4_rf,ecfp4_rf,tanimoto_ge_0_80,551,0,0.0,551,0.48524561489931745,,0.48524561489931745,0.0
expansion_logd,ExpansionRx,split3,classical,ecfp4_rf,ecfp4_rf,tanimoto_ge_0_90,551,0,0.0,551,0.48524561489931745,,0.48524561489931745,0.0
expansion_logd,ExpansionRx,split3,classical,ecfp4_rf,ecfp4_rf,tanimoto_ge_0_95,551,0,0.0,551,0.48524561489931745,,0.48524561489931745,0.0
expansion_logd,ExpansionRx,split3,classical,rdkit_desc_lgbm,rdkit_desc_lgbm,standardized_exact,551,0,0.0,551,0.4247713829099807,,0.4247713829099807,0.0
expansion_logd,ExpansionRx,split3,classical,rdkit_desc_lgbm,rdkit_desc_lgbm,connectivity_inchikey,551,0,0.0,551,0.4247713829099807,,0.4247713829099807,0.0
expansion_logd,ExpansionRx,split3,classical,rdkit_desc_lgbm,rdkit_desc_lgbm,tanimoto_ge_0_70,551,5,0.009074410163339383,546,0.4247713829099807,0.8389995543822366,0.42097808463642516,-0.003793298273555512
expansion_logd,ExpansionRx,split3,classical,rdkit_desc_lgbm,rdkit_desc_lgbm,tanimoto_ge_0_80,551,0,0.0,551,0.4247713829099807,,0.4247713829099807,0.0
expansion_logd,ExpansionRx,split3,classical,rdkit_desc_lgbm,rdkit_desc_lgbm,tanimoto_ge_0_90,551,0,0.0,551,0.4247713829099807,,0.4247713829099807,0.0
expansion_logd,ExpansionRx,split3,classical,rdkit_desc_lgbm,rdkit_desc_lgbm,tanimoto_ge_0_95,551,0,0.0,551,0.4247713829099807,,0.4247713829099807,0.0
expansion_logd,ExpansionRx,split3,classical,rdkit_desc_rf,rdkit_desc_rf,standardized_exact,551,0,0.0,551,0.48461421398323373,,0.48461421398323373,0.0
expansion_logd,ExpansionRx,split3,classical,rdkit_desc_rf,rdkit_desc_rf,connectivity_inchikey,551,0,0.0,551,0.48461421398323373,,0.48461421398323373,0.0
expansion_logd,ExpansionRx,split3,classical,rdkit_desc_rf,rdkit_desc_rf,tanimoto_ge_0_70,551,5,0.009074410163339383,546,0.48461421398323373,1.32384,0.4769289961625674,-0.007685217820666335
expansion_logd,ExpansionRx,split3,classical,rdkit_desc_rf,rdkit_desc_rf,tanimoto_ge_0_80,551,0,0.0,551,0.48461421398323373,,0.48461421398323373,0.0
expansion_logd,ExpansionRx,split3,classical,rdkit_desc_rf,rdkit_desc_rf,tanimoto_ge_0_90,551,0,0.0,551,0.48461421398323373,,0.48461421398323373,0.0
expansion_logd,ExpansionRx,split3,classical,rdkit_desc_rf,rdkit_desc_rf,tanimoto_ge_0_95,551,0,0.0,551,0.48461421398323373,,0.48461421398323373,0.0
expansion_mbpb,ExpansionRx,split1,classical,dummy_median,dummy_median,standardized_exact,120,0,0.0,120,0.510802948145301,,0.510802948145301,0.0
expansion_mbpb,ExpansionRx,split1,classical,dummy_median,dummy_median,connectivity_inchikey,120,0,0.0,120,0.510802948145301,,0.510802948145301,0.0
expansion_mbpb,ExpansionRx,split1,classical,dummy_median,dummy_median,tanimoto_ge_0_70,120,0,0.0,120,0.510802948145301,,0.510802948145301,0.0
expansion_mbpb,ExpansionRx,split1,classical,dummy_median,dummy_median,tanimoto_ge_0_80,120,0,0.0,120,0.510802948145301,,0.510802948145301,0.0
expansion_mbpb,ExpansionRx,split1,classical,dummy_median,dummy_median,tanimoto_ge_0_90,120,0,0.0,120,0.510802948145301,,0.510802948145301,0.0
expansion_mbpb,ExpansionRx,split1,classical,dummy_median,dummy_median,tanimoto_ge_0_95,120,0,0.0,120,0.510802948145301,,0.510802948145301,0.0
expansion_mbpb,ExpansionRx,split1,classical,ecfp4_lgbm,ecfp4_lgbm,standardized_exact,120,0,0.0,120,0.30168892422285526,,0.30168892422285526,0.0
expansion_mbpb,ExpansionRx,split1,classical,ecfp4_lgbm,ecfp4_lgbm,connectivity_inchikey,120,0,0.0,120,0.30168892422285526,,0.30168892422285526,0.0
expansion_mbpb,ExpansionRx,split1,classical,ecfp4_lgbm,ecfp4_lgbm,tanimoto_ge_0_70,120,0,0.0,120,0.30168892422285526,,0.30168892422285526,0.0
expansion_mbpb,ExpansionRx,split1,classical,ecfp4_lgbm,ecfp4_lgbm,tanimoto_ge_0_80,120,0,0.0,120,0.30168892422285526,,0.30168892422285526,0.0
expansion_mbpb,ExpansionRx,split1,classical,ecfp4_lgbm,ecfp4_lgbm,tanimoto_ge_0_90,120,0,0.0,120,0.30168892422285526,,0.30168892422285526,0.0
expansion_mbpb,ExpansionRx,split1,classical,ecfp4_lgbm,ecfp4_lgbm,tanimoto_ge_0_95,120,0,0.0,120,0.30168892422285526,,0.30168892422285526,0.0
expansion_mbpb,ExpansionRx,split1,classical,ecfp4_rf,ecfp4_rf,standardized_exact,120,0,0.0,120,0.3449931542177928,,0.3449931542177928,0.0
expansion_mbpb,ExpansionRx,split1,classical,ecfp4_rf,ecfp4_rf,connectivity_inchikey,120,0,0.0,120,0.3449931542177928,,0.3449931542177928,0.0
expansion_mbpb,ExpansionRx,split1,classical,ecfp4_rf,ecfp4_rf,tanimoto_ge_0_70,120,0,0.0,120,0.3449931542177928,,0.3449931542177928,0.0
expansion_mbpb,ExpansionRx,split1,classical,ecfp4_rf,ecfp4_rf,tanimoto_ge_0_80,120,0,0.0,120,0.3449931542177928,,0.3449931542177928,0.0
expansion_mbpb,ExpansionRx,split1,classical,ecfp4_rf,ecfp4_rf,tanimoto_ge_0_90,120,0,0.0,120,0.3449931542177928,,0.3449931542177928,0.0
expansion_mbpb,ExpansionRx,split1,classical,ecfp4_rf,ecfp4_rf,tanimoto_ge_0_95,120,0,0.0,120,0.3449931542177928,,0.3449931542177928,0.0
expansion_mbpb,ExpansionRx,split1,classical,rdkit_desc_lgbm,rdkit_desc_lgbm,standardized_exact,120,0,0.0,120,0.28707670731474594,,0.28707670731474594,0.0
expansion_mbpb,ExpansionRx,split1,classical,rdkit_desc_lgbm,rdkit_desc_lgbm,connectivity_inchikey,120,0,0.0,120,0.28707670731474594,,0.28707670731474594,0.0
expansion_mbpb,ExpansionRx,split1,classical,rdkit_desc_lgbm,rdkit_desc_lgbm,tanimoto_ge_0_70,120,0,0.0,120,0.28707670731474594,,0.28707670731474594,0.0
expansion_mbpb,ExpansionRx,split1,classical,rdkit_desc_lgbm,rdkit_desc_lgbm,tanimoto_ge_0_80,120,0,0.0,120,0.28707670731474594,,0.28707670731474594,0.0
expansion_mbpb,ExpansionRx,split1,classical,rdkit_desc_lgbm,rdkit_desc_lgbm,tanimoto_ge_0_90,120,0,0.0,120,0.28707670731474594,,0.28707670731474594,0.0
expansion_mbpb,ExpansionRx,split1,classical,rdkit_desc_lgbm,rdkit_desc_lgbm,tanimoto_ge_0_95,120,0,0.0,120,0.28707670731474594,,0.28707670731474594,0.0
expansion_mbpb,ExpansionRx,split1,classical,rdkit_desc_rf,rdkit_desc_rf,standardized_exact,120,0,0.0,120,0.2858544804796266,,0.2858544804796266,0.0
expansion_mbpb,ExpansionRx,split1,classical,rdkit_desc_rf,rdkit_desc_rf,connectivity_inchikey,120,0,0.0,120,0.2858544804796266,,0.2858544804796266,0.0
expansion_mbpb,ExpansionRx,split1,classical,rdkit_desc_rf,rdkit_desc_rf,tanimoto_ge_0_70,120,0,0.0,120,0.2858544804796266,,0.2858544804796266,0.0
expansion_mbpb,ExpansionRx,split1,classical,rdkit_desc_rf,rdkit_desc_rf,tanimoto_ge_0_80,120,0,0.0,120,0.2858544804796266,,0.2858544804796266,0.0
expansion_mbpb,ExpansionRx,split1,classical,rdkit_desc_rf,rdkit_desc_rf,tanimoto_ge_0_90,120,0,0.0,120,0.2858544804796266,,0.2858544804796266,0.0
expansion_mbpb,ExpansionRx,split1,classical,rdkit_desc_rf,rdkit_desc_rf,tanimoto_ge_0_95,120,0,0.0,120,0.2858544804796266,,0.2858544804796266,0.0
expansion_mbpb,ExpansionRx,split2,classical,dummy_median,dummy_median,standardized_exact,113,0,0.0,113,0.5299147170920432,,0.5299147170920432,0.0
expansion_mbpb,ExpansionRx,split2,classical,dummy_median,dummy_median,connectivity_inchikey,113,0,0.0,113,0.5299147170920432,,0.5299147170920432,0.0
expansion_mbpb,ExpansionRx,split2,classical,dummy_median,dummy_median,tanimoto_ge_0_70,113,0,0.0,113,0.5299147170920432,,0.5299147170920432,0.0
expansion_mbpb,ExpansionRx,split2,classical,dummy_median,dummy_median,tanimoto_ge_0_80,113,0,0.0,113,0.5299147170920432,,0.5299147170920432,0.0
expansion_mbpb,ExpansionRx,split2,classical,dummy_median,dummy_median,tanimoto_ge_0_90,113,0,0.0,113,0.5299147170920432,,0.5299147170920432,0.0
expansion_mbpb,ExpansionRx,split2,classical,dummy_median,dummy_median,tanimoto_ge_0_95,113,0,0.0,113,0.5299147170920432,,0.5299147170920432,0.0
expansion_mbpb,ExpansionRx,split2,classical,ecfp4_lgbm,ecfp4_lgbm,standardized_exact,113,0,0.0,113,0.28237725416998205,,0.28237725416998205,0.0
expansion_mbpb,ExpansionRx,split2,classical,ecfp4_lgbm,ecfp4_lgbm,connectivity_inchikey,113,0,0.0,113,0.28237725416998205,,0.28237725416998205,0.0
expansion_mbpb,ExpansionRx,split2,classical,ecfp4_lgbm,ecfp4_lgbm,tanimoto_ge_0_70,113,0,0.0,113,0.28237725416998205,,0.28237725416998205,0.0
expansion_mbpb,ExpansionRx,split2,classical,ecfp4_lgbm,ecfp4_lgbm,tanimoto_ge_0_80,113,0,0.0,113,0.28237725416998205,,0.28237725416998205,0.0
expansion_mbpb,ExpansionRx,split2,classical,ecfp4_lgbm,ecfp4_lgbm,tanimoto_ge_0_90,113,0,0.0,113,0.28237725416998205,,0.28237725416998205,0.0
expansion_mbpb,ExpansionRx,split2,classical,ecfp4_lgbm,ecfp4_lgbm,tanimoto_ge_0_95,113,0,0.0,113,0.28237725416998205,,0.28237725416998205,0.0
expansion_mbpb,ExpansionRx,split2,classical,ecfp4_rf,ecfp4_rf,standardized_exact,113,0,0.0,113,0.3488870359706002,,0.3488870359706002,0.0
expansion_mbpb,ExpansionRx,split2,classical,ecfp4_rf,ecfp4_rf,connectivity_inchikey,113,0,0.0,113,0.3488870359706002,,0.3488870359706002,0.0
expansion_mbpb,ExpansionRx,split2,classical,ecfp4_rf,ecfp4_rf,tanimoto_ge_0_70,113,0,0.0,113,0.3488870359706002,,0.3488870359706002,0.0
expansion_mbpb,ExpansionRx,split2,classical,ecfp4_rf,ecfp4_rf,tanimoto_ge_0_80,113,0,0.0,113,0.3488870359706002,,0.3488870359706002,0.0
expansion_mbpb,ExpansionRx,split2,classical,ecfp4_rf,ecfp4_rf,tanimoto_ge_0_90,113,0,0.0,113,0.3488870359706002,,0.3488870359706002,0.0
expansion_mbpb,ExpansionRx,split2,classical,ecfp4_rf,ecfp4_rf,tanimoto_ge_0_95,113,0,0.0,113,0.3488870359706002,,0.3488870359706002,0.0
expansion_mbpb,ExpansionRx,split2,classical,rdkit_desc_lgbm,rdkit_desc_lgbm,standardized_exact,113,0,0.0,113,0.2652618985642488,,0.2652618985642488,0.0
expansion_mbpb,ExpansionRx,split2,classical,rdkit_desc_lgbm,rdkit_desc_lgbm,connectivity_inchikey,113,0,0.0,113,0.2652618985642488,,0.2652618985642488,0.0
expansion_mbpb,ExpansionRx,split2,classical,rdkit_desc_lgbm,rdkit_desc_lgbm,tanimoto_ge_0_70,113,0,0.0,113,0.2652618985642488,,0.2652618985642488,0.0
expansion_mbpb,ExpansionRx,split2,classical,rdkit_desc_lgbm,rdkit_desc_lgbm,tanimoto_ge_0_80,113,0,0.0,113,0.2652618985642488,,0.2652618985642488,0.0
expansion_mbpb,ExpansionRx,split2,classical,rdkit_desc_lgbm,rdkit_desc_lgbm,tanimoto_ge_0_90,113,0,0.0,113,0.2652618985642488,,0.2652618985642488,0.0
expansion_mbpb,ExpansionRx,split2,classical,rdkit_desc_lgbm,rdkit_desc_lgbm,tanimoto_ge_0_95,113,0,0.0,113,0.2652618985642488,,0.2652618985642488,0.0
expansion_mbpb,ExpansionRx,split2,classical,rdkit_desc_rf,rdkit_desc_rf,standardized_exact,113,0,0.0,113,0.2812432606872613,,0.2812432606872613,0.0
expansion_mbpb,ExpansionRx,split2,classical,rdkit_desc_rf,rdkit_desc_rf,connectivity_inchikey,113,0,0.0,113,0.2812432606872613,,0.2812432606872613,0.0
expansion_mbpb,ExpansionRx,split2,classical,rdkit_desc_rf,rdkit_desc_rf,tanimoto_ge_0_70,113,0,0.0,113,0.2812432606872613,,0.2812432606872613,0.0
expansion_mbpb,ExpansionRx,split2,classical,rdkit_desc_rf,rdkit_desc_rf,tanimoto_ge_0_80,113,0,0.0,113,0.2812432606872613,,0.2812432606872613,0.0
expansion_mbpb,ExpansionRx,split2,classical,rdkit_desc_rf,rdkit_desc_rf,tanimoto_ge_0_90,113,0,0.0,113,0.2812432606872613,,0.2812432606872613,0.0
expansion_mbpb,ExpansionRx,split2,classical,rdkit_desc_rf,rdkit_desc_rf,tanimoto_ge_0_95,113,0,0.0,113,0.2812432606872613,,0.2812432606872613,0.0
expansion_mbpb,ExpansionRx,split3,classical,dummy_median,dummy_median,standardized_exact,176,0,0.0,176,0.5488503649633099,,0.5488503649633099,0.0
expansion_mbpb,ExpansionRx,split3,classical,dummy_median,dummy_median,connectivity_inchikey,176,0,0.0,176,0.5488503649633099,,0.5488503649633099,0.0
expansion_mbpb,ExpansionRx,split3,classical,dummy_median,dummy_median,tanimoto_ge_0_70,176,1,0.005681818181818182,175,0.5488503649633099,0.0370497611421462,0.551774939842288,0.0029245748789781256
expansion_mbpb,ExpansionRx,split3,classical,dummy_median,dummy_median,tanimoto_ge_0_80,176,0,0.0,176,0.5488503649633099,,0.5488503649633099,0.0
expansion_mbpb,ExpansionRx,split3,classical,dummy_median,dummy_median,tanimoto_ge_0_90,176,0,0.0,176,0.5488503649633099,,0.5488503649633099,0.0
expansion_mbpb,ExpansionRx,split3,classical,dummy_median,dummy_median,tanimoto_ge_0_95,176,0,0.0,176,0.5488503649633099,,0.5488503649633099,0.0
expansion_mbpb,ExpansionRx,split3,classical,ecfp4_lgbm,ecfp4_lgbm,standardized_exact,176,0,0.0,176,0.32090932852289944,,0.32090932852289944,0.0
expansion_mbpb,ExpansionRx,split3,classical,ecfp4_lgbm,ecfp4_lgbm,connectivity_inchikey,176,0,0.0,176,0.32090932852289944,,0.32090932852289944,0.0
expansion_mbpb,ExpansionRx,split3,classical,ecfp4_lgbm,ecfp4_lgbm,tanimoto_ge_0_70,176,1,0.005681818181818182,175,0.32090932852289944,0.20316510307631985,0.3215821526683085,0.0006728241454090345
expansion_mbpb,ExpansionRx,split3,classical,ecfp4_lgbm,ecfp4_lgbm,tanimoto_ge_0_80,176,0,0.0,176,0.32090932852289944,,0.32090932852289944,0.0
expansion_mbpb,ExpansionRx,split3,classical,ecfp4_lgbm,ecfp4_lgbm,tanimoto_ge_0_90,176,0,0.0,176,0.32090932852289944,,0.32090932852289944,0.0
expansion_mbpb,ExpansionRx,split3,classical,ecfp4_lgbm,ecfp4_lgbm,tanimoto_ge_0_95,176,0,0.0,176,0.32090932852289944,,0.32090932852289944,0.0
expansion_mbpb,ExpansionRx,split3,classical,ecfp4_rf,ecfp4_rf,standardized_exact,176,0,0.0,176,0.36281277858413374,,0.36281277858413374,0.0
expansion_mbpb,ExpansionRx,split3,classical,ecfp4_rf,ecfp4_rf,connectivity_inchikey,176,0,0.0,176,0.36281277858413374,,0.36281277858413374,0.0
expansion_mbpb,ExpansionRx,split3,classical,ecfp4_rf,ecfp4_rf,tanimoto_ge_0_70,176,1,0.005681818181818182,175,0.36281277858413374,0.32653228118931565,0.3630200957121041,0.00020731712797034119
expansion_mbpb,ExpansionRx,split3,classical,ecfp4_rf,ecfp4_rf,tanimoto_ge_0_80,176,0,0.0,176,0.36281277858413374,,0.36281277858413374,0.0
expansion_mbpb,ExpansionRx,split3,classical,ecfp4_rf,ecfp4_rf,tanimoto_ge_0_90,176,0,0.0,176,0.36281277858413374,,0.36281277858413374,0.0
expansion_mbpb,ExpansionRx,split3,classical,ecfp4_rf,ecfp4_rf,tanimoto_ge_0_95,176,0,0.0,176,0.36281277858413374,,0.36281277858413374,0.0
expansion_mbpb,ExpansionRx,split3,classical,rdkit_desc_lgbm,rdkit_desc_lgbm,standardized_exact,176,0,0.0,176,0.2857919773482076,,0.2857919773482076,0.0
expansion_mbpb,ExpansionRx,split3,classical,rdkit_desc_lgbm,rdkit_desc_lgbm,connectivity_inchikey,176,0,0.0,176,0.2857919773482076,,0.2857919773482076,0.0
expansion_mbpb,ExpansionRx,split3,classical,rdkit_desc_lgbm,rdkit_desc_lgbm,tanimoto_ge_0_70,176,1,0.005681818181818182,175,0.2857919773482076,0.05252675754525815,0.2871249214613673,0.0013329441131597064
expansion_mbpb,ExpansionRx,split3,classical,rdkit_desc_lgbm,rdkit_desc_lgbm,tanimoto_ge_0_80,176,0,0.0,176,0.2857919773482076,,0.2857919773482076,0.0
expansion_mbpb,ExpansionRx,split3,classical,rdkit_desc_lgbm,rdkit_desc_lgbm,tanimoto_ge_0_90,176,0,0.0,176,0.2857919773482076,,0.2857919773482076,0.0
expansion_mbpb,ExpansionRx,split3,classical,rdkit_desc_lgbm,rdkit_desc_lgbm,tanimoto_ge_0_95,176,0,0.0,176,0.2857919773482076,,0.2857919773482076,0.0
expansion_mbpb,ExpansionRx,split3,classical,rdkit_desc_rf,rdkit_desc_rf,standardized_exact,176,0,0.0,176,0.2994435937119228,,0.2994435937119228,0.0
expansion_mbpb,ExpansionRx,split3,classical,rdkit_desc_rf,rdkit_desc_rf,connectivity_inchikey,176,0,0.0,176,0.2994435937119228,,0.2994435937119228,0.0
expansion_mbpb,ExpansionRx,split3,classical,rdkit_desc_rf,rdkit_desc_rf,tanimoto_ge_0_70,176,1,0.005681818181818182,175,0.2994435937119228,0.04275175340991133,0.3009104042279343,0.0014668105160114964
expansion_mbpb,ExpansionRx,split3,classical,rdkit_desc_rf,rdkit_desc_rf,tanimoto_ge_0_80,176,0,0.0,176,0.2994435937119228,,0.2994435937119228,0.0
expansion_mbpb,ExpansionRx,split3,classical,rdkit_desc_rf,rdkit_desc_rf,tanimoto_ge_0_90,176,0,0.0,176,0.2994435937119228,,0.2994435937119228,0.0
expansion_mbpb,ExpansionRx,split3,classical,rdkit_desc_rf,rdkit_desc_rf,tanimoto_ge_0_95,176,0,0.0,176,0.2994435937119228,,0.2994435937119228,0.0
expansion_mgmb,ExpansionRx,split1,classical,dummy_median,dummy_median,standardized_exact,15,0,0.0,15,0.39532894449691086,,0.39532894449691086,0.0
expansion_mgmb,ExpansionRx,split1,classical,dummy_median,dummy_median,connectivity_inchikey,15,0,0.0,15,0.39532894449691086,,0.39532894449691086,0.0
expansion_mgmb,ExpansionRx,split1,classical,dummy_median,dummy_median,tanimoto_ge_0_70,15,0,0.0,15,0.39532894449691086,,0.39532894449691086,0.0
expansion_mgmb,ExpansionRx,split1,classical,dummy_median,dummy_median,tanimoto_ge_0_80,15,0,0.0,15,0.39532894449691086,,0.39532894449691086,0.0
expansion_mgmb,ExpansionRx,split1,classical,dummy_median,dummy_median,tanimoto_ge_0_90,15,0,0.0,15,0.39532894449691086,,0.39532894449691086,0.0
expansion_mgmb,ExpansionRx,split1,classical,dummy_median,dummy_median,tanimoto_ge_0_95,15,0,0.0,15,0.39532894449691086,,0.39532894449691086,0.0
expansion_mgmb,ExpansionRx,split1,classical,ecfp4_lgbm,ecfp4_lgbm,standardized_exact,15,0,0.0,15,0.2243227055134726,,0.2243227055134726,0.0
expansion_mgmb,ExpansionRx,split1,classical,ecfp4_lgbm,ecfp4_lgbm,connectivity_inchikey,15,0,0.0,15,0.2243227055134726,,0.2243227055134726,0.0
expansion_mgmb,ExpansionRx,split1,classical,ecfp4_lgbm,ecfp4_lgbm,tanimoto_ge_0_70,15,0,0.0,15,0.2243227055134726,,0.2243227055134726,0.0
expansion_mgmb,ExpansionRx,split1,classical,ecfp4_lgbm,ecfp4_lgbm,tanimoto_ge_0_80,15,0,0.0,15,0.2243227055134726,,0.2243227055134726,0.0
expansion_mgmb,ExpansionRx,split1,classical,ecfp4_lgbm,ecfp4_lgbm,tanimoto_ge_0_90,15,0,0.0,15,0.2243227055134726,,0.2243227055134726,0.0
expansion_mgmb,ExpansionRx,split1,classical,ecfp4_lgbm,ecfp4_lgbm,tanimoto_ge_0_95,15,0,0.0,15,0.2243227055134726,,0.2243227055134726,0.0
expansion_mgmb,ExpansionRx,split1,classical,ecfp4_rf,ecfp4_rf,standardized_exact,15,0,0.0,15,0.2797987114979316,,0.2797987114979316,0.0
expansion_mgmb,ExpansionRx,split1,classical,ecfp4_rf,ecfp4_rf,connectivity_inchikey,15,0,0.0,15,0.2797987114979316,,0.2797987114979316,0.0
expansion_mgmb,ExpansionRx,split1,classical,ecfp4_rf,ecfp4_rf,tanimoto_ge_0_70,15,0,0.0,15,0.2797987114979316,,0.2797987114979316,0.0
expansion_mgmb,ExpansionRx,split1,classical,ecfp4_rf,ecfp4_rf,tanimoto_ge_0_80,15,0,0.0,15,0.2797987114979316,,0.2797987114979316,0.0
expansion_mgmb,ExpansionRx,split1,classical,ecfp4_rf,ecfp4_rf,tanimoto_ge_0_90,15,0,0.0,15,0.2797987114979316,,0.2797987114979316,0.0
expansion_mgmb,ExpansionRx,split1,classical,ecfp4_rf,ecfp4_rf,tanimoto_ge_0_95,15,0,0.0,15,0.2797987114979316,,0.2797987114979316,0.0
expansion_mgmb,ExpansionRx,split1,classical,rdkit_desc_lgbm,rdkit_desc_lgbm,standardized_exact,15,0,0.0,15,0.23353193416391071,,0.23353193416391071,0.0
expansion_mgmb,ExpansionRx,split1,classical,rdkit_desc_lgbm,rdkit_desc_lgbm,connectivity_inchikey,15,0,0.0,15,0.23353193416391071,,0.23353193416391071,0.0
expansion_mgmb,ExpansionRx,split1,classical,rdkit_desc_lgbm,rdkit_desc_lgbm,tanimoto_ge_0_70,15,0,0.0,15,0.23353193416391071,,0.23353193416391071,0.0
expansion_mgmb,ExpansionRx,split1,classical,rdkit_desc_lgbm,rdkit_desc_lgbm,tanimoto_ge_0_80,15,0,0.0,15,0.23353193416391071,,0.23353193416391071,0.0
expansion_mgmb,ExpansionRx,split1,classical,rdkit_desc_lgbm,rdkit_desc_lgbm,tanimoto_ge_0_90,15,0,0.0,15,0.23353193416391071,,0.23353193416391071,0.0
expansion_mgmb,ExpansionRx,split1,classical,rdkit_desc_lgbm,rdkit_desc_lgbm,tanimoto_ge_0_95,15,0,0.0,15,0.23353193416391071,,0.23353193416391071,0.0
expansion_mgmb,ExpansionRx,split1,classical,rdkit_desc_rf,rdkit_desc_rf,standardized_exact,15,0,0.0,15,0.23841942007604452,,0.23841942007604452,0.0
expansion_mgmb,ExpansionRx,split1,classical,rdkit_desc_rf,rdkit_desc_rf,connectivity_inchikey,15,0,0.0,15,0.23841942007604452,,0.23841942007604452,0.0
expansion_mgmb,ExpansionRx,split1,classical,rdkit_desc_rf,rdkit_desc_rf,tanimoto_ge_0_70,15,0,0.0,15,0.23841942007604452,,0.23841942007604452,0.0
expansion_mgmb,ExpansionRx,split1,classical,rdkit_desc_rf,rdkit_desc_rf,tanimoto_ge_0_80,15,0,0.0,15,0.23841942007604452,,0.23841942007604452,0.0
expansion_mgmb,ExpansionRx,split1,classical,rdkit_desc_rf,rdkit_desc_rf,tanimoto_ge_0_90,15,0,0.0,15,0.23841942007604452,,0.23841942007604452,0.0
expansion_mgmb,ExpansionRx,split1,classical,rdkit_desc_rf,rdkit_desc_rf,tanimoto_ge_0_95,15,0,0.0,15,0.23841942007604452,,0.23841942007604452,0.0
expansion_mgmb,ExpansionRx,split2,classical,dummy_median,dummy_median,standardized_exact,22,0,0.0,22,0.44513422768851646,,0.44513422768851646,0.0
expansion_mgmb,ExpansionRx,split2,classical,dummy_median,dummy_median,connectivity_inchikey,22,0,0.0,22,0.44513422768851646,,0.44513422768851646,0.0
expansion_mgmb,ExpansionRx,split2,classical,dummy_median,dummy_median,tanimoto_ge_0_70,22,0,0.0,22,0.44513422768851646,,0.44513422768851646,0.0
expansion_mgmb,ExpansionRx,split2,classical,dummy_median,dummy_median,tanimoto_ge_0_80,22,0,0.0,22,0.44513422768851646,,0.44513422768851646,0.0
expansion_mgmb,ExpansionRx,split2,classical,dummy_median,dummy_median,tanimoto_ge_0_90,22,0,0.0,22,0.44513422768851646,,0.44513422768851646,0.0
expansion_mgmb,ExpansionRx,split2,classical,dummy_median,dummy_median,tanimoto_ge_0_95,22,0,0.0,22,0.44513422768851646,,0.44513422768851646,0.0
expansion_mgmb,ExpansionRx,split2,classical,ecfp4_lgbm,ecfp4_lgbm,standardized_exact,22,0,0.0,22,0.22852012132175412,,0.22852012132175412,0.0
expansion_mgmb,ExpansionRx,split2,classical,ecfp4_lgbm,ecfp4_lgbm,connectivity_inchikey,22,0,0.0,22,0.22852012132175412,,0.22852012132175412,0.0
expansion_mgmb,ExpansionRx,split2,classical,ecfp4_lgbm,ecfp4_lgbm,tanimoto_ge_0_70,22,0,0.0,22,0.22852012132175412,,0.22852012132175412,0.0
expansion_mgmb,ExpansionRx,split2,classical,ecfp4_lgbm,ecfp4_lgbm,tanimoto_ge_0_80,22,0,0.0,22,0.22852012132175412,,0.22852012132175412,0.0
expansion_mgmb,ExpansionRx,split2,classical,ecfp4_lgbm,ecfp4_lgbm,tanimoto_ge_0_90,22,0,0.0,22,0.22852012132175412,,0.22852012132175412,0.0
expansion_mgmb,ExpansionRx,split2,classical,ecfp4_lgbm,ecfp4_lgbm,tanimoto_ge_0_95,22,0,0.0,22,0.22852012132175412,,0.22852012132175412,0.0
expansion_mgmb,ExpansionRx,split2,classical,ecfp4_rf,ecfp4_rf,standardized_exact,22,0,0.0,22,0.3045388361104328,,0.3045388361104328,0.0
expansion_mgmb,ExpansionRx,split2,classical,ecfp4_rf,ecfp4_rf,connectivity_inchikey,22,0,0.0,22,0.3045388361104328,,0.3045388361104328,0.0
expansion_mgmb,ExpansionRx,split2,classical,ecfp4_rf,ecfp4_rf,tanimoto_ge_0_70,22,0,0.0,22,0.3045388361104328,,0.3045388361104328,0.0
expansion_mgmb,ExpansionRx,split2,classical,ecfp4_rf,ecfp4_rf,tanimoto_ge_0_80,22,0,0.0,22,0.3045388361104328,,0.3045388361104328,0.0
expansion_mgmb,ExpansionRx,split2,classical,ecfp4_rf,ecfp4_rf,tanimoto_ge_0_90,22,0,0.0,22,0.3045388361104328,,0.3045388361104328,0.0
expansion_mgmb,ExpansionRx,split2,classical,ecfp4_rf,ecfp4_rf,tanimoto_ge_0_95,22,0,0.0,22,0.3045388361104328,,0.3045388361104328,0.0
expansion_mgmb,ExpansionRx,split2,classical,rdkit_desc_lgbm,rdkit_desc_lgbm,standardized_exact,22,0,0.0,22,0.27476304343560715,,0.27476304343560715,0.0
expansion_mgmb,ExpansionRx,split2,classical,rdkit_desc_lgbm,rdkit_desc_lgbm,connectivity_inchikey,22,0,0.0,22,0.27476304343560715,,0.27476304343560715,0.0
expansion_mgmb,ExpansionRx,split2,classical,rdkit_desc_lgbm,rdkit_desc_lgbm,tanimoto_ge_0_70,22,0,0.0,22,0.27476304343560715,,0.27476304343560715,0.0
expansion_mgmb,ExpansionRx,split2,classical,rdkit_desc_lgbm,rdkit_desc_lgbm,tanimoto_ge_0_80,22,0,0.0,22,0.27476304343560715,,0.27476304343560715,0.0
expansion_mgmb,ExpansionRx,split2,classical,rdkit_desc_lgbm,rdkit_desc_lgbm,tanimoto_ge_0_90,22,0,0.0,22,0.27476304343560715,,0.27476304343560715,0.0
expansion_mgmb,ExpansionRx,split2,classical,rdkit_desc_lgbm,rdkit_desc_lgbm,tanimoto_ge_0_95,22,0,0.0,22,0.27476304343560715,,0.27476304343560715,0.0
expansion_mgmb,ExpansionRx,split2,classical,rdkit_desc_rf,rdkit_desc_rf,standardized_exact,22,0,0.0,22,0.2870370748596428,,0.2870370748596428,0.0
expansion_mgmb,ExpansionRx,split2,classical,rdkit_desc_rf,rdkit_desc_rf,connectivity_inchikey,22,0,0.0,22,0.2870370748596428,,0.2870370748596428,0.0
expansion_mgmb,ExpansionRx,split2,classical,rdkit_desc_rf,rdkit_desc_rf,tanimoto_ge_0_70,22,0,0.0,22,0.2870370748596428,,0.2870370748596428,0.0
expansion_mgmb,ExpansionRx,split2,classical,rdkit_desc_rf,rdkit_desc_rf,tanimoto_ge_0_80,22,0,0.0,22,0.2870370748596428,,0.2870370748596428,0.0
expansion_mgmb,ExpansionRx,split2,classical,rdkit_desc_rf,rdkit_desc_rf,tanimoto_ge_0_90,22,0,0.0,22,0.2870370748596428,,0.2870370748596428,0.0
expansion_mgmb,ExpansionRx,split2,classical,rdkit_desc_rf,rdkit_desc_rf,tanimoto_ge_0_95,22,0,0.0,22,0.2870370748596428,,0.2870370748596428,0.0
expansion_mgmb,ExpansionRx,split3,classical,dummy_median,dummy_median,standardized_exact,44,0,0.0,44,0.45365107189228515,,0.45365107189228515,0.0
expansion_mgmb,ExpansionRx,split3,classical,dummy_median,dummy_median,connectivity_inchikey,44,0,0.0,44,0.45365107189228515,,0.45365107189228515,0.0
expansion_mgmb,ExpansionRx,split3,classical,dummy_median,dummy_median,tanimoto_ge_0_70,44,0,0.0,44,0.45365107189228515,,0.45365107189228515,0.0
expansion_mgmb,ExpansionRx,split3,classical,dummy_median,dummy_median,tanimoto_ge_0_80,44,0,0.0,44,0.45365107189228515,,0.45365107189228515,0.0
expansion_mgmb,ExpansionRx,split3,classical,dummy_median,dummy_median,tanimoto_ge_0_90,44,0,0.0,44,0.45365107189228515,,0.45365107189228515,0.0
expansion_mgmb,ExpansionRx,split3,classical,dummy_median,dummy_median,tanimoto_ge_0_95,44,0,0.0,44,0.45365107189228515,,0.45365107189228515,0.0
expansion_mgmb,ExpansionRx,split3,classical,ecfp4_lgbm,ecfp4_lgbm,standardized_exact,44,0,0.0,44,0.3081922266563255,,0.3081922266563255,0.0
expansion_mgmb,ExpansionRx,split3,classical,ecfp4_lgbm,ecfp4_lgbm,connectivity_inchikey,44,0,0.0,44,0.3081922266563255,,0.3081922266563255,0.0
expansion_mgmb,ExpansionRx,split3,classical,ecfp4_lgbm,ecfp4_lgbm,tanimoto_ge_0_70,44,0,0.0,44,0.3081922266563255,,0.3081922266563255,0.0
expansion_mgmb,ExpansionRx,split3,classical,ecfp4_lgbm,ecfp4_lgbm,tanimoto_ge_0_80,44,0,0.0,44,0.3081922266563255,,0.3081922266563255,0.0
expansion_mgmb,ExpansionRx,split3,classical,ecfp4_lgbm,ecfp4_lgbm,tanimoto_ge_0_90,44,0,0.0,44,0.3081922266563255,,0.3081922266563255,0.0
expansion_mgmb,ExpansionRx,split3,classical,ecfp4_lgbm,ecfp4_lgbm,tanimoto_ge_0_95,44,0,0.0,44,0.3081922266563255,,0.3081922266563255,0.0
expansion_mgmb,ExpansionRx,split3,classical,ecfp4_rf,ecfp4_rf,standardized_exact,44,0,0.0,44,0.32813246154548636,,0.32813246154548636,0.0
expansion_mgmb,ExpansionRx,split3,classical,ecfp4_rf,ecfp4_rf,connectivity_inchikey,44,0,0.0,44,0.32813246154548636,,0.32813246154548636,0.0
expansion_mgmb,ExpansionRx,split3,classical,ecfp4_rf,ecfp4_rf,tanimoto_ge_0_70,44,0,0.0,44,0.32813246154548636,,0.32813246154548636,0.0
expansion_mgmb,ExpansionRx,split3,classical,ecfp4_rf,ecfp4_rf,tanimoto_ge_0_80,44,0,0.0,44,0.32813246154548636,,0.32813246154548636,0.0
expansion_mgmb,ExpansionRx,split3,classical,ecfp4_rf,ecfp4_rf,tanimoto_ge_0_90,44,0,0.0,44,0.32813246154548636,,0.32813246154548636,0.0
expansion_mgmb,ExpansionRx,split3,classical,ecfp4_rf,ecfp4_rf,tanimoto_ge_0_95,44,0,0.0,44,0.32813246154548636,,0.32813246154548636,0.0
expansion_mgmb,ExpansionRx,split3,classical,rdkit_desc_lgbm,rdkit_desc_lgbm,standardized_exact,44,0,0.0,44,0.30957763786861014,,0.30957763786861014,0.0
expansion_mgmb,ExpansionRx,split3,classical,rdkit_desc_lgbm,rdkit_desc_lgbm,connectivity_inchikey,44,0,0.0,44,0.30957763786861014,,0.30957763786861014,0.0
expansion_mgmb,ExpansionRx,split3,classical,rdkit_desc_lgbm,rdkit_desc_lgbm,tanimoto_ge_0_70,44,0,0.0,44,0.30957763786861014,,0.30957763786861014,0.0
expansion_mgmb,ExpansionRx,split3,classical,rdkit_desc_lgbm,rdkit_desc_lgbm,tanimoto_ge_0_80,44,0,0.0,44,0.30957763786861014,,0.30957763786861014,0.0
expansion_mgmb,ExpansionRx,split3,classical,rdkit_desc_lgbm,rdkit_desc_lgbm,tanimoto_ge_0_90,44,0,0.0,44,0.30957763786861014,,0.30957763786861014,0.0
expansion_mgmb,ExpansionRx,split3,classical,rdkit_desc_lgbm,rdkit_desc_lgbm,tanimoto_ge_0_95,44,0,0.0,44,0.30957763786861014,,0.30957763786861014,0.0
expansion_mgmb,ExpansionRx,split3,classical,rdkit_desc_rf,rdkit_desc_rf,standardized_exact,44,0,0.0,44,0.3227705210427253,,0.3227705210427253,0.0
expansion_mgmb,ExpansionRx,split3,classical,rdkit_desc_rf,rdkit_desc_rf,connectivity_inchikey,44,0,0.0,44,0.3227705210427253,,0.3227705210427253,0.0
expansion_mgmb,ExpansionRx,split3,classical,rdkit_desc_rf,rdkit_desc_rf,tanimoto_ge_0_70,44,0,0.0,44,0.3227705210427253,,0.3227705210427253,0.0
expansion_mgmb,ExpansionRx,split3,classical,rdkit_desc_rf,rdkit_desc_rf,tanimoto_ge_0_80,44,0,0.0,44,0.3227705210427253,,0.3227705210427253,0.0
expansion_mgmb,ExpansionRx,split3,classical,rdkit_desc_rf,rdkit_desc_rf,tanimoto_ge_0_90,44,0,0.0,44,0.3227705210427253,,0.3227705210427253,0.0
expansion_mgmb,ExpansionRx,split3,classical,rdkit_desc_rf,rdkit_desc_rf,tanimoto_ge_0_95,44,0,0.0,44,0.3227705210427253,,0.3227705210427253,0.0
expansion_mlm,ExpansionRx,split1,classical,dummy_median,dummy_median,standardized_exact,617,0,0.0,617,0.545288628872226,,0.545288628872226,0.0
expansion_mlm,ExpansionRx,split1,classical,dummy_median,dummy_median,connectivity_inchikey,617,0,0.0,617,0.545288628872226,,0.545288628872226,0.0
expansion_mlm,ExpansionRx,split1,classical,dummy_median,dummy_median,tanimoto_ge_0_70,617,1,0.0016207455429497568,616,0.545288628872226,0.6817173276833177,0.5450671537118184,-0.00022147516040760262
expansion_mlm,ExpansionRx,split1,classical,dummy_median,dummy_median,tanimoto_ge_0_80,617,0,0.0,617,0.545288628872226,,0.545288628872226,0.0
expansion_mlm,ExpansionRx,split1,classical,dummy_median,dummy_median,tanimoto_ge_0_90,617,0,0.0,617,0.545288628872226,,0.545288628872226,0.0
expansion_mlm,ExpansionRx,split1,classical,dummy_median,dummy_median,tanimoto_ge_0_95,617,0,0.0,617,0.545288628872226,,0.545288628872226,0.0
expansion_mlm,ExpansionRx,split1,classical,ecfp4_lgbm,ecfp4_lgbm,standardized_exact,617,0,0.0,617,0.37241445997981576,,0.37241445997981576,0.0
expansion_mlm,ExpansionRx,split1,classical,ecfp4_lgbm,ecfp4_lgbm,connectivity_inchikey,617,0,0.0,617,0.37241445997981576,,0.37241445997981576,0.0
expansion_mlm,ExpansionRx,split1,classical,ecfp4_lgbm,ecfp4_lgbm,tanimoto_ge_0_70,617,1,0.0016207455429497568,616,0.37241445997981576,0.08371353009004112,0.3728831303205459,0.00046867034073011515
expansion_mlm,ExpansionRx,split1,classical,ecfp4_lgbm,ecfp4_lgbm,tanimoto_ge_0_80,617,0,0.0,617,0.37241445997981576,,0.37241445997981576,0.0
expansion_mlm,ExpansionRx,split1,classical,ecfp4_lgbm,ecfp4_lgbm,tanimoto_ge_0_90,617,0,0.0,617,0.37241445997981576,,0.37241445997981576,0.0
expansion_mlm,ExpansionRx,split1,classical,ecfp4_lgbm,ecfp4_lgbm,tanimoto_ge_0_95,617,0,0.0,617,0.37241445997981576,,0.37241445997981576,0.0
expansion_mlm,ExpansionRx,split1,classical,ecfp4_rf,ecfp4_rf,standardized_exact,617,0,0.0,617,0.3974318678298159,,0.3974318678298159,0.0
expansion_mlm,ExpansionRx,split1,classical,ecfp4_rf,ecfp4_rf,connectivity_inchikey,617,0,0.0,617,0.3974318678298159,,0.3974318678298159,0.0
expansion_mlm,ExpansionRx,split1,classical,ecfp4_rf,ecfp4_rf,tanimoto_ge_0_70,617,1,0.0016207455429497568,616,0.3974318678298159,0.21965463577493605,0.3977204672325025,0.0002885994026866068
expansion_mlm,ExpansionRx,split1,classical,ecfp4_rf,ecfp4_rf,tanimoto_ge_0_80,617,0,0.0,617,0.3974318678298159,,0.3974318678298159,0.0
expansion_mlm,ExpansionRx,split1,classical,ecfp4_rf,ecfp4_rf,tanimoto_ge_0_90,617,0,0.0,617,0.3974318678298159,,0.3974318678298159,0.0
expansion_mlm,ExpansionRx,split1,classical,ecfp4_rf,ecfp4_rf,tanimoto_ge_0_95,617,0,0.0,617,0.3974318678298159,,0.3974318678298159,0.0
expansion_mlm,ExpansionRx,split1,classical,rdkit_desc_lgbm,rdkit_desc_lgbm,standardized_exact,617,0,0.0,617,0.3862764962868459,,0.3862764962868459,0.0
expansion_mlm,ExpansionRx,split1,classical,rdkit_desc_lgbm,rdkit_desc_lgbm,connectivity_inchikey,617,0,0.0,617,0.3862764962868459,,0.3862764962868459,0.0
expansion_mlm,ExpansionRx,split1,classical,rdkit_desc_lgbm,rdkit_desc_lgbm,tanimoto_ge_0_70,617,1,0.0016207455429497568,616,0.3862764962868459,0.047409491057936126,0.3868266050615682,0.0005501087747222799
expansion_mlm,ExpansionRx,split1,classical,rdkit_desc_lgbm,rdkit_desc_lgbm,tanimoto_ge_0_80,617,0,0.0,617,0.3862764962868459,,0.3862764962868459,0.0
expansion_mlm,ExpansionRx,split1,classical,rdkit_desc_lgbm,rdkit_desc_lgbm,tanimoto_ge_0_90,617,0,0.0,617,0.3862764962868459,,0.3862764962868459,0.0
expansion_mlm,ExpansionRx,split1,classical,rdkit_desc_lgbm,rdkit_desc_lgbm,tanimoto_ge_0_95,617,0,0.0,617,0.3862764962868459,,0.3862764962868459,0.0
expansion_mlm,ExpansionRx,split1,classical,rdkit_desc_rf,rdkit_desc_rf,standardized_exact,617,0,0.0,617,0.3936734951210505,,0.3936734951210505,0.0
expansion_mlm,ExpansionRx,split1,classical,rdkit_desc_rf,rdkit_desc_rf,connectivity_inchikey,617,0,0.0,617,0.3936734951210505,,0.3936734951210505,0.0
expansion_mlm,ExpansionRx,split1,classical,rdkit_desc_rf,rdkit_desc_rf,tanimoto_ge_0_70,617,1,0.0016207455429497568,616,0.3936734951210505,0.19096485532020013,0.39400256758825963,0.00032907246720914607
expansion_mlm,ExpansionRx,split1,classical,rdkit_desc_rf,rdkit_desc_rf,tanimoto_ge_0_80,617,0,0.0,617,0.3936734951210505,,0.3936734951210505,0.0
expansion_mlm,ExpansionRx,split1,classical,rdkit_desc_rf,rdkit_desc_rf,tanimoto_ge_0_90,617,0,0.0,617,0.3936734951210505,,0.3936734951210505,0.0
expansion_mlm,ExpansionRx,split1,classical,rdkit_desc_rf,rdkit_desc_rf,tanimoto_ge_0_95,617,0,0.0,617,0.3936734951210505,,0.3936734951210505,0.0
expansion_mlm,ExpansionRx,split2,classical,dummy_median,dummy_median,standardized_exact,528,0,0.0,528,0.5154406468523857,,0.5154406468523857,0.0
expansion_mlm,ExpansionRx,split2,classical,dummy_median,dummy_median,connectivity_inchikey,528,0,0.0,528,0.5154406468523857,,0.5154406468523857,0.0
expansion_mlm,ExpansionRx,split2,classical,dummy_median,dummy_median,tanimoto_ge_0_70,528,3,0.005681818181818182,525,0.5154406468523857,0.30565772781046424,0.516639406389768,0.0011987595373823545
expansion_mlm,ExpansionRx,split2,classical,dummy_median,dummy_median,tanimoto_ge_0_80,528,0,0.0,528,0.5154406468523857,,0.5154406468523857,0.0
expansion_mlm,ExpansionRx,split2,classical,dummy_median,dummy_median,tanimoto_ge_0_90,528,0,0.0,528,0.5154406468523857,,0.5154406468523857,0.0
expansion_mlm,ExpansionRx,split2,classical,dummy_median,dummy_median,tanimoto_ge_0_95,528,0,0.0,528,0.5154406468523857,,0.5154406468523857,0.0
expansion_mlm,ExpansionRx,split2,classical,ecfp4_lgbm,ecfp4_lgbm,standardized_exact,528,0,0.0,528,0.31201193862704263,,0.31201193862704263,0.0
expansion_mlm,ExpansionRx,split2,classical,ecfp4_lgbm,ecfp4_lgbm,connectivity_inchikey,528,0,0.0,528,0.31201193862704263,,0.31201193862704263,0.0
expansion_mlm,ExpansionRx,split2,classical,ecfp4_lgbm,ecfp4_lgbm,tanimoto_ge_0_70,528,3,0.005681818181818182,525,0.31201193862704263,0.256358375385399,0.31232995898842353,0.0003180203613808996
expansion_mlm,ExpansionRx,split2,classical,ecfp4_lgbm,ecfp4_lgbm,tanimoto_ge_0_80,528,0,0.0,528,0.31201193862704263,,0.31201193862704263,0.0
expansion_mlm,ExpansionRx,split2,classical,ecfp4_lgbm,ecfp4_lgbm,tanimoto_ge_0_90,528,0,0.0,528,0.31201193862704263,,0.31201193862704263,0.0
expansion_mlm,ExpansionRx,split2,classical,ecfp4_lgbm,ecfp4_lgbm,tanimoto_ge_0_95,528,0,0.0,528,0.31201193862704263,,0.31201193862704263,0.0
expansion_mlm,ExpansionRx,split2,classical,ecfp4_rf,ecfp4_rf,standardized_exact,528,0,0.0,528,0.31148485747798593,,0.31148485747798593,0.0
expansion_mlm,ExpansionRx,split2,classical,ecfp4_rf,ecfp4_rf,connectivity_inchikey,528,0,0.0,528,0.31148485747798593,,0.31148485747798593,0.0
expansion_mlm,ExpansionRx,split2,classical,ecfp4_rf,ecfp4_rf,tanimoto_ge_0_70,528,3,0.005681818181818182,525,0.31148485747798593,0.14338321835905146,0.3124454382729513,0.00096058079496536
expansion_mlm,ExpansionRx,split2,classical,ecfp4_rf,ecfp4_rf,tanimoto_ge_0_80,528,0,0.0,528,0.31148485747798593,,0.31148485747798593,0.0
expansion_mlm,ExpansionRx,split2,classical,ecfp4_rf,ecfp4_rf,tanimoto_ge_0_90,528,0,0.0,528,0.31148485747798593,,0.31148485747798593,0.0
expansion_mlm,ExpansionRx,split2,classical,ecfp4_rf,ecfp4_rf,tanimoto_ge_0_95,528,0,0.0,528,0.31148485747798593,,0.31148485747798593,0.0
expansion_mlm,ExpansionRx,split2,classical,rdkit_desc_lgbm,rdkit_desc_lgbm,standardized_exact,528,0,0.0,528,0.3535928557922282,,0.3535928557922282,0.0
expansion_mlm,ExpansionRx,split2,classical,rdkit_desc_lgbm,rdkit_desc_lgbm,connectivity_inchikey,528,0,0.0,528,0.3535928557922282,,0.3535928557922282,0.0
expansion_mlm,ExpansionRx,split2,classical,rdkit_desc_lgbm,rdkit_desc_lgbm,tanimoto_ge_0_70,528,3,0.005681818181818182,525,0.3535928557922282,0.062069405859927596,0.3552587040775557,0.0016658482853275092
expansion_mlm,ExpansionRx,split2,classical,rdkit_desc_lgbm,rdkit_desc_lgbm,tanimoto_ge_0_80,528,0,0.0,528,0.3535928557922282,,0.3535928557922282,0.0
expansion_mlm,ExpansionRx,split2,classical,rdkit_desc_lgbm,rdkit_desc_lgbm,tanimoto_ge_0_90,528,0,0.0,528,0.3535928557922282,,0.3535928557922282,0.0
expansion_mlm,ExpansionRx,split2,classical,rdkit_desc_lgbm,rdkit_desc_lgbm,tanimoto_ge_0_95,528,0,0.0,528,0.3535928557922282,,0.3535928557922282,0.0
expansion_mlm,ExpansionRx,split2,classical,rdkit_desc_rf,rdkit_desc_rf,standardized_exact,528,0,0.0,528,0.36066741401636504,,0.36066741401636504,0.0
expansion_mlm,ExpansionRx,split2,classical,rdkit_desc_rf,rdkit_desc_rf,connectivity_inchikey,528,0,0.0,528,0.36066741401636504,,0.36066741401636504,0.0
expansion_mlm,ExpansionRx,split2,classical,rdkit_desc_rf,rdkit_desc_rf,tanimoto_ge_0_70,528,3,0.005681818181818182,525,0.36066741401636504,0.07898271633063336,0.36227704086028345,0.0016096268439184103
expansion_mlm,ExpansionRx,split2,classical,rdkit_desc_rf,rdkit_desc_rf,tanimoto_ge_0_80,528,0,0.0,528,0.36066741401636504,,0.36066741401636504,0.0
expansion_mlm,ExpansionRx,split2,classical,rdkit_desc_rf,rdkit_desc_rf,tanimoto_ge_0_90,528,0,0.0,528,0.36066741401636504,,0.36066741401636504,0.0
expansion_mlm,ExpansionRx,split2,classical,rdkit_desc_rf,rdkit_desc_rf,tanimoto_ge_0_95,528,0,0.0,528,0.36066741401636504,,0.36066741401636504,0.0
expansion_mlm,ExpansionRx,split3,classical,dummy_median,dummy_median,standardized_exact,655,0,0.0,655,0.5199988800753397,,0.5199988800753397,0.0
expansion_mlm,ExpansionRx,split3,classical,dummy_median,dummy_median,connectivity_inchikey,655,0,0.0,655,0.5199988800753397,,0.5199988800753397,0.0
expansion_mlm,ExpansionRx,split3,classical,dummy_median,dummy_median,tanimoto_ge_0_70,655,12,0.0183206106870229,643,0.5199988800753397,0.5688362001491676,0.5190874526400585,-0.0009114274352811647
expansion_mlm,ExpansionRx,split3,classical,dummy_median,dummy_median,tanimoto_ge_0_80,655,1,0.0015267175572519084,654,0.5199988800753397,0.43967754972963613,0.520121695565165,0.00012281548982528978
expansion_mlm,ExpansionRx,split3,classical,dummy_median,dummy_median,tanimoto_ge_0_90,655,0,0.0,655,0.5199988800753397,,0.5199988800753397,0.0
expansion_mlm,ExpansionRx,split3,classical,dummy_median,dummy_median,tanimoto_ge_0_95,655,0,0.0,655,0.5199988800753397,,0.5199988800753397,0.0
expansion_mlm,ExpansionRx,split3,classical,ecfp4_lgbm,ecfp4_lgbm,standardized_exact,655,0,0.0,655,0.3204563723733321,,0.3204563723733321,0.0
expansion_mlm,ExpansionRx,split3,classical,ecfp4_lgbm,ecfp4_lgbm,connectivity_inchikey,655,0,0.0,655,0.3204563723733321,,0.3204563723733321,0.0
expansion_mlm,ExpansionRx,split3,classical,ecfp4_lgbm,ecfp4_lgbm,tanimoto_ge_0_70,655,12,0.0183206106870229,643,0.3204563723733321,0.5054548649583637,0.31700383440907026,-0.003452537964261815
expansion_mlm,ExpansionRx,split3,classical,ecfp4_lgbm,ecfp4_lgbm,tanimoto_ge_0_80,655,1,0.0015267175572519084,654,0.3204563723733321,0.5269741882783596,0.3201405958964131,-0.00031577647691899413
expansion_mlm,ExpansionRx,split3,classical,ecfp4_lgbm,ecfp4_lgbm,tanimoto_ge_0_90,655,0,0.0,655,0.3204563723733321,,0.3204563723733321,0.0
expansion_mlm,ExpansionRx,split3,classical,ecfp4_lgbm,ecfp4_lgbm,tanimoto_ge_0_95,655,0,0.0,655,0.3204563723733321,,0.3204563723733321,0.0
expansion_mlm,ExpansionRx,split3,classical,ecfp4_rf,ecfp4_rf,standardized_exact,655,0,0.0,655,0.35040469556156106,,0.35040469556156106,0.0
expansion_mlm,ExpansionRx,split3,classical,ecfp4_rf,ecfp4_rf,connectivity_inchikey,655,0,0.0,655,0.35040469556156106,,0.35040469556156106,0.0
expansion_mlm,ExpansionRx,split3,classical,ecfp4_rf,ecfp4_rf,tanimoto_ge_0_70,655,12,0.0183206106870229,643,0.35040469556156106,0.5423710835620743,0.346822119113651,-0.0035825764479100464
expansion_mlm,ExpansionRx,split3,classical,ecfp4_rf,ecfp4_rf,tanimoto_ge_0_80,655,1,0.0015267175572519084,654,0.35040469556156106,0.48164596707174656,0.3502040208344812,-0.00020067472707985257
expansion_mlm,ExpansionRx,split3,classical,ecfp4_rf,ecfp4_rf,tanimoto_ge_0_90,655,0,0.0,655,0.35040469556156106,,0.35040469556156106,0.0
expansion_mlm,ExpansionRx,split3,classical,ecfp4_rf,ecfp4_rf,tanimoto_ge_0_95,655,0,0.0,655,0.35040469556156106,,0.35040469556156106,0.0
expansion_mlm,ExpansionRx,split3,classical,rdkit_desc_lgbm,rdkit_desc_lgbm,standardized_exact,655,0,0.0,655,0.3589312160627339,,0.3589312160627339,0.0
expansion_mlm,ExpansionRx,split3,classical,rdkit_desc_lgbm,rdkit_desc_lgbm,connectivity_inchikey,655,0,0.0,655,0.3589312160627339,,0.3589312160627339,0.0
expansion_mlm,ExpansionRx,split3,classical,rdkit_desc_lgbm,rdkit_desc_lgbm,tanimoto_ge_0_70,655,12,0.0183206106870229,643,0.3589312160627339,0.37099642603842664,0.35870604884701335,-0.00022516721572057863
expansion_mlm,ExpansionRx,split3,classical,rdkit_desc_lgbm,rdkit_desc_lgbm,tanimoto_ge_0_80,655,1,0.0015267175572519084,654,0.3589312160627339,0.48153124153789806,0.35874375425008076,-0.00018746181265316686
expansion_mlm,ExpansionRx,split3,classical,rdkit_desc_lgbm,rdkit_desc_lgbm,tanimoto_ge_0_90,655,0,0.0,655,0.3589312160627339,,0.3589312160627339,0.0
expansion_mlm,ExpansionRx,split3,classical,rdkit_desc_lgbm,rdkit_desc_lgbm,tanimoto_ge_0_95,655,0,0.0,655,0.3589312160627339,,0.3589312160627339,0.0
expansion_mlm,ExpansionRx,split3,classical,rdkit_desc_rf,rdkit_desc_rf,standardized_exact,655,0,0.0,655,0.36588413669174763,,0.36588413669174763,0.0
expansion_mlm,ExpansionRx,split3,classical,rdkit_desc_rf,rdkit_desc_rf,connectivity_inchikey,655,0,0.0,655,0.36588413669174763,,0.36588413669174763,0.0
expansion_mlm,ExpansionRx,split3,classical,rdkit_desc_rf,rdkit_desc_rf,tanimoto_ge_0_70,655,12,0.0183206106870229,643,0.36588413669174763,0.34194899301309456,0.36633082677595274,0.0004466900842051147
expansion_mlm,ExpansionRx,split3,classical,rdkit_desc_rf,rdkit_desc_rf,tanimoto_ge_0_80,655,1,0.0015267175572519084,654,0.36588413669174763,0.1880376944171167,0.3661560731478251,0.00027193645607748174
expansion_mlm,ExpansionRx,split3,classical,rdkit_desc_rf,rdkit_desc_rf,tanimoto_ge_0_90,655,0,0.0,655,0.36588413669174763,,0.36588413669174763,0.0
expansion_mlm,ExpansionRx,split3,classical,rdkit_desc_rf,rdkit_desc_rf,tanimoto_ge_0_95,655,0,0.0,655,0.36588413669174763,,0.36588413669174763,0.0
expansion_mppb,ExpansionRx,split1,classical,dummy_median,dummy_median,standardized_exact,133,0,0.0,133,0.5159652392479934,,0.5159652392479934,0.0
expansion_mppb,ExpansionRx,split1,classical,dummy_median,dummy_median,connectivity_inchikey,133,0,0.0,133,0.5159652392479934,,0.5159652392479934,0.0
expansion_mppb,ExpansionRx,split1,classical,dummy_median,dummy_median,tanimoto_ge_0_70,133,5,0.03759398496240601,128,0.5159652392479934,0.912894232392625,0.5004602004532812,-0.015505038794712211
expansion_mppb,ExpansionRx,split1,classical,dummy_median,dummy_median,tanimoto_ge_0_80,133,1,0.007518796992481203,132,0.5159652392479934,0.6895475275093965,0.5146502219126797,-0.0013150173353136951
expansion_mppb,ExpansionRx,split1,classical,dummy_median,dummy_median,tanimoto_ge_0_90,133,0,0.0,133,0.5159652392479934,,0.5159652392479934,0.0
expansion_mppb,ExpansionRx,split1,classical,dummy_median,dummy_median,tanimoto_ge_0_95,133,0,0.0,133,0.5159652392479934,,0.5159652392479934,0.0
expansion_mppb,ExpansionRx,split1,classical,ecfp4_lgbm,ecfp4_lgbm,standardized_exact,133,0,0.0,133,0.3123332778604544,,0.3123332778604544,0.0
expansion_mppb,ExpansionRx,split1,classical,ecfp4_lgbm,ecfp4_lgbm,connectivity_inchikey,133,0,0.0,133,0.3123332778604544,,0.3123332778604544,0.0
expansion_mppb,ExpansionRx,split1,classical,ecfp4_lgbm,ecfp4_lgbm,tanimoto_ge_0_70,133,5,0.03759398496240601,128,0.3123332778604544,0.48059154475271837,0.3057606893099753,-0.006572588550479097
expansion_mppb,ExpansionRx,split1,classical,ecfp4_lgbm,ecfp4_lgbm,tanimoto_ge_0_80,133,1,0.007518796992481203,132,0.3123332778604544,0.5388742306386438,0.3106170585212256,-0.001716219339228775
expansion_mppb,ExpansionRx,split1,classical,ecfp4_lgbm,ecfp4_lgbm,tanimoto_ge_0_90,133,0,0.0,133,0.3123332778604544,,0.3123332778604544,0.0
expansion_mppb,ExpansionRx,split1,classical,ecfp4_lgbm,ecfp4_lgbm,tanimoto_ge_0_95,133,0,0.0,133,0.3123332778604544,,0.3123332778604544,0.0
expansion_mppb,ExpansionRx,split1,classical,ecfp4_rf,ecfp4_rf,standardized_exact,133,0,0.0,133,0.37821385635234817,,0.37821385635234817,0.0
expansion_mppb,ExpansionRx,split1,classical,ecfp4_rf,ecfp4_rf,connectivity_inchikey,133,0,0.0,133,0.37821385635234817,,0.37821385635234817,0.0
expansion_mppb,ExpansionRx,split1,classical,ecfp4_rf,ecfp4_rf,tanimoto_ge_0_70,133,5,0.03759398496240601,128,0.37821385635234817,0.6701746096147271,0.3668091394280365,-0.011404716924311664
expansion_mppb,ExpansionRx,split1,classical,ecfp4_rf,ecfp4_rf,tanimoto_ge_0_80,133,1,0.007518796992481203,132,0.37821385635234817,0.4707394804154598,0.3775129046549004,-0.0007009516974477714
expansion_mppb,ExpansionRx,split1,classical,ecfp4_rf,ecfp4_rf,tanimoto_ge_0_90,133,0,0.0,133,0.37821385635234817,,0.37821385635234817,0.0
expansion_mppb,ExpansionRx,split1,classical,ecfp4_rf,ecfp4_rf,tanimoto_ge_0_95,133,0,0.0,133,0.37821385635234817,,0.37821385635234817,0.0
expansion_mppb,ExpansionRx,split1,classical,rdkit_desc_lgbm,rdkit_desc_lgbm,standardized_exact,133,0,0.0,133,0.30039403558983585,,0.30039403558983585,0.0
expansion_mppb,ExpansionRx,split1,classical,rdkit_desc_lgbm,rdkit_desc_lgbm,connectivity_inchikey,133,0,0.0,133,0.30039403558983585,,0.30039403558983585,0.0
expansion_mppb,ExpansionRx,split1,classical,rdkit_desc_lgbm,rdkit_desc_lgbm,tanimoto_ge_0_70,133,5,0.03759398496240601,128,0.30039403558983585,0.6093675713258321,0.28832475685014847,-0.012069278739687384
expansion_mppb,ExpansionRx,split1,classical,rdkit_desc_lgbm,rdkit_desc_lgbm,tanimoto_ge_0_80,133,1,0.007518796992481203,132,0.30039403558983585,0.49179371516387976,0.29894403801730524,-0.0014499975725306147
expansion_mppb,ExpansionRx,split1,classical,rdkit_desc_lgbm,rdkit_desc_lgbm,tanimoto_ge_0_90,133,0,0.0,133,0.30039403558983585,,0.30039403558983585,0.0
expansion_mppb,ExpansionRx,split1,classical,rdkit_desc_lgbm,rdkit_desc_lgbm,tanimoto_ge_0_95,133,0,0.0,133,0.30039403558983585,,0.30039403558983585,0.0
expansion_mppb,ExpansionRx,split1,classical,rdkit_desc_rf,rdkit_desc_rf,standardized_exact,133,0,0.0,133,0.3080938764194988,,0.3080938764194988,0.0
expansion_mppb,ExpansionRx,split1,classical,rdkit_desc_rf,rdkit_desc_rf,connectivity_inchikey,133,0,0.0,133,0.3080938764194988,,0.3080938764194988,0.0
expansion_mppb,ExpansionRx,split1,classical,rdkit_desc_rf,rdkit_desc_rf,tanimoto_ge_0_70,133,5,0.03759398496240601,128,0.3080938764194988,0.5774380322663244,0.29757262033173215,-0.010521256087766662
expansion_mppb,ExpansionRx,split1,classical,rdkit_desc_rf,rdkit_desc_rf,tanimoto_ge_0_80,133,1,0.007518796992481203,132,0.3080938764194988,0.4299721285671439,0.30717055632747126,-0.0009233200920275575
expansion_mppb,ExpansionRx,split1,classical,rdkit_desc_rf,rdkit_desc_rf,tanimoto_ge_0_90,133,0,0.0,133,0.3080938764194988,,0.3080938764194988,0.0
expansion_mppb,ExpansionRx,split1,classical,rdkit_desc_rf,rdkit_desc_rf,tanimoto_ge_0_95,133,0,0.0,133,0.3080938764194988,,0.3080938764194988,0.0
expansion_mppb,ExpansionRx,split2,classical,dummy_median,dummy_median,standardized_exact,147,0,0.0,147,0.40765300052658804,,0.40765300052658804,0.0
expansion_mppb,ExpansionRx,split2,classical,dummy_median,dummy_median,connectivity_inchikey,147,0,0.0,147,0.40765300052658804,,0.40765300052658804,0.0
expansion_mppb,ExpansionRx,split2,classical,dummy_median,dummy_median,tanimoto_ge_0_70,147,2,0.013605442176870748,145,0.40765300052658804,1.1449760995886673,0.39748302674642144,-0.010169973780166597
expansion_mppb,ExpansionRx,split2,classical,dummy_median,dummy_median,tanimoto_ge_0_80,147,2,0.013605442176870748,145,0.40765300052658804,1.1449760995886673,0.39748302674642144,-0.010169973780166597
expansion_mppb,ExpansionRx,split2,classical,dummy_median,dummy_median,tanimoto_ge_0_90,147,1,0.006802721088435374,146,0.40765300052658804,0.6688172718891451,0.40586420414739244,-0.0017887963791956007
expansion_mppb,ExpansionRx,split2,classical,dummy_median,dummy_median,tanimoto_ge_0_95,147,0,0.0,147,0.40765300052658804,,0.40765300052658804,0.0
expansion_mppb,ExpansionRx,split2,classical,ecfp4_lgbm,ecfp4_lgbm,standardized_exact,147,0,0.0,147,0.27899138682569524,,0.27899138682569524,0.0
expansion_mppb,ExpansionRx,split2,classical,ecfp4_lgbm,ecfp4_lgbm,connectivity_inchikey,147,0,0.0,147,0.27899138682569524,,0.27899138682569524,0.0
expansion_mppb,ExpansionRx,split2,classical,ecfp4_lgbm,ecfp4_lgbm,tanimoto_ge_0_70,147,2,0.013605442176870748,145,0.27899138682569524,0.614479337424475,0.2743639668174363,-0.004627420008258942
expansion_mppb,ExpansionRx,split2,classical,ecfp4_lgbm,ecfp4_lgbm,tanimoto_ge_0_80,147,2,0.013605442176870748,145,0.27899138682569524,0.614479337424475,0.2743639668174363,-0.004627420008258942
expansion_mppb,ExpansionRx,split2,classical,ecfp4_lgbm,ecfp4_lgbm,tanimoto_ge_0_90,147,1,0.006802721088435374,146,0.27899138682569524,0.4243254700480118,0.277995947899515,-0.0009954389261802588
expansion_mppb,ExpansionRx,split2,classical,ecfp4_lgbm,ecfp4_lgbm,tanimoto_ge_0_95,147,0,0.0,147,0.27899138682569524,,0.27899138682569524,0.0
expansion_mppb,ExpansionRx,split2,classical,ecfp4_rf,ecfp4_rf,standardized_exact,147,0,0.0,147,0.315899971023099,,0.315899971023099,0.0
expansion_mppb,ExpansionRx,split2,classical,ecfp4_rf,ecfp4_rf,connectivity_inchikey,147,0,0.0,147,0.315899971023099,,0.315899971023099,0.0
expansion_mppb,ExpansionRx,split2,classical,ecfp4_rf,ecfp4_rf,tanimoto_ge_0_70,147,2,0.013605442176870748,145,0.315899971023099,0.9799026711214018,0.3067413130907086,-0.009158657932390402
expansion_mppb,ExpansionRx,split2,classical,ecfp4_rf,ecfp4_rf,tanimoto_ge_0_80,147,2,0.013605442176870748,145,0.315899971023099,0.9799026711214018,0.3067413130907086,-0.009158657932390402
expansion_mppb,ExpansionRx,split2,classical,ecfp4_rf,ecfp4_rf,tanimoto_ge_0_90,147,1,0.006802721088435374,146,0.315899971023099,0.519973193899197,0.31450220922257777,-0.0013977618005212578
expansion_mppb,ExpansionRx,split2,classical,ecfp4_rf,ecfp4_rf,tanimoto_ge_0_95,147,0,0.0,147,0.315899971023099,,0.315899971023099,0.0
expansion_mppb,ExpansionRx,split2,classical,rdkit_desc_lgbm,rdkit_desc_lgbm,standardized_exact,147,0,0.0,147,0.2908556642511538,,0.2908556642511538,0.0
expansion_mppb,ExpansionRx,split2,classical,rdkit_desc_lgbm,rdkit_desc_lgbm,connectivity_inchikey,147,0,0.0,147,0.2908556642511538,,0.2908556642511538,0.0
expansion_mppb,ExpansionRx,split2,classical,rdkit_desc_lgbm,rdkit_desc_lgbm,tanimoto_ge_0_70,147,2,0.013605442176870748,145,0.2908556642511538,0.5107305176959747,0.28782290765191487,-0.003032756599238906
expansion_mppb,ExpansionRx,split2,classical,rdkit_desc_lgbm,rdkit_desc_lgbm,tanimoto_ge_0_80,147,2,0.013605442176870748,145,0.2908556642511538,0.5107305176959747,0.28782290765191487,-0.003032756599238906
expansion_mppb,ExpansionRx,split2,classical,rdkit_desc_lgbm,rdkit_desc_lgbm,tanimoto_ge_0_90,147,1,0.006802721088435374,146,0.2908556642511538,0.16622072613805383,0.29170932821083245,0.0008536639596786744
expansion_mppb,ExpansionRx,split2,classical,rdkit_desc_lgbm,rdkit_desc_lgbm,tanimoto_ge_0_95,147,0,0.0,147,0.2908556642511538,,0.2908556642511538,0.0
expansion_mppb,ExpansionRx,split2,classical,rdkit_desc_rf,rdkit_desc_rf,standardized_exact,147,0,0.0,147,0.30332125617062367,,0.30332125617062367,0.0
expansion_mppb,ExpansionRx,split2,classical,rdkit_desc_rf,rdkit_desc_rf,connectivity_inchikey,147,0,0.0,147,0.30332125617062367,,0.30332125617062367,0.0
expansion_mppb,ExpansionRx,split2,classical,rdkit_desc_rf,rdkit_desc_rf,tanimoto_ge_0_70,147,2,0.013605442176870748,145,0.30332125617062367,0.5005085740731747,0.30060143109610576,-0.002719825074517901
expansion_mppb,ExpansionRx,split2,classical,rdkit_desc_rf,rdkit_desc_rf,tanimoto_ge_0_80,147,2,0.013605442176870748,145,0.30332125617062367,0.5005085740731747,0.30060143109610576,-0.002719825074517901
expansion_mppb,ExpansionRx,split2,classical,rdkit_desc_rf,rdkit_desc_rf,tanimoto_ge_0_90,147,1,0.006802721088435374,146,0.30332125617062367,0.3222470596219634,0.3031916273798611,-0.0001296287907625593
expansion_mppb,ExpansionRx,split2,classical,rdkit_desc_rf,rdkit_desc_rf,tanimoto_ge_0_95,147,0,0.0,147,0.30332125617062367,,0.30332125617062367,0.0
expansion_mppb,ExpansionRx,split3,classical,dummy_median,dummy_median,standardized_exact,146,0,0.0,146,0.45043289815215054,,0.45043289815215054,0.0
expansion_mppb,ExpansionRx,split3,classical,dummy_median,dummy_median,connectivity_inchikey,146,0,0.0,146,0.45043289815215054,,0.45043289815215054,0.0
expansion_mppb,ExpansionRx,split3,classical,dummy_median,dummy_median,tanimoto_ge_0_70,146,1,0.00684931506849315,145,0.45043289815215054,1.9779950959094226,0.4398979864434797,-0.010534911708670824
expansion_mppb,ExpansionRx,split3,classical,dummy_median,dummy_median,tanimoto_ge_0_80,146,0,0.0,146,0.45043289815215054,,0.45043289815215054,0.0
expansion_mppb,ExpansionRx,split3,classical,dummy_median,dummy_median,tanimoto_ge_0_90,146,0,0.0,146,0.45043289815215054,,0.45043289815215054,0.0
expansion_mppb,ExpansionRx,split3,classical,dummy_median,dummy_median,tanimoto_ge_0_95,146,0,0.0,146,0.45043289815215054,,0.45043289815215054,0.0
expansion_mppb,ExpansionRx,split3,classical,ecfp4_lgbm,ecfp4_lgbm,standardized_exact,146,0,0.0,146,0.2914572268155613,,0.2914572268155613,0.0
expansion_mppb,ExpansionRx,split3,classical,ecfp4_lgbm,ecfp4_lgbm,connectivity_inchikey,146,0,0.0,146,0.2914572268155613,,0.2914572268155613,0.0
expansion_mppb,ExpansionRx,split3,classical,ecfp4_lgbm,ecfp4_lgbm,tanimoto_ge_0_70,146,1,0.00684931506849315,145,0.2914572268155613,0.9493721016541286,0.2869198828511573,-0.004537343964403973
expansion_mppb,ExpansionRx,split3,classical,ecfp4_lgbm,ecfp4_lgbm,tanimoto_ge_0_80,146,0,0.0,146,0.2914572268155613,,0.2914572268155613,0.0
expansion_mppb,ExpansionRx,split3,classical,ecfp4_lgbm,ecfp4_lgbm,tanimoto_ge_0_90,146,0,0.0,146,0.2914572268155613,,0.2914572268155613,0.0
expansion_mppb,ExpansionRx,split3,classical,ecfp4_lgbm,ecfp4_lgbm,tanimoto_ge_0_95,146,0,0.0,146,0.2914572268155613,,0.2914572268155613,0.0
expansion_mppb,ExpansionRx,split3,classical,ecfp4_rf,ecfp4_rf,standardized_exact,146,0,0.0,146,0.3358138903931857,,0.3358138903931857,0.0
expansion_mppb,ExpansionRx,split3,classical,ecfp4_rf,ecfp4_rf,connectivity_inchikey,146,0,0.0,146,0.3358138903931857,,0.3358138903931857,0.0
expansion_mppb,ExpansionRx,split3,classical,ecfp4_rf,ecfp4_rf,tanimoto_ge_0_70,146,1,0.00684931506849315,145,0.3358138903931857,1.3437130485285331,0.3288628617163903,-0.006951028676795423
expansion_mppb,ExpansionRx,split3,classical,ecfp4_rf,ecfp4_rf,tanimoto_ge_0_80,146,0,0.0,146,0.3358138903931857,,0.3358138903931857,0.0
expansion_mppb,ExpansionRx,split3,classical,ecfp4_rf,ecfp4_rf,tanimoto_ge_0_90,146,0,0.0,146,0.3358138903931857,,0.3358138903931857,0.0
expansion_mppb,ExpansionRx,split3,classical,ecfp4_rf,ecfp4_rf,tanimoto_ge_0_95,146,0,0.0,146,0.3358138903931857,,0.3358138903931857,0.0
expansion_mppb,ExpansionRx,split3,classical,rdkit_desc_lgbm,rdkit_desc_lgbm,standardized_exact,146,0,0.0,146,0.29327330354241143,,0.29327330354241143,0.0
expansion_mppb,ExpansionRx,split3,classical,rdkit_desc_lgbm,rdkit_desc_lgbm,connectivity_inchikey,146,0,0.0,146,0.29327330354241143,,0.29327330354241143,0.0
expansion_mppb,ExpansionRx,split3,classical,rdkit_desc_lgbm,rdkit_desc_lgbm,tanimoto_ge_0_70,146,1,0.00684931506849315,145,0.29327330354241143,1.5771659471519,0.28441887151751843,-0.008854432024893
expansion_mppb,ExpansionRx,split3,classical,rdkit_desc_lgbm,rdkit_desc_lgbm,tanimoto_ge_0_80,146,0,0.0,146,0.29327330354241143,,0.29327330354241143,0.0
expansion_mppb,ExpansionRx,split3,classical,rdkit_desc_lgbm,rdkit_desc_lgbm,tanimoto_ge_0_90,146,0,0.0,146,0.29327330354241143,,0.29327330354241143,0.0
expansion_mppb,ExpansionRx,split3,classical,rdkit_desc_lgbm,rdkit_desc_lgbm,tanimoto_ge_0_95,146,0,0.0,146,0.29327330354241143,,0.29327330354241143,0.0
expansion_mppb,ExpansionRx,split3,classical,rdkit_desc_rf,rdkit_desc_rf,standardized_exact,146,0,0.0,146,0.29380263672352325,,0.29380263672352325,0.0
expansion_mppb,ExpansionRx,split3,classical,rdkit_desc_rf,rdkit_desc_rf,connectivity_inchikey,146,0,0.0,146,0.29380263672352325,,0.29380263672352325,0.0
expansion_mppb,ExpansionRx,split3,classical,rdkit_desc_rf,rdkit_desc_rf,tanimoto_ge_0_70,146,1,0.00684931506849315,145,0.29380263672352325,1.3937339519881264,0.2862169035148018,-0.007585733208721468
expansion_mppb,ExpansionRx,split3,classical,rdkit_desc_rf,rdkit_desc_rf,tanimoto_ge_0_80,146,0,0.0,146,0.29380263672352325,,0.29380263672352325,0.0
expansion_mppb,ExpansionRx,split3,classical,rdkit_desc_rf,rdkit_desc_rf,tanimoto_ge_0_90,146,0,0.0,146,0.29380263672352325,,0.29380263672352325,0.0
expansion_mppb,ExpansionRx,split3,classical,rdkit_desc_rf,rdkit_desc_rf,tanimoto_ge_0_95,146,0,0.0,146,0.29380263672352325,,0.29380263672352325,0.0
pxr,PXR,split1,classical,dummy_median,dummy_median,standardized_exact,237,25,0.10548523206751055,212,0.9533122362869199,1.5130000000000001,0.8873113207547171,-0.06600091553220278
pxr,PXR,split1,classical,dummy_median,dummy_median,connectivity_inchikey,237,26,0.10970464135021098,211,0.9533122362869199,1.5075000000000003,0.8850236966824644,-0.06828853960445547
pxr,PXR,split1,classical,dummy_median,dummy_median,tanimoto_ge_0_70,237,34,0.14345991561181434,203,0.9533122362869199,1.5604411764705883,0.8516256157635468,-0.10168662052337307
pxr,PXR,split1,classical,dummy_median,dummy_median,tanimoto_ge_0_80,237,29,0.12236286919831224,208,0.9533122362869199,1.5546551724137934,0.8694711538461538,-0.08384108244076605
pxr,PXR,split1,classical,dummy_median,dummy_median,tanimoto_ge_0_90,237,28,0.11814345991561181,209,0.9533122362869199,1.5083928571428575,0.8789473684210526,-0.07436486786586727
pxr,PXR,split1,classical,dummy_median,dummy_median,tanimoto_ge_0_95,237,27,0.11392405063291139,210,0.9533122362869199,1.472777777777778,0.8865238095238096,-0.06678842676311025
pxr,PXR,split1,classical,ecfp4_lgbm,ecfp4_lgbm,standardized_exact,237,25,0.10548523206751055,212,0.5839649532695836,0.748796148280425,0.564527312348494,-0.019437640921089683
pxr,PXR,split1,classical,ecfp4_lgbm,ecfp4_lgbm,connectivity_inchikey,237,26,0.10970464135021098,211,0.5839649532695836,0.7710402683214628,0.5609130187134279,-0.02305193455615573
pxr,PXR,split1,classical,ecfp4_lgbm,ecfp4_lgbm,tanimoto_ge_0_70,237,34,0.14345991561181434,203,0.5839649532695836,0.7643804538191152,0.5537475787933074,-0.03021737447627626
pxr,PXR,split1,classical,ecfp4_lgbm,ecfp4_lgbm,tanimoto_ge_0_80,237,29,0.12236286919831224,208,0.5839649532695836,0.7844384344437029,0.5560143236828073,-0.0279506295867763
pxr,PXR,split1,classical,ecfp4_lgbm,ecfp4_lgbm,tanimoto_ge_0_90,237,28,0.11814345991561181,209,0.5839649532695836,0.7468455857988612,0.5621436245096804,-0.02182132875990328
pxr,PXR,split1,classical,ecfp4_lgbm,ecfp4_lgbm,tanimoto_ge_0_95,237,27,0.11392405063291139,210,0.5839649532695836,0.7521760484714114,0.56233781245792,-0.021627140811663614
pxr,PXR,split1,classical,ecfp4_rf,ecfp4_rf,standardized_exact,237,25,0.10548523206751055,212,0.6554646430495944,0.7662906489959828,0.6423955385747847,-0.01306910447480969
pxr,PXR,split1,classical,ecfp4_rf,ecfp4_rf,connectivity_inchikey,237,26,0.10970464135021098,211,0.6554646430495944,0.7674237009576756,0.6416687401794043,-0.013795902870190058
pxr,PXR,split1,classical,ecfp4_rf,ecfp4_rf,tanimoto_ge_0_70,237,34,0.14345991561181434,203,0.6554646430495944,0.7802893175390626,0.6345580473222944,-0.020906595727300026
pxr,PXR,split1,classical,ecfp4_rf,ecfp4_rf,tanimoto_ge_0_80,237,29,0.12236286919831224,208,0.6554646430495944,0.7825543722871768,0.6377454019539701,-0.017719241095624283
pxr,PXR,split1,classical,ecfp4_rf,ecfp4_rf,tanimoto_ge_0_90,237,28,0.11814345991561181,209,0.6554646430495944,0.7398520284402906,0.6441591560116064,-0.011305487037987949
pxr,PXR,split1,classical,ecfp4_rf,ecfp4_rf,tanimoto_ge_0_95,237,27,0.11392405063291139,210,0.6554646430495944,0.7559065268481321,0.6425506865612111,-0.012913956488383338
pxr,PXR,split1,classical,rdkit_desc_lgbm,rdkit_desc_lgbm,standardized_exact,237,25,0.10548523206751055,212,0.5927922153368779,0.7893478455810723,0.5696134853552512,-0.023178729981626622
pxr,PXR,split1,classical,rdkit_desc_lgbm,rdkit_desc_lgbm,connectivity_inchikey,237,26,0.10970464135021098,211,0.5927922153368779,0.8003787159151803,0.5672128361186984,-0.025579379218179432
pxr,PXR,split1,classical,rdkit_desc_lgbm,rdkit_desc_lgbm,tanimoto_ge_0_70,237,34,0.14345991561181434,203,0.5927922153368779,0.808289440841081,0.5566990839716418,-0.036093131365236064
pxr,PXR,split1,classical,rdkit_desc_lgbm,rdkit_desc_lgbm,tanimoto_ge_0_80,237,29,0.12236286919831224,208,0.5927922153368779,0.8263131301635652,0.5602340108658495,-0.03255820447102842
pxr,PXR,split1,classical,rdkit_desc_lgbm,rdkit_desc_lgbm,tanimoto_ge_0_90,237,28,0.11814345991561181,209,0.5927922153368779,0.7674769304238659,0.5693894783874249,-0.02340273694945294
pxr,PXR,split1,classical,rdkit_desc_lgbm,rdkit_desc_lgbm,tanimoto_ge_0_95,237,27,0.11392405063291139,210,0.5927922153368779,0.788600372617894,0.5676168808293187,-0.025175334507559155
pxr,PXR,split1,classical,rdkit_desc_rf,rdkit_desc_rf,standardized_exact,237,25,0.10548523206751055,212,0.6166148052682318,0.8114083458545873,0.5936438688783313,-0.022970936389900443
pxr,PXR,split1,classical,rdkit_desc_rf,rdkit_desc_rf,connectivity_inchikey,237,26,0.10970464135021098,211,0.6166148052682318,0.816242209841865,0.5920161677378314,-0.02459863753040037
pxr,PXR,split1,classical,rdkit_desc_rf,rdkit_desc_rf,tanimoto_ge_0_70,237,34,0.14345991561181434,203,0.6166148052682318,0.8023226022175027,0.585511036321063,-0.03110376894716871
pxr,PXR,split1,classical,rdkit_desc_rf,rdkit_desc_rf,tanimoto_ge_0_80,237,29,0.12236286919831224,208,0.6166148052682318,0.8462655814132782,0.5845961874403165,-0.03201861782791526
pxr,PXR,split1,classical,rdkit_desc_rf,rdkit_desc_rf,tanimoto_ge_0_90,237,28,0.11814345991561181,209,0.6166148052682318,0.7829933433911903,0.5943248575771176,-0.022289947691114143
pxr,PXR,split1,classical,rdkit_desc_rf,rdkit_desc_rf,tanimoto_ge_0_95,237,27,0.11392405063291139,210,0.6166148052682318,0.8083329018177893,0.5919653357118599,-0.024649469556371817
pxr,PXR,split2,classical,dummy_median,dummy_median,standardized_exact,225,17,0.07555555555555556,208,0.8187333333333333,1.1735294117647057,0.7897355769230769,-0.02899775641025637
pxr,PXR,split2,classical,dummy_median,dummy_median,connectivity_inchikey,225,17,0.07555555555555556,208,0.8187333333333333,1.1735294117647057,0.7897355769230769,-0.02899775641025637
pxr,PXR,split2,classical,dummy_median,dummy_median,tanimoto_ge_0_70,225,23,0.10222222222222223,202,0.8187333333333333,1.1173913043478259,0.7847277227722773,-0.034005610561056
pxr,PXR,split2,classical,dummy_median,dummy_median,tanimoto_ge_0_80,225,17,0.07555555555555556,208,0.8187333333333333,1.1735294117647057,0.7897355769230769,-0.02899775641025637
pxr,PXR,split2,classical,dummy_median,dummy_median,tanimoto_ge_0_90,225,17,0.07555555555555556,208,0.8187333333333333,1.1735294117647057,0.7897355769230769,-0.02899775641025637
pxr,PXR,split2,classical,dummy_median,dummy_median,tanimoto_ge_0_95,225,17,0.07555555555555556,208,0.8187333333333333,1.1735294117647057,0.7897355769230769,-0.02899775641025637
pxr,PXR,split2,classical,ecfp4_lgbm,ecfp4_lgbm,standardized_exact,225,17,0.07555555555555556,208,0.5311993768501994,0.7039209507022623,0.5170827097565212,-0.014116667093678203
pxr,PXR,split2,classical,ecfp4_lgbm,ecfp4_lgbm,connectivity_inchikey,225,17,0.07555555555555556,208,0.5311993768501994,0.7039209507022623,0.5170827097565212,-0.014116667093678203
pxr,PXR,split2,classical,ecfp4_lgbm,ecfp4_lgbm,tanimoto_ge_0_70,225,23,0.10222222222222223,202,0.5311993768501994,0.6615743353097846,0.5163547033622268,-0.014844673487972582
pxr,PXR,split2,classical,ecfp4_lgbm,ecfp4_lgbm,tanimoto_ge_0_80,225,17,0.07555555555555556,208,0.5311993768501994,0.7039209507022623,0.5170827097565212,-0.014116667093678203
pxr,PXR,split2,classical,ecfp4_lgbm,ecfp4_lgbm,tanimoto_ge_0_90,225,17,0.07555555555555556,208,0.5311993768501994,0.7039209507022623,0.5170827097565212,-0.014116667093678203
pxr,PXR,split2,classical,ecfp4_lgbm,ecfp4_lgbm,tanimoto_ge_0_95,225,17,0.07555555555555556,208,0.5311993768501994,0.7039209507022623,0.5170827097565212,-0.014116667093678203
pxr,PXR,split2,classical,ecfp4_rf,ecfp4_rf,standardized_exact,225,17,0.07555555555555556,208,0.6305344830697027,0.9256643185715587,0.6064132945911858,-0.024121188478516964
pxr,PXR,split2,classical,ecfp4_rf,ecfp4_rf,connectivity_inchikey,225,17,0.07555555555555556,208,0.6305344830697027,0.9256643185715587,0.6064132945911858,-0.024121188478516964
pxr,PXR,split2,classical,ecfp4_rf,ecfp4_rf,tanimoto_ge_0_70,225,23,0.10222222222222223,202,0.6305344830697027,0.8585723672968532,0.6045697734794827,-0.025964709590220014
pxr,PXR,split2,classical,ecfp4_rf,ecfp4_rf,tanimoto_ge_0_80,225,17,0.07555555555555556,208,0.6305344830697027,0.9256643185715587,0.6064132945911858,-0.024121188478516964
pxr,PXR,split2,classical,ecfp4_rf,ecfp4_rf,tanimoto_ge_0_90,225,17,0.07555555555555556,208,0.6305344830697027,0.9256643185715587,0.6064132945911858,-0.024121188478516964
pxr,PXR,split2,classical,ecfp4_rf,ecfp4_rf,tanimoto_ge_0_95,225,17,0.07555555555555556,208,0.6305344830697027,0.9256643185715587,0.6064132945911858,-0.024121188478516964
pxr,PXR,split2,classical,rdkit_desc_lgbm,rdkit_desc_lgbm,standardized_exact,225,17,0.07555555555555556,208,0.4833716706550294,0.7054143595274056,0.46522395089142177,-0.018147719763607628
pxr,PXR,split2,classical,rdkit_desc_lgbm,rdkit_desc_lgbm,connectivity_inchikey,225,17,0.07555555555555556,208,0.4833716706550294,0.7054143595274056,0.46522395089142177,-0.018147719763607628
pxr,PXR,split2,classical,rdkit_desc_lgbm,rdkit_desc_lgbm,tanimoto_ge_0_70,225,23,0.10222222222222223,202,0.4833716706550294,0.6177494400445385,0.46807123156612496,-0.015300439088904438
pxr,PXR,split2,classical,rdkit_desc_lgbm,rdkit_desc_lgbm,tanimoto_ge_0_80,225,17,0.07555555555555556,208,0.4833716706550294,0.7054143595274056,0.46522395089142177,-0.018147719763607628
pxr,PXR,split2,classical,rdkit_desc_lgbm,rdkit_desc_lgbm,tanimoto_ge_0_90,225,17,0.07555555555555556,208,0.4833716706550294,0.7054143595274056,0.46522395089142177,-0.018147719763607628
pxr,PXR,split2,classical,rdkit_desc_lgbm,rdkit_desc_lgbm,tanimoto_ge_0_95,225,17,0.07555555555555556,208,0.4833716706550294,0.7054143595274056,0.46522395089142177,-0.018147719763607628
pxr,PXR,split2,classical,rdkit_desc_rf,rdkit_desc_rf,standardized_exact,225,17,0.07555555555555556,208,0.5148737512967219,0.6657826596464016,0.5025398501335269,-0.012333901163194994
pxr,PXR,split2,classical,rdkit_desc_rf,rdkit_desc_rf,connectivity_inchikey,225,17,0.07555555555555556,208,0.5148737512967219,0.6657826596464016,0.5025398501335269,-0.012333901163194994
pxr,PXR,split2,classical,rdkit_desc_rf,rdkit_desc_rf,tanimoto_ge_0_70,225,23,0.10222222222222223,202,0.5148737512967219,0.5877696501690356,0.5065737232073,-0.008300028089421874
pxr,PXR,split2,classical,rdkit_desc_rf,rdkit_desc_rf,tanimoto_ge_0_80,225,17,0.07555555555555556,208,0.5148737512967219,0.6657826596464016,0.5025398501335269,-0.012333901163194994
pxr,PXR,split2,classical,rdkit_desc_rf,rdkit_desc_rf,tanimoto_ge_0_90,225,17,0.07555555555555556,208,0.5148737512967219,0.6657826596464016,0.5025398501335269,-0.012333901163194994
pxr,PXR,split2,classical,rdkit_desc_rf,rdkit_desc_rf,tanimoto_ge_0_95,225,17,0.07555555555555556,208,0.5148737512967219,0.6657826596464016,0.5025398501335269,-0.012333901163194994
pxr,PXR,split3,classical,dummy_median,dummy_median,standardized_exact,228,23,0.10087719298245613,205,0.8207456140350877,1.339130434782609,0.7625853658536584,-0.058160248181429286
pxr,PXR,split3,classical,dummy_median,dummy_median,connectivity_inchikey,228,27,0.11842105263157894,201,0.8207456140350877,1.4059259259259258,0.742139303482587,-0.07860631055250067
pxr,PXR,split3,classical,dummy_median,dummy_median,tanimoto_ge_0_70,228,37,0.16228070175438597,191,0.8207456140350877,1.5362162162162163,0.6821465968586387,-0.13859901717644907
pxr,PXR,split3,classical,dummy_median,dummy_median,tanimoto_ge_0_80,228,28,0.12280701754385964,200,0.8207456140350877,1.5571428571428574,0.7176499999999999,-0.10309561403508782
pxr,PXR,split3,classical,dummy_median,dummy_median,tanimoto_ge_0_90,228,27,0.11842105263157894,201,0.8207456140350877,1.5122222222222221,0.7278606965174128,-0.09288491751767491
pxr,PXR,split3,classical,dummy_median,dummy_median,tanimoto_ge_0_95,228,26,0.11403508771929824,202,0.8207456140350877,1.4657692307692314,0.7377227722772276,-0.08302284175786012
pxr,PXR,split3,classical,ecfp4_lgbm,ecfp4_lgbm,standardized_exact,228,23,0.10087719298245613,205,0.5283867130117883,0.5087535391887745,0.5305894593431509,0.002202746331362637
pxr,PXR,split3,classical,ecfp4_lgbm,ecfp4_lgbm,connectivity_inchikey,228,27,0.11842105263157894,201,0.5283867130117883,0.5215894517774298,0.529299777953717,0.0009130649419286652
pxr,PXR,split3,classical,ecfp4_lgbm,ecfp4_lgbm,tanimoto_ge_0_70,228,37,0.16228070175438597,191,0.5283867130117883,0.5693223663294923,0.5204567696989347,-0.007929943312853571
pxr,PXR,split3,classical,ecfp4_lgbm,ecfp4_lgbm,tanimoto_ge_0_80,228,28,0.12280701754385964,200,0.5283867130117883,0.570143967654194,0.5225406973618515,-0.005846015649936809
pxr,PXR,split3,classical,ecfp4_lgbm,ecfp4_lgbm,tanimoto_ge_0_90,228,27,0.11842105263157894,201,0.5283867130117883,0.5168418110457415,0.5299375207385707,0.0015508077267823994
pxr,PXR,split3,classical,ecfp4_lgbm,ecfp4_lgbm,tanimoto_ge_0_95,228,26,0.11403508771929824,202,0.5283867130117883,0.5234194393265947,0.5290260650702785,0.0006393520584901946
pxr,PXR,split3,classical,ecfp4_rf,ecfp4_rf,standardized_exact,228,23,0.10087719298245613,205,0.5789901897519081,0.5880208795049752,0.577976990413759,-0.001013199338149029
pxr,PXR,split3,classical,ecfp4_rf,ecfp4_rf,connectivity_inchikey,228,27,0.11842105263157894,201,0.5789901897519081,0.60283988379866,0.5757864995068219,-0.003203690245086155
pxr,PXR,split3,classical,ecfp4_rf,ecfp4_rf,tanimoto_ge_0_70,228,37,0.16228070175438597,191,0.5789901897519081,0.6601256175463801,0.563272855571827,-0.015717334180081033
pxr,PXR,split3,classical,ecfp4_rf,ecfp4_rf,tanimoto_ge_0_80,228,28,0.12280701754385964,200,0.5789901897519081,0.6692225857390126,0.5663576543137133,-0.012632535438194759
pxr,PXR,split3,classical,ecfp4_rf,ecfp4_rf,tanimoto_ge_0_90,228,27,0.11842105263157894,201,0.5789901897519081,0.616073810842809,0.5740088078143243,-0.004981381937583795
pxr,PXR,split3,classical,ecfp4_rf,ecfp4_rf,tanimoto_ge_0_95,228,26,0.11403508771929824,202,0.5789901897519081,0.6226193449428238,0.5733745559154535,-0.005615633836454581
pxr,PXR,split3,classical,rdkit_desc_lgbm,rdkit_desc_lgbm,standardized_exact,228,23,0.10087719298245613,205,0.4691015040758234,0.5274473408077863,0.46255538580833483,-0.0065461182674885765
pxr,PXR,split3,classical,rdkit_desc_lgbm,rdkit_desc_lgbm,connectivity_inchikey,228,27,0.11842105263157894,201,0.4691015040758234,0.55463391973001,0.4576120751073505,-0.011489428968472881
pxr,PXR,split3,classical,rdkit_desc_lgbm,rdkit_desc_lgbm,tanimoto_ge_0_70,228,37,0.16228070175438597,191,0.4691015040758234,0.5631677288156274,0.4508792511157567,-0.018222252960066687
pxr,PXR,split3,classical,rdkit_desc_lgbm,rdkit_desc_lgbm,tanimoto_ge_0_80,228,28,0.12280701754385964,200,0.4691015040758234,0.5850662444182246,0.4528664404278872,-0.0162350636479362
pxr,PXR,split3,classical,rdkit_desc_lgbm,rdkit_desc_lgbm,tanimoto_ge_0_90,228,27,0.11842105263157894,201,0.4691015040758234,0.5696949350246047,0.4555889536498677,-0.013512550425955727
pxr,PXR,split3,classical,rdkit_desc_lgbm,rdkit_desc_lgbm,tanimoto_ge_0_95,228,26,0.11403508771929824,202,0.4691015040758234,0.5844372840422144,0.4542563046742087,-0.014845199401614717
pxr,PXR,split3,classical,rdkit_desc_rf,rdkit_desc_rf,standardized_exact,228,23,0.10087719298245613,205,0.48835474357077446,0.49004022210581366,0.4881656411009896,-0.00018910246978487422
pxr,PXR,split3,classical,rdkit_desc_rf,rdkit_desc_rf,connectivity_inchikey,228,27,0.11842105263157894,201,0.48835474357077446,0.5250838929049527,0.48342097724230276,-0.0049337663284717
pxr,PXR,split3,classical,rdkit_desc_rf,rdkit_desc_rf,tanimoto_ge_0_70,228,37,0.16228070175438597,191,0.48835474357077446,0.5350209488765872,0.47931469332828724,-0.009040050242487219
pxr,PXR,split3,classical,rdkit_desc_rf,rdkit_desc_rf,tanimoto_ge_0_80,228,28,0.12280701754385964,200,0.48835474357077446,0.5593098253012035,0.4784210321285144,-0.009933711442260074
pxr,PXR,split3,classical,rdkit_desc_rf,rdkit_desc_rf,tanimoto_ge_0_90,228,27,0.11842105263157894,201,0.48835474357077446,0.549435004016063,0.4801499324661835,-0.008204811104590981
pxr,PXR,split3,classical,rdkit_desc_rf,rdkit_desc_rf,tanimoto_ge_0_95,228,26,0.11403508771929824,202,0.48835474357077446,0.5467536580166809,0.48083805161239046,-0.007516691958384003
